CryoSleep,Age,Transported,Cabin_Num,Cabin_Side,GroupSize,IsAlone,HasSpent,IsChild,HomePlanet_Europa,HomePlanet_Mars,Destination_PSO J318.5-22,Destination_TRAPPIST-1e,Cabin_Deck_B,Cabin_Deck_C,Cabin_Deck_D,Cabin_Deck_E,Cabin_Deck_F,Cabin_Deck_G,RoomService_log,FoodCourt_log,ShoppingMall_log,Spa_log,VRDeck_log,TotalSpent_log
0,39.0,0,0.0,0,1,1,0,0,1,0,0,1,1,0,0,0,0,0,0.0,0.0,0.0,0.0,0.0,0.0
0,24.0,1,0.0,1,1,1,1,0,0,0,0,1,0,0,0,0,1,0,4.700480365792417,2.302585092994046,3.258096538021482,6.309918278226516,3.8066624897703196,6.602587892189336
0,58.0,0,0.0,1,2,0,1,0,1,0,0,1,0,0,0,0,0,0,3.784189633918261,8.182279739259018,0.0,8.812248018197431,3.912023005428146,9.248021438943871
0,33.0,0,0.0,1,2,0,1,0,1,0,0,1,0,0,0,0,0,0,0.0,7.157735484249907,5.918893854273146,8.110727582974489,5.267858159063328,8.551981016901902
0,16.0,1,1.0,1,1,1,1,0,0,0,0,1,0,0,0,0,1,0,5.717027701406222,4.2626798770413155,5.0238805208462765,6.338594078203183,1.0986122886681096,6.9957661563048505
0,44.0,1,0.0,0,1,1,1,0,0,0,1,0,0,0,0,0,1,0,0.0,6.182084906716632,0.0,5.676753802268282,0.0,6.652863029353347
0,26.0,1,2.0,1,2,0,1,0,0,0,0,1,0,0,0,0,1,0,3.7612001156935624,7.3395376954076745,1.3862943611198906,0.0,0.0,7.368339686311381
1,28.0,1,0.0,1,2,0,0,0,0,0,0,1,0,0,0,0,0,1,0.0,0.0,0.0,0.0,0.0,0.0
0,35.0,1,3.0,1,1,1,1,0,0,0,0,1,0,0,0,0,1,0,0.0,6.666956792429207,2.8903717578961645,5.37989735354046,0.0,6.926577033222725
1,14.0,1,1.0,0,3,0,0,1,1,0,0,0,1,0,0,0,0,0,0.0,0.0,0.0,0.0,0.0,0.0
1,34.0,1,1.0,0,3,0,0,0,1,0,0,1,1,0,0,0,0,0,0.0,0.0,0.0,0.0,0.0,0.0
0,45.0,1,1.0,0,3,0,1,0,1,0,0,0,1,0,0,0,0,0,3.6888794541139363,8.895081531754167,6.380122536899765,4.709530201312334,4.8283137373023015,9.006754319877503
0,32.0,1,1.0,0,1,1,1,0,0,1,0,1,0,0,0,0,1,0,4.304065093204169,0.0,7.024649030453636,0.0,4.736198448394496,7.177782416195197
0,48.0,0,1.0,1,1,1,1,0,0,0,0,1,0,0,0,0,0,1,6.579251212010101,0.6931471805599453,4.189654742026425,0.0,3.2188758248682006,6.697034247666484
0,28.0,1,2.0,0,1,1,1,0,0,0,0,1,0,0,0,0,1,0,2.1972245773362196,6.882437470997847,2.5649493574615367,1.0986122886681096,2.0794415416798357,6.911747300251674
0,31.0,0,933.5,1,1,1,1,0,0,0,0,1,0,0,0,0,1,0,3.4965075614664802,0.0,6.776506992372183,0.0,0.0,6.812345094177479
0,27.0,0,3.0,0,1,1,1,0,0,1,0,0,0,0,0,0,1,0,7.160069207596127,4.812184355372417,0.0,0.0,0.0,7.25063551189868
0,24.0,0,4.0,0,1,1,1,0,0,0,0,0,0,0,0,0,1,0,0.0,0.6931471805599453,0.0,0.0,6.45833828334479,6.459904454377535
1,45.0,1,5.0,0,1,1,0,0,0,1,0,1,0,0,0,0,1,0,0.0,0.0,0.0,0.0,0.0,0.0
0,0.0,1,0.0,0,2,0,0,1,0,0,0,1,0,0,0,0,0,1,0.0,0.0,0.0,0.0,0.0,0.0
0,14.0,0,6.0,0,2,0,1,1,0,0,0,0,0,0,0,0,1,0,6.023447592961033,0.0,0.6931471805599453,0.0,6.522092798170152,6.996681488176539
1,1.0,0,0.0,1,6,0,0,1,0,0,0,1,0,0,0,1,0,0,0.0,0.0,0.0,0.0,0.0,0.0
1,49.0,0,0.0,1,6,0,0,0,0,0,0,0,0,0,0,1,0,0,0.0,0.0,0.0,0.0,0.0,0.0
1,29.0,0,0.0,1,6,0,0,0,0,0,0,0,0,0,0,1,0,0,0.0,0.0,0.0,0.0,0.0,0.0
0,10.0,1,0.0,1,6,0,0,1,0,0,0,1,0,0,0,1,0,0,0.0,0.0,0.0,0.0,0.0,0.0
1,1.0,0,0.0,1,6,0,0,1,0,0,1,0,0,0,0,1,0,0,0.0,0.0,0.0,0.0,0.0,0.0
0,7.0,0,0.0,1,6,0,0,1,0,0,0,1,0,0,0,1,0,0,0.0,0.0,0.0,0.0,0.0,0.0
0,21.0,0,0.0,0,1,1,1,0,0,1,0,1,0,0,1,0,0,0,6.8885724595653635,1.0986122886681096,4.248495242049359,0.0,0.0,6.9584483932976555
1,62.0,1,2.0,1,1,1,0,0,1,0,0,1,0,1,0,0,0,0,0.0,0.0,0.0,0.0,0.0,0.0
0,15.0,0,6.0,1,1,1,1,0,0,0,0,1,0,0,0,0,1,0,0.0,5.420534999272286,0.0,6.906754778648554,0.0,7.1098794630722715
0,34.0,0,0.0,0,1,1,1,0,1,0,0,0,0,1,0,0,0,0,3.1354942159291497,8.711772645605695,0.0,7.271703706887368,5.796057750765372,8.969796305981806
0,43.0,0,8.0,0,1,1,1,0,0,1,0,1,0,0,0,0,1,0,7.026426808699636,0.0,4.919980925828125,3.8918202981106265,0.0,7.177782416195197
0,32.0,0,4.0,1,1,1,1,0,0,0,0,1,0,0,0,0,0,1,0.0,6.7464121285733745,4.406719247264253,6.082218910376446,6.118097198041348,7.507690077819904
0,47.0,1,9.0,0,3,0,1,0,0,1,0,1,0,0,0,0,1,0,5.3706380281276624,0.0,7.252762418053187,0.0,7.114769448366463,7.956827122090111
0,2.0,1,9.0,0,3,0,0,1,0,1,0,1,0,0,0,0,1,0,0.0,0.0,0.0,0.0,0.0,0.0
0,20.0,1,9.0,0,3,0,1,0,0,1,0,1,0,0,0,0,1,0,0.0,0.0,7.467942332285852,6.898714534329988,0.0,7.916078096302786
1,28.0,1,1.0,1,1,1,0,0,1,0,0,0,0,0,1,0,0,0,0.0,0.0,0.0,0.0,0.0,0.0
0,23.0,0,1.0,0,1,1,1,0,0,1,0,0,0,0,1,0,0,0,6.665683717782408,6.872128101338986,0.0,6.858565034791365,0.0,7.90100705199242
0,15.0,0,8.0,1,1,1,1,0,0,0,0,0,0,0,0,0,1,0,0.0,6.20050917404269,3.8918202981106265,3.044522437723423,5.996452088619021,6.8690144506657065
0,20.0,0,10.0,1,1,1,1,0,0,0,0,0,0,0,0,0,1,0,6.318968113746434,5.278114659230518,0.0,7.865955413933502,0.0,8.118505067587098
1,30.0,0,1.0,0,1,1,0,0,0,0,0,0,0,0,0,0,0,1,0.0,0.0,0.0,0.0,0.0,0.0
1,17.0,1,2.0,0,1,1,0,0,0,0,0,1,0,0,0,0,0,1,0.0,0.0,0.0,0.0,0.0,0.0
0,45.0,0,3.0,0,1,1,1,0,1,0,0,1,1,0,0,0,0,0,0.0,5.10594547390058,3.828641396489095,7.828834527588089,6.752270376141742,8.182000136293405
1,55.0,0,3.0,0,3,0,0,0,0,0,0,1,0,0,0,0,0,1,0.0,0.0,0.0,0.0,0.0,0.0
1,4.0,1,3.0,0,3,0,0,1,0,0,0,0,0,0,0,0,0,1,0.0,0.0,0.0,0.0,0.0,0.0
1,21.0,1,3.0,0,3,0,0,0,0,0,1,0,0,0,0,0,0,1,0.0,0.0,0.0,0.0,0.0,0.0
0,21.0,0,10.0,0,2,0,1,0,0,1,0,1,0,0,0,0,1,0,6.878326468291325,0.0,5.198497031265826,0.0,4.174387269895637,7.102499355774649
1,19.0,1,10.0,0,2,0,0,0,0,1,0,1,0,0,0,0,1,0,0.0,0.0,0.0,0.0,0.0,0.0
0,35.0,0,1.0,1,1,1,1,0,0,0,0,0,0,0,0,1,0,0,6.673297967767654,0.0,0.0,0.0,0.0,6.673297967767654
0,56.0,0,2.0,1,1,1,1,0,0,0,0,1,0,0,0,1,0,0,0.0,4.727387818712341,0.0,7.22983877815125,4.852030263919617,7.389563953677635
0,27.0,0,6.0,1,1,1,1,0,0,0,0,1,0,0,0,0,0,1,1.6094379124341003,0.0,1.0986122886681096,8.451907724717607,0.0,8.453187861440325
0,25.0,1,11.0,1,1,1,1,0,0,0,0,1,0,0,0,0,1,0,0.0,0.0,7.569927655242652,0.0,0.6931471805599453,7.570443252057374
0,2.0,1,1.0,1,3,0,0,1,1,0,0,1,0,0,0,0,0,0,0.0,0.0,0.0,0.0,0.0,0.0
1,38.0,1,1.0,1,3,0,0,0,1,0,0,1,0,0,0,0,0,0,0.0,0.0,0.0,0.0,0.0,0.0
0,27.0,1,1.0,1,3,0,1,0,1,0,0,1,0,0,0,0,0,0,5.634789603169249,6.406879986069314,8.12415060330663,5.659482215759621,1.3862943611198906,8.422442854870427
1,36.0,0,7.0,1,1,1,0,0,0,0,1,0,0,0,0,0,0,1,0.0,0.0,0.0,0.0,0.0,0.0
0,22.0,0,12.0,1,1,1,1,0,0,0,0,1,0,0,0,0,1,0,3.828641396489095,7.00033446027523,5.003946305945459,7.228388451573604,0.6931471805599453,7.889084407035514
0,62.0,0,13.0,1,1,1,1,0,0,0,0,1,0,0,0,0,1,0,0.0,6.385194398997726,0.0,2.8903717578961645,3.258096538021482,6.453624998892692
1,15.0,1,14.0,1,2,0,0,0,0,1,0,1,0,0,0,0,1,0,0.0,0.0,0.0,0.0,0.0,0.0
1,33.0,1,3.0,1,2,0,0,0,0,1,0,1,0,0,0,1,0,0,0.0,0.0,0.0,0.0,0.0,0.0
0,62.0,0,6.0,0,1,1,1,0,0,0,0,1,0,0,0,0,0,1,0.6931471805599453,5.0369526024136295,5.288267030694535,0.0,6.133398042996649,6.699500340161678
1,0.0,1,10.0,1,3,0,0,1,0,0,1,0,0,0,0,0,0,1,0.0,0.0,0.0,0.0,0.0,0.0
0,18.0,1,10.0,1,3,0,1,0,0,0,0,1,0,0,0,0,0,1,0.6931471805599453,5.556828061699537,6.102558594613569,0.0,0.0,6.559615237493242
0,21.0,0,15.0,1,3,0,1,0,0,0,0,0,0,0,0,0,1,0,7.5740450053721995,3.6375861597263857,0.0,0.0,3.2188758248682006,7.60489448081162
0,27.0,0,4.0,1,1,1,1,0,0,1,0,1,0,0,0,1,0,0,6.677083461247136,0.0,1.0986122886681096,5.537334267018537,0.0,6.955592608396297
0,42.0,1,16.0,1,1,1,1,0,0,0,0,1,0,0,0,0,1,0,6.78897174299217,0.0,2.302585092994046,1.9459101490553132,0.0,6.805722553416985
0,19.0,0,13.0,0,1,1,1,0,0,0,0,1,0,0,0,0,1,0,5.25227342804663,0.0,1.791759469228055,0.6931471805599453,6.588926477533519,6.827629234502852
0,17.0,0,14.0,0,1,1,1,0,0,0,0,1,0,0,0,0,1,0,2.833213344056216,7.680637427560936,0.0,0.0,3.970291913552122,7.711548979629146
0,14.0,0,17.0,1,1,1,1,1,0,0,0,1,0,0,0,0,1,0,0.0,0.6931471805599453,0.0,0.0,6.96979066990159,6.970730078143525
0,37.0,0,3.0,0,1,1,1,0,0,1,1,0,0,0,1,0,0,0,3.8501476017100584,4.430816798843313,6.6052979209482015,0.0,2.5649493574615367,6.779921907472252
0,42.0,1,3.0,1,1,1,1,0,1,0,0,1,0,1,0,0,0,0,0.6931471805599453,9.035748861244139,0.0,0.0,6.2285110035911835,9.094368195723762
0,27.0,1,18.0,1,1,1,1,0,0,1,0,1,0,0,0,0,1,0,4.997212273764115,0.0,6.926577033222725,0.0,0.0,7.061334366910438
0,28.0,1,15.0,0,1,1,1,0,0,1,0,1,0,0,0,0,1,0,2.70805020110221,0.0,7.16703787691222,0.0,0.0,7.177782416195197
0,38.0,0,4.0,1,1,1,1,0,1,0,0,1,0,1,0,0,0,0,0.0,8.67265729404031,0.0,5.7745515455444085,9.175231194862615,9.668777364850452
1,13.0,0,13.0,1,1,1,0,1,0,0,0,1,0,0,0,0,0,1,0.0,0.0,0.0,0.0,0.0,0.0
0,42.0,0,16.0,0,3,0,1,0,0,1,0,1,0,0,0,0,1,0,8.91018077801329,0.0,0.0,0.0,0.0,8.91018077801329
1,2.0,1,16.0,0,3,0,0,1,0,1,0,1,0,0,0,0,1,0,0.0,0.0,0.0,0.0,0.0,0.0
0,8.0,1,16.0,0,3,0,0,1,0,1,0,1,0,0,0,0,1,0,0.0,0.0,0.0,0.0,0.0,0.0
0,24.0,1,14.0,1,1,1,1,0,0,0,0,1,0,0,0,0,0,1,6.535241271013659,0.0,0.0,0.0,2.8903717578961645,6.559615237493242
1,40.0,1,5.0,1,1,1,0,0,1,0,0,1,0,1,0,0,0,0,0.0,0.0,0.0,0.0,0.0,0.0
0,43.0,0,17.0,0,1,1,1,0,0,0,0,1,0,0,0,0,1,0,5.356586274672012,0.0,0.0,6.459904454377535,6.2422232654551655,7.217443431696533
1,45.0,1,5.0,1,1,1,0,0,0,1,1,0,0,0,0,1,0,0,0.0,0.0,0.0,0.0,0.0,0.0
1,35.0,1,15.0,1,1,1,0,0,0,0,0,1,0,0,0,0,0,1,0.0,0.0,0.0,0.0,0.0,0.0
1,26.0,1,16.0,1,2,0,0,0,0,0,0,1,0,0,0,0,0,1,0.0,0.0,0.0,0.0,0.0,0.0
0,27.0,0,20.0,1,2,0,1,0,0,0,0,1,0,0,0,0,1,0,0.6931471805599453,6.548219102762372,3.4657359027997265,5.241747015059643,0.0,6.822197390620491
0,19.0,0,9.0,0,3,0,1,0,0,0,0,1,0,0,0,0,0,1,0.0,0.0,6.508769136971682,0.6931471805599453,3.5553480614894135,6.559615237493242
1,0.0,1,9.0,0,3,0,0,1,0,0,0,1,0,0,0,0,0,1,0.0,0.0,0.0,0.0,0.0,0.0
1,3.0,1,9.0,0,3,0,0,1,0,0,0,1,0,0,0,0,0,1,0.0,0.0,0.0,0.0,0.0,0.0
0,54.0,0,2.0,1,1,1,1,0,1,0,0,1,0,0,0,0,0,0,0.0,7.097548850614793,0.0,1.3862943611198906,6.45833828334479,7.522400231387125
0,26.0,0,11.0,0,2,0,1,0,0,0,0,1,0,0,0,0,0,1,0.0,6.75343791859778,1.791759469228055,3.4965075614664802,0.0,6.795705775173515
0,26.0,1,11.0,0,2,0,1,0,0,0,0,1,0,0,0,0,0,1,0.0,7.941651252930556,6.86484777797086,0.0,4.477336814478207,8.257385655730436
0,23.0,0,19.0,0,2,0,1,0,0,0,1,0,0,0,0,0,1,0,5.7430031878094825,6.059123195581797,6.267200548541362,3.6375861597263857,0.0,7.171656822768514
0,2.0,1,12.0,0,2,0,0,1,0,0,0,1,0,0,0,0,0,1,0.0,0.0,0.0,0.0,0.0,0.0
1,31.0,1,933.5,1,1,1,0,0,0,1,0,1,0,0,0,0,1,0,0.0,0.0,0.0,0.0,0.0,0.0
0,18.0,0,23.0,1,1,1,1,0,0,0,0,1,0,0,0,0,1,0,0.0,0.0,0.0,6.7226297948554485,4.5217885770490405,6.826545223556594
0,24.0,1,24.0,1,3,0,1,0,0,0,0,1,0,0,0,0,1,0,0.0,0.0,0.0,0.0,2.8903717578961645,2.8903717578961645
1,9.0,1,18.0,1,3,0,0,1,0,0,0,0,0,0,0,0,0,1,0.0,0.0,0.0,0.0,0.0,0.0
1,6.0,0,18.0,1,3,0,0,1,0,0,0,1,0,0,0,0,0,1,0.0,0.0,0.0,0.0,0.0,0.0
0,27.0,0,21.0,0,1,1,1,0,0,0,0,1,0,0,0,0,1,0,0.0,0.0,6.3473892096560105,1.0986122886681096,4.882801922586371,6.556778356158042
0,21.0,0,2.0,1,1,1,1,0,0,1,0,1,0,0,1,0,0,0,7.463936604468925,1.791759469228055,2.8903717578961645,0.0,0.0,7.476472381163905
1,23.0,0,19.0,1,3,0,0,0,0,0,0,1,0,0,0,0,0,1,0.0,0.0,0.0,0.0,0.0,0.0
0,31.0,0,19.0,1,3,0,1,0,0,0,0,1,0,0,0,0,0,1,6.333279628139691,0.0,5.7899601708972535,0.0,0.0,6.790097235513905
0,0.0,1,19.0,1,3,0,0,1,0,0,0,1,0,0,0,0,0,1,0.0,0.0,0.0,0.0,0.0,0.0
0,32.0,0,933.5,1,4,0,1,0,1,0,0,1,0,0,0,0,1,0,0.0,6.018593214496234,1.9459101490553132,8.276394704863307,6.639875833826536,8.53895468319775
0,40.0,0,5.0,0,4,0,1,0,1,0,0,1,1,0,0,0,0,0,0.0,5.805134968916488,0.0,0.0,7.431299675155903,7.610357618312838
0,42.0,1,5.0,0,4,0,1,0,1,0,0,1,1,0,0,0,0,0,7.700747794511798,9.343033913701648,0.0,7.533158807455563,6.100318952020064,9.676649685633647
1,28.0,1,5.0,0,4,0,0,0,1,0,0,1,1,0,0,0,0,0,0.0,0.0,0.0,0.0,0.0,0.0
1,29.0,1,6.0,1,1,1,0,0,1,0,0,1,0,0,0,1,0,0,0.0,0.0,0.0,0.0,0.0,0.0
0,48.0,1,1.0,1,1,1,1,0,1,0,0,0,1,0,0,0,0,0,0.0,7.839131648274333,4.477336814478207,2.8903717578961645,2.639057329615259,7.884199933676039
0,64.0,1,23.0,0,1,1,1,0,0,0,0,1,0,0,0,0,1,0,0.0,0.0,6.690842277418564,0.0,0.0,6.690842277418564
0,27.0,0,20.0,1,1,1,1,0,0,0,0,1,0,0,0,0,0,1,4.418840607796598,5.062595033026967,6.063785208687608,5.476463551931511,0.6931471805599453,6.811244378601294
0,26.0,1,24.0,0,1,1,0,0,0,1,0,1,0,0,0,0,1,0,0.0,0.0,0.0,0.0,0.0,0.0
0,33.0,1,4.0,0,1,1,1,0,1,0,0,1,0,0,1,0,0,0,0.6931471805599453,7.707062655370473,0.0,2.5649493574615367,6.003887067106539,7.878912912297132
0,39.0,0,0.0,0,2,0,1,0,1,0,0,1,0,0,0,0,0,0,0.0,7.76004068088038,0.0,4.189654742026425,8.839131752546109,9.138629524422182
1,13.0,1,0.0,0,2,0,0,1,1,0,0,1,0,0,0,0,0,0,0.0,0.0,0.0,0.0,0.0,0.0
1,24.0,1,25.0,0,1,1,0,0,0,1,0,1,0,0,0,0,1,0,0.0,0.0,0.0,0.0,0.0,0.0
0,29.0,0,21.0,1,1,1,1,0,0,0,0,1,0,0,0,0,0,1,0.0,0.0,0.0,6.551080335043404,4.31748811353631,6.651571873589727
0,18.0,0,27.0,0,1,1,1,0,0,0,0,1,0,0,0,0,1,0,4.02535169073515,6.393590753950631,3.912023005428146,0.0,0.6931471805599453,6.555356891810665
1,67.0,1,27.0,1,1,1,0,0,0,1,0,1,0,0,0,0,1,0,0.0,0.0,0.0,0.0,0.0,0.0
0,35.0,0,7.0,1,1,1,1,0,0,1,0,1,0,0,0,1,0,0,6.553933404025811,0.0,5.6937321388027,0.0,3.258096538021482,6.930494765951626
0,61.0,0,3.0,1,2,0,1,0,0,1,0,1,0,0,1,0,0,0,7.763871287820222,5.814130531825066,2.302585092994046,5.75890177387728,1.0986122886681096,8.011355109161286
0,45.0,0,8.0,1,2,0,1,0,0,1,0,1,0,0,0,1,0,0,7.651595573857601,1.9459101490553132,0.0,0.0,0.0,7.6544432264701125
1,22.0,1,22.0,1,1,1,0,0,0,0,1,0,0,0,0,0,0,1,0.0,0.0,0.0,0.0,0.0,0.0
1,19.0,1,29.0,1,2,0,0,0,0,1,0,1,0,0,0,0,1,0,0.0,0.0,0.0,0.0,0.0,0.0
0,36.0,0,5.0,1,2,0,1,0,0,1,0,1,0,0,1,0,0,0,7.915348169263078,0.0,0.0,0.0,0.0,7.915348169263078
0,19.0,1,17.0,0,1,1,1,0,0,0,0,1,0,0,0,0,0,1,0.0,2.70805020110221,6.594413459749778,0.0,0.0,6.61338421837956
0,47.0,0,23.0,1,1,1,1,0,0,0,1,0,0,0,0,0,0,1,4.584967478670572,6.037870919922137,4.844187086458591,3.258096538021482,4.02535169073515,6.582025138892826
1,13.0,1,18.0,0,2,0,0,1,0,0,0,1,0,0,0,0,0,1,0.0,0.0,0.0,0.0,0.0,0.0
0,34.0,0,5.0,0,2,0,1,0,0,0,0,1,0,0,0,1,0,0,0.0,3.1354942159291497,0.0,6.336825731146441,5.337538079701318,6.677083461247136
1,35.0,1,6.0,1,1,1,0,0,1,0,0,0,0,1,0,0,0,0,0.0,0.0,0.0,0.0,0.0,0.0
1,24.0,1,19.0,0,2,0,0,0,0,0,0,1,0,0,0,0,0,1,0.0,0.0,0.0,0.0,0.0,0.0
0,26.0,0,29.0,0,2,0,1,0,0,0,0,1,0,0,0,0,1,0,6.089044875446846,0.0,0.0,0.0,6.137727054086234,6.805722553416985
0,31.0,0,30.0,0,1,1,1,0,0,1,0,1,0,0,0,0,1,0,0.0,0.0,4.584967478670572,0.0,0.0,4.584967478670572
0,20.0,1,31.0,1,1,1,1,0,0,0,0,1,0,0,0,0,1,0,0.0,6.042632833682381,5.351858133476067,0.0,0.0,6.447305862541213
0,56.0,0,25.0,1,1,1,0,0,0,0,0,1,0,0,0,0,0,1,0.0,0.0,0.0,0.0,0.0,0.0
1,50.0,1,26.0,1,1,1,0,0,0,0,0,1,0,0,0,0,0,1,0.0,0.0,0.0,0.0,0.0,0.0
0,42.0,0,31.0,0,1,1,1,0,0,1,0,1,0,0,0,0,1,0,6.9782137426306985,0.0,2.3978952727983707,0.0,4.343805421853684,7.055312843339752
1,27.0,1,27.0,1,1,1,0,0,0,0,0,0,0,0,0,0,0,1,0.0,0.0,0.0,0.0,0.0,0.0
1,38.0,0,20.0,0,1,1,0,0,0,0,0,0,0,0,0,0,0,1,0.0,0.0,0.0,0.0,0.0,0.0
0,41.0,0,32.0,0,1,1,1,0,0,0,0,1,0,0,0,0,1,0,0.0,0.0,0.0,0.0,6.410174881966167,6.410174881966167
0,22.0,0,22.0,0,1,1,1,0,0,0,0,1,0,0,0,0,0,1,8.323608442343572,0.0,0.0,0.0,4.127134385045092,8.338305731356565
1,26.0,1,8.0,0,2,0,0,0,1,0,0,1,1,0,0,0,0,0,0.0,0.0,0.0,0.0,0.0,0.0
1,17.0,1,8.0,0,2,0,0,0,1,0,0,1,1,0,0,0,0,0,0.0,0.0,0.0,0.0,0.0,0.0
0,57.0,1,28.0,1,2,0,1,0,0,0,0,1,0,0,0,0,0,1,3.9318256327243257,7.4318919168078,0.0,0.0,4.912654885736052,7.535830462798367
1,17.0,0,28.0,1,2,0,0,0,0,0,1,0,0,0,0,0,0,1,0.0,0.0,0.0,0.0,0.0,0.0
1,35.0,1,37.0,0,1,1,0,0,0,1,0,1,0,0,0,0,1,0,0.0,0.0,0.0,0.0,0.0,0.0
1,13.0,1,35.0,1,2,0,0,1,0,1,0,1,0,0,0,0,1,0,0.0,0.0,0.0,0.0,0.0,0.0
0,27.0,0,35.0,1,2,0,1,0,0,1,0,1,0,0,0,0,1,0,7.2196420401307355,0.0,3.8918202981106265,3.1354942159291497,4.927253685157205,7.360739903058278
1,31.0,0,23.0,0,1,1,0,0,0,0,0,1,0,0,0,0,0,1,0.0,0.0,0.0,0.0,0.0,0.0
0,24.0,0,10.0,1,1,1,1,0,0,0,0,1,0,0,0,1,0,0,0.0,0.0,0.0,5.402677381872279,6.342121418721152,6.670766320845874
1,19.0,1,30.0,1,1,1,0,0,0,0,1,0,0,0,0,0,0,1,0.0,0.0,0.0,0.0,0.0,0.0
1,32.0,1,24.0,0,1,1,0,0,0,0,0,1,0,0,0,0,0,1,0.0,0.0,0.0,0.0,0.0,0.0
0,58.0,1,11.0,1,1,1,1,0,0,0,0,1,0,0,0,1,0,0,0.0,6.893656354602635,0.0,1.791759469228055,0.0,6.898714534329988
0,21.0,0,38.0,0,1,1,1,0,0,0,0,0,0,0,0,0,1,0,5.662960480135946,0.0,2.833213344056216,4.7535901911063645,5.170483995038151,6.386879319362645
0,38.0,0,2.0,1,1,1,1,0,1,0,0,1,1,0,0,0,0,0,0.0,9.24445190160495,0.6931471805599453,9.613870275449836,7.655390644826152,10.219356126832537
0,38.0,0,6.0,1,1,1,1,0,0,1,0,1,0,0,1,0,0,0,8.13593277200489,0.0,5.087596335232384,3.367295829986474,4.787491742782046,8.222285073872717
0,19.0,1,26.0,0,3,0,1,0,0,0,0,1,0,0,0,0,0,1,0.6931471805599453,5.393627546352361,6.513230110912307,1.0986122886681096,2.4849066497880004,6.810142450115136
0,0.0,0,26.0,0,3,0,0,1,0,0,0,1,0,0,0,0,0,1,0.0,0.0,0.0,0.0,0.0,0.0
0,3.0,1,26.0,0,3,0,0,1,0,0,0,1,0,0,0,0,0,1,0.0,0.0,0.0,0.0,0.0,0.0
0,20.0,0,27.0,0,1,1,1,0,0,0,0,1,0,0,0,0,0,1,0.0,0.0,1.3862943611198906,5.703782474656201,4.532599493153256,5.978885764901122
1,24.0,1,3.0,0,1,1,0,0,1,0,0,1,0,1,0,0,0,0,0.0,0.0,0.0,0.0,0.0,0.0
0,37.0,1,36.0,1,1,1,1,0,0,0,0,1,0,0,0,0,1,0,2.8903717578961645,4.990432586778736,6.056784013228625,0.0,5.4510384535657,6.71174039505618
0,25.0,0,28.0,0,1,1,1,0,0,0,0,1,0,0,0,0,0,1,4.143134726391533,0.0,0.0,0.0,6.863803391452954,6.926577033222725
1,56.0,1,31.0,1,1,1,0,0,0,0,0,1,0,0,0,0,0,1,0.0,0.0,0.0,0.0,0.0,0.0
0,49.0,0,8.0,0,1,1,1,0,0,0,0,0,0,0,0,1,0,0,4.442651256490317,1.3862943611198906,5.996452088619021,5.313205979041787,4.59511985013459,6.670766320845874
1,11.0,0,32.0,1,1,1,0,1,0,0,0,0,0,0,0,0,0,1,0.0,0.0,0.0,0.0,0.0,0.0
1,1.0,1,29.0,0,3,0,0,1,0,0,0,1,0,0,0,0,0,1,0.0,0.0,0.0,0.0,0.0,0.0
0,8.0,0,29.0,0,3,0,0,1,0,0,0,1,0,0,0,0,0,1,0.0,0.0,0.0,0.0,0.0,0.0
0,39.0,0,29.0,0,3,0,1,0,0,0,0,1,0,0,0,0,0,1,0.0,0.0,2.3978952727983707,6.80128303447162,0.0,6.812345094177479
1,2.0,1,41.0,0,3,0,0,1,0,1,0,1,0,0,0,0,1,0,0.0,0.0,0.0,0.0,0.0,0.0
0,23.0,0,41.0,0,3,0,1,0,0,1,0,1,0,0,0,0,1,0,0.0,0.0,2.1972245773362196,6.9782137426306985,0.0,6.985641817639208
0,0.0,1,41.0,0,3,0,0,1,0,1,0,1,0,0,0,0,1,0,0.0,0.0,0.0,0.0,0.0,0.0
0,39.0,1,42.0,0,1,1,1,0,0,1,0,1,0,0,0,0,1,0,6.008813185442595,0.0,6.7661917146603505,0.0,0.0,7.149916836132109
0,25.0,0,5.0,0,1,1,1,0,0,1,1,0,0,0,1,0,0,0,6.959398512133975,0.0,6.579251212010101,0.0,2.0794415416798357,7.483806687665835
0,36.0,0,5.0,0,1,1,1,0,1,0,0,1,0,1,0,0,0,0,0.0,6.880384082186005,0.0,6.679599185844383,6.3561076606958915,7.759187438507795
0,52.0,1,30.0,0,1,1,0,0,0,0,1,0,0,0,0,0,0,1,0.0,0.0,0.0,0.0,0.0,0.0
1,18.0,0,33.0,1,1,1,0,0,0,0,0,1,0,0,0,0,0,1,0.0,0.0,0.0,0.0,0.0,0.0
1,15.0,1,31.0,0,1,1,0,0,0,0,0,1,0,0,0,0,0,1,0.0,0.0,0.0,0.0,0.0,0.0
1,35.0,1,3.0,1,2,0,0,0,1,0,0,1,1,0,0,0,0,0,0.0,0.0,0.0,0.0,0.0,0.0
1,47.0,1,3.0,1,2,0,0,0,1,0,0,1,1,0,0,0,0,0,0.0,0.0,0.0,0.0,0.0,0.0
1,45.0,1,9.0,0,2,0,0,0,1,0,0,0,1,0,0,0,0,0,0.0,0.0,0.0,0.0,0.0,0.0
0,27.0,1,2.0,0,2,0,1,0,1,0,0,0,0,0,0,0,0,0,0.0,7.797291273547472,0.0,6.778784897685177,6.095824562432225,8.230843564198235
1,51.0,1,8.0,1,1,1,0,0,1,0,0,1,0,1,0,0,0,0,0.0,0.0,0.0,0.0,0.0,0.0
0,29.0,0,34.0,1,1,1,1,0,0,0,0,1,0,0,0,0,0,1,0.0,1.0986122886681096,4.204692619390966,0.0,6.559615237493242,6.651571873589727
0,27.0,1,9.0,1,1,1,1,0,1,0,0,0,0,1,0,0,0,0,1.0986122886681096,7.450660796211539,2.5649493574615367,7.026426808699636,4.812184355372417,8.000349495324684
1,19.0,0,32.0,0,1,1,0,0,0,0,1,0,0,0,0,0,0,1,0.0,0.0,0.0,0.0,0.0,0.0
1,24.0,1,6.0,0,1,1,0,0,0,0,0,0,0,0,1,0,0,0,0.0,0.0,0.0,0.0,0.0,0.0
0,29.0,1,44.0,0,3,0,1,0,0,1,0,1,0,0,0,0,1,0,6.805722553416985,0.6931471805599453,4.927253685157205,0.0,0.0,6.947937068614969
1,11.0,1,44.0,0,3,0,0,1,0,1,0,1,0,0,0,0,1,0,0.0,0.0,0.0,0.0,0.0,0.0
0,17.0,0,44.0,0,3,0,1,0,0,1,0,1,0,0,0,0,1,0,6.744059186311348,0.0,5.730099782973575,5.209486152841421,0.0,7.198931240688173
0,13.0,0,9.0,0,2,0,1,1,0,0,0,1,0,0,0,1,0,0,5.262690188904886,0.0,0.0,3.9512437185814275,6.606650186198215,6.890609120147166
0,35.0,0,45.0,0,2,0,1,0,0,0,0,1,0,0,0,0,1,0,4.997212273764115,5.241747015059643,0.0,2.3978952727983707,5.961005339623274,6.597145701886651
0,21.0,0,46.0,0,1,1,1,0,0,0,0,1,0,0,0,0,1,0,5.908082938168931,5.641907070938114,0.0,0.0,4.990432586778736,6.678342114654332
0,21.0,0,40.0,1,1,1,1,0,0,0,0,0,0,0,0,0,1,0,0.0,4.04305126783455,0.0,0.0,7.5595594960077,7.5883236773352225
0,38.0,0,47.0,0,1,1,1,0,0,0,0,1,0,0,0,0,1,0,7.325148957955575,0.0,0.0,3.332204510175204,0.0,7.3427791893318455
1,19.0,1,36.0,0,1,1,0,0,0,0,0,1,0,0,0,0,0,1,0.0,0.0,0.0,0.0,0.0,0.0
1,2.0,1,37.0,0,7,0,0,1,0,0,0,1,0,0,0,0,0,1,0.0,0.0,0.0,0.0,0.0,0.0
0,0.0,1,37.0,0,7,0,0,1,0,0,0,1,0,0,0,0,0,1,0.0,0.0,0.0,0.0,0.0,0.0
1,13.0,0,37.0,0,7,0,0,1,0,0,0,1,0,0,0,0,0,1,0.0,0.0,0.0,0.0,0.0,0.0
0,25.0,0,10.0,0,7,0,1,0,0,0,0,1,0,0,0,1,0,0,4.812184355372417,4.442651256490317,0.0,0.0,0.0,5.332718793265369
0,16.0,0,48.0,0,7,0,1,0,0,0,0,1,0,0,0,0,1,0,0.0,1.3862943611198906,0.0,0.0,7.003065458786462,7.005789019253503
0,1.0,0,37.0,0,7,0,0,1,0,0,0,0,0,0,0,0,0,1,0.0,0.0,0.0,0.0,0.0,0.0
1,15.0,1,37.0,0,7,0,0,0,0,0,0,1,0,0,0,0,0,1,0.0,0.0,0.0,0.0,0.0,0.0
0,21.0,0,13.0,1,7,0,1,0,0,1,0,0,0,0,0,1,0,0,7.71333788887187,0.0,4.787491742782046,0.0,0.0,7.7651449029361315
0,23.0,0,13.0,1,7,0,1,0,0,1,0,1,0,0,0,1,0,0,7.103322062526113,4.394449154672439,0.6931471805599453,1.0986122886681096,0.0,7.1693500166706
0,33.0,0,13.0,1,7,0,1,0,0,1,0,1,0,0,0,1,0,0,7.56734567601324,2.5649493574615367,5.241747015059643,0.6931471805599453,0.0,7.666221925662725
1,21.0,1,13.0,1,7,0,0,0,0,1,0,1,0,0,0,1,0,0,0.0,0.0,0.0,0.0,0.0,0.0
0,41.0,0,13.0,1,7,0,1,0,0,1,0,1,0,0,0,1,0,0,7.115582126184454,0.0,5.71042701737487,3.784189633918261,6.931471805599453,7.862497197230545
0,16.0,0,13.0,1,7,0,1,0,0,1,0,1,0,0,0,1,0,0,6.82001636467413,0.0,5.402677381872279,5.459585514144159,0.0,7.223295679562314
1,42.0,0,13.0,1,7,0,0,0,0,1,0,1,0,0,0,1,0,0,0.0,0.0,0.0,0.0,0.0,0.0
0,20.0,0,41.0,1,3,0,1,0,0,1,0,1,0,0,0,0,1,0,7.249215057114389,0.0,0.0,2.4849066497880004,0.0,7.257002707092073
1,24.0,1,41.0,1,3,0,0,0,0,1,0,1,0,0,0,0,1,0,0.0,0.0,0.0,0.0,0.0,0.0
1,16.0,1,14.0,1,3,0,0,0,0,1,0,1,0,0,0,1,0,0,0.0,0.0,0.0,0.0,0.0,0.0
0,21.0,0,35.0,1,1,1,1,0,0,0,0,1,0,0,0,0,0,1,0.0,1.0986122886681096,6.501289670540389,0.0,2.302585092994046,6.517671272912275
0,32.0,0,42.0,1,1,1,1,0,0,1,0,1,0,0,0,0,1,0,5.204006687076795,0.0,1.791759469228055,7.399398083331354,0.0,7.507141079727608
1,58.0,1,38.0,0,1,1,0,0,0,0,1,0,0,0,0,0,0,1,0.0,0.0,0.0,0.0,0.0,0.0
0,24.0,0,43.0,1,1,1,1,0,0,0,0,1,0,0,0,0,1,0,1.6094379124341003,2.0794415416798357,0.0,6.570882962339584,4.382026634673881,6.6895992691789665
0,30.0,0,44.0,1,1,1,1,0,0,1,0,1,0,0,0,0,1,0,4.454347296253507,0.0,0.6931471805599453,7.450660796211539,0.0,7.499423290592229
1,27.0,0,36.0,1,1,1,0,0,0,0,1,0,0,0,0,0,0,1,0.0,0.0,0.0,0.0,0.0,0.0
0,32.0,0,45.0,1,1,1,1,0,0,1,0,1,0,0,0,0,1,0,4.04305126783455,0.0,5.54907608489522,7.271703706887368,0.0,7.467942332285852
0,43.0,0,50.0,0,1,1,1,0,0,0,0,1,0,0,0,0,1,0,0.0,6.790097235513905,0.0,0.0,0.0,6.790097235513905
1,42.0,1,11.0,0,1,1,0,0,1,0,0,1,1,0,0,0,0,0,0.0,0.0,0.0,0.0,0.0,0.0
0,37.0,0,933.5,1,1,1,1,0,0,1,0,1,0,0,0,0,1,0,6.45833828334479,0.0,0.0,4.532599493153256,5.768320995793772,6.955592608396297
1,35.0,1,52.0,0,1,1,0,0,0,1,0,1,0,0,0,0,1,0,0.0,0.0,0.0,0.0,0.0,0.0
0,33.0,0,11.0,0,1,1,1,0,1,0,0,0,0,0,0,1,0,0,0.0,7.1308988302963465,0.0,8.47907586930311,7.018401799069201,8.878776071707552
0,18.0,0,46.0,1,1,1,1,0,0,0,0,1,0,0,0,0,1,0,5.749392985908253,0.6931471805599453,6.539585955617669,5.648974238161206,0.0,7.161622002939187
1,21.0,0,37.0,1,1,1,0,0,0,0,0,1,0,0,0,0,0,1,0.0,0.0,0.0,0.0,0.0,0.0
1,43.0,1,933.5,1,2,0,0,0,0,1,0,1,0,0,0,0,1,0,0.0,0.0,0.0,0.0,0.0,0.0
1,14.0,1,47.0,1,2,0,0,1,0,1,0,0,0,0,0,0,1,0,0.0,0.0,0.0,0.0,0.0,0.0
0,46.0,1,6.0,0,2,0,1,0,1,0,0,0,0,1,0,0,0,0,0.0,8.18088094199639,0.0,0.0,2.0794415416798357,8.182838710766026
0,33.0,0,6.0,0,2,0,1,0,1,0,0,1,0,1,0,0,0,0,0.0,4.465908118654584,6.680854678790215,6.371611847231857,9.29771001811309,9.42375676753181
0,21.0,0,8.0,0,1,1,1,0,0,1,0,1,0,0,1,0,0,0,7.988882253309227,0.0,5.662960480135946,3.332204510175204,0.0,8.09009578318096
0,33.0,0,10.0,1,1,1,1,0,1,0,0,1,0,1,0,0,0,0,0.0,0.6931471805599453,0.0,9.061956366209925,6.96979066990159,9.178333575841096
1,47.0,0,38.0,1,1,1,0,0,0,0,1,0,0,0,0,0,0,1,0.0,0.0,0.0,0.0,0.0,0.0
1,54.0,1,11.0,1,1,1,0,0,0,0,0,0,0,1,0,0,0,0,0.0,0.0,0.0,0.0,0.0,0.0
0,30.0,0,53.0,0,1,1,1,0,0,0,0,1,0,0,0,0,1,0,5.817111159963204,6.54534966033442,6.295266001439646,0.0,0.0,7.360103972989152
0,29.0,0,42.0,0,1,1,1,0,0,0,0,1,0,0,0,0,0,1,5.60947179518496,6.423246963533519,0.0,0.0,0.6931471805599453,6.790097235513905
0,21.0,1,54.0,0,1,1,1,0,0,0,0,1,0,0,0,0,1,0,6.555356891810665,5.153291594497779,6.013715156042802,1.0986122886681096,1.9459101490553132,7.1631723908466425
1,24.0,1,3.0,1,1,1,0,0,1,0,0,1,0,0,0,0,0,0,0.0,0.0,0.0,0.0,0.0,0.0
0,21.0,0,49.0,1,2,0,1,0,0,1,0,0,0,0,0,0,1,0,7.417580402414544,0.0,0.0,0.0,0.0,7.417580402414544
1,60.0,1,49.0,1,2,0,0,0,0,1,0,1,0,0,0,0,1,0,0.0,0.0,0.0,0.0,0.0,0.0
0,22.0,0,50.0,1,1,1,1,0,0,0,0,1,0,0,0,0,1,0,0.0,0.0,5.749392985908253,5.703782474656201,4.532599493153256,6.558197802812269
0,26.0,0,16.0,1,1,1,1,0,1,0,0,1,0,0,0,1,0,0,0.0,8.478660241699453,0.0,6.889591308354466,7.628031126930335,8.967759126769497
0,26.0,0,56.0,0,1,1,1,0,0,0,0,1,0,0,0,0,1,0,4.204692619390966,3.4011973816621555,0.0,0.0,6.6895992691789665,6.80128303447162
1,28.0,1,43.0,0,1,1,0,0,0,0,0,1,0,0,0,0,0,1,0.0,0.0,0.0,0.0,0.0,0.0
1,39.0,1,8.0,1,1,1,0,0,1,0,0,1,0,0,1,0,0,0,0.0,0.0,0.0,0.0,0.0,0.0
0,13.0,0,51.0,1,1,1,1,1,0,0,0,1,0,0,0,0,1,0,4.77912349311153,0.0,0.0,6.626717749249025,0.6931471805599453,6.773080375655535
0,47.0,1,52.0,1,1,1,1,0,0,0,0,0,0,0,0,0,1,0,0.0,5.44673737166631,6.385194398997726,0.0,0.0,6.714170529909472
0,63.0,0,59.0,0,1,1,1,0,0,0,0,1,0,0,0,0,1,0,0.0,3.258096538021482,4.859812404361672,0.0,7.123672785204607,7.2399325913204695
1,27.0,1,9.0,1,1,1,0,0,1,0,0,0,0,0,1,0,0,0,0.0,0.0,0.0,0.0,0.0,0.0
0,50.0,1,61.0,0,1,1,1,0,0,0,0,0,0,0,0,0,1,0,3.8066624897703196,7.779466967458324,0.0,3.9889840465642745,0.0,7.81923445385907
0,35.0,0,933.5,1,2,0,1,0,0,0,0,1,0,0,0,0,1,0,0.0,0.0,0.0,6.790097235513905,0.0,6.790097235513905
0,45.0,0,45.0,0,2,0,1,0,0,0,0,1,0,0,0,0,0,1,0.0,4.584967478670572,0.0,2.70805020110221,5.8111409929767,6.09807428216624
0,19.0,1,63.0,0,1,1,1,0,0,0,0,1,0,0,0,0,1,0,0.0,0.0,7.639642287858013,0.0,0.0,7.639642287858013
0,21.0,1,54.0,1,1,1,1,0,0,0,0,1,0,0,0,0,1,0,0.0,6.823286122355687,0.0,0.0,0.0,6.823286122355687
1,29.0,1,46.0,0,2,0,0,0,0,0,1,0,0,0,0,0,0,1,0.0,0.0,0.0,0.0,0.0,0.0
0,22.0,1,64.0,0,2,0,1,0,0,0,0,1,0,0,0,0,1,0,4.990432586778736,6.484635235635252,0.6931471805599453,0.0,1.0986122886681096,6.6895992691789665
1,14.0,1,16.0,0,2,0,0,1,1,0,0,1,0,0,0,1,0,0,0.0,0.0,0.0,0.0,0.0,0.0
1,42.0,1,16.0,0,2,0,0,0,1,0,0,0,0,0,0,1,0,0,0.0,0.0,0.0,0.0,0.0,0.0
0,57.0,0,65.0,0,1,1,1,0,0,0,0,0,0,0,0,0,1,0,1.3862943611198906,7.156176637480615,3.4011973816621555,5.093750200806762,2.639057329615259,7.305860032684009
1,39.0,1,933.5,1,2,0,0,0,1,0,0,0,0,0,0,0,1,0,0.0,0.0,0.0,0.0,0.0,0.0
0,28.0,0,12.0,0,2,0,1,0,1,0,0,1,1,0,0,0,0,0,0.0,6.376726947898627,3.4965075614664802,1.9459101490553132,7.2868764117507,7.643003635560718
0,19.0,0,55.0,1,1,1,1,0,0,0,0,0,0,0,0,0,1,0,0.0,0.0,0.0,0.0,6.720220155135295,6.720220155135295
1,19.0,1,12.0,1,1,1,0,0,1,0,0,0,0,1,0,0,0,0,0.0,0.0,0.0,0.0,0.0,0.0
0,26.0,1,7.0,1,4,0,1,0,1,0,0,0,1,0,0,0,0,0,0.0,8.402679804627477,0.0,7.05444965813294,5.572154032177765,8.678971846978863
1,17.0,1,7.0,1,4,0,0,0,1,0,0,1,1,0,0,0,0,0,0.0,0.0,0.0,0.0,0.0,0.0
0,43.0,1,7.0,1,4,0,0,0,1,0,0,1,1,0,0,0,0,0,0.0,0.0,0.0,0.0,0.0,0.0
0,9.0,1,7.0,1,4,0,0,1,1,0,0,0,1,0,0,0,0,0,0.0,0.0,0.0,0.0,0.0,0.0
0,40.0,1,10.0,1,1,1,1,0,1,0,0,1,0,0,1,0,0,0,0.0,8.77971129020447,4.48863636973214,6.994849985833071,0.0,8.946244609330543
1,50.0,1,8.0,1,1,1,0,0,1,0,0,1,1,0,0,0,0,0,0.0,0.0,0.0,0.0,0.0,0.0
0,24.0,1,47.0,0,1,1,1,0,0,0,0,1,0,0,0,0,0,1,4.51085950651685,1.0986122886681096,7.1891677384203225,2.8903717578961645,0.0,7.2682230211595655
1,57.0,1,3.0,0,1,1,0,0,1,0,0,0,0,0,0,0,0,0,0.0,0.0,0.0,0.0,0.0,0.0
1,16.0,0,933.5,1,1,1,0,0,0,0,0,1,0,0,0,0,1,0,0.0,0.0,0.0,0.0,0.0,0.0
0,23.0,0,67.0,0,1,1,1,0,0,0,0,1,0,0,0,0,1,0,0.0,0.0,2.772588722239781,0.0,7.223295679562314,7.234177179749849
1,23.0,1,41.0,1,1,1,0,0,0,0,0,1,0,0,0,0,0,1,0.0,0.0,0.0,0.0,0.0,0.0
0,28.0,0,18.0,1,1,1,1,0,1,0,0,1,0,0,0,1,0,0,0.0,6.0473721790462776,0.0,7.524021415206125,8.550047528287184,8.914626127827137
0,23.0,0,7.0,0,1,1,1,0,1,0,0,0,0,1,0,0,0,0,0.0,6.371611847231857,0.0,3.044522437723423,7.8119734296220225,8.03073492409854
0,23.0,0,19.0,1,1,1,1,0,0,0,0,1,0,0,0,1,0,0,5.910796644040527,5.170483995038151,5.560681631015528,0.6931471805599453,4.624972813284271,6.807934943699926
0,18.0,1,59.0,1,1,1,1,0,0,0,0,1,0,0,0,0,1,0,0.0,0.0,7.215239978730097,0.0,0.0,7.215239978730097
0,18.0,0,60.0,1,1,1,1,0,0,0,0,1,0,0,0,0,1,0,7.085901464365611,0.0,5.062595033026967,1.9459101490553132,0.0,7.213768308118642
0,67.0,0,933.5,1,1,1,1,0,1,0,0,1,0,0,0,0,1,0,0.0,5.442417710521793,0.0,8.406708458240965,5.488937726156687,8.506738733512378
0,60.0,1,68.0,0,4,0,1,0,0,0,1,0,0,0,0,0,1,0,2.0794415416798357,6.293419278846481,0.6931471805599453,0.0,1.6094379124341003,6.315358001522335
1,27.0,1,50.0,0,4,0,0,0,0,0,0,0,0,0,0,0,0,1,0.0,0.0,0.0,0.0,0.0,0.0
0,49.0,1,68.0,0,4,0,1,0,0,0,0,0,0,0,0,0,1,0,5.805134968916488,0.0,0.0,5.765191102784844,0.0,6.476972362889683
0,0.0,1,50.0,0,4,0,0,1,0,0,0,0,0,0,0,0,0,1,0.0,0.0,0.0,0.0,0.0,0.0
0,26.0,0,51.0,0,1,1,1,0,0,0,0,0,0,0,0,0,0,1,5.958424693029782,0.0,4.31748811353631,0.0,7.193685818395112,7.490529402060711
1,35.0,1,42.0,1,1,1,0,0,0,0,1,0,0,0,0,0,0,1,0.0,0.0,0.0,0.0,0.0,0.0
0,24.0,1,9.0,1,2,0,1,0,1,0,0,1,1,0,0,0,0,0,0.0,7.874358824729881,0.0,5.14166355650266,0.0,7.937017489515453
1,20.0,1,9.0,1,2,0,0,0,1,0,0,1,1,0,0,0,0,0,0.0,0.0,0.0,0.0,0.0,0.0
0,18.0,0,44.0,1,2,0,1,0,0,0,0,1,0,0,0,0,0,1,0.0,1.0986122886681096,0.0,0.0,0.0,1.0986122886681096
0,21.0,0,44.0,1,2,0,1,0,0,0,0,1,0,0,0,0,0,1,0.0,1.791759469228055,1.3862943611198906,0.0,0.0,2.1972245773362196
0,59.0,0,61.0,1,1,1,1,0,0,0,0,1,0,0,0,0,1,0,6.926577033222725,0.0,5.3471075307174685,0.0,0.0,7.113142108707088
1,13.0,0,45.0,1,1,1,0,1,0,0,1,0,0,0,0,0,0,1,0.0,0.0,0.0,0.0,0.0,0.0
1,43.0,0,53.0,0,1,1,0,0,0,0,0,0,0,0,0,0,0,1,0.0,0.0,0.0,0.0,0.0,0.0
1,29.0,0,47.0,1,1,1,0,0,0,0,0,1,0,0,0,0,0,1,0.0,0.0,0.0,0.0,0.0,0.0
0,19.0,1,933.5,1,1,1,1,0,0,0,0,1,0,0,0,0,1,0,2.8903717578961645,0.0,6.665683717782408,0.0,1.0986122886681096,6.6895992691789665
0,2.0,1,14.0,1,3,0,0,1,1,0,0,1,0,1,0,0,0,0,0.0,0.0,0.0,0.0,0.0,0.0
0,32.0,1,14.0,1,3,0,1,0,1,0,0,1,0,1,0,0,0,0,5.5134287461649825,8.445052513638554,0.0,3.8501476017100584,5.313205979041787,8.546169299652755
0,33.0,0,14.0,1,3,0,1,0,1,0,0,1,0,1,0,0,0,0,6.095824562432225,5.762051382780177,0.0,5.003946305945459,7.139660335964919,7.682021510826875
0,25.0,0,72.0,0,1,1,1,0,0,0,0,1,0,0,0,0,1,0,0.0,0.0,5.529429087511423,0.0,6.315358001522335,6.6895992691789665
1,29.0,1,73.0,0,1,1,0,0,0,1,0,0,0,0,0,0,1,0,0.0,0.0,0.0,0.0,0.0,0.0
0,29.0,0,62.0,1,1,1,1,0,0,1,0,1,0,0,0,0,1,0,8.651024539049757,1.0986122886681096,5.356586274672012,7.29776828253138,0.0,8.909910726701899
0,44.0,0,74.0,0,1,1,1,0,0,0,0,1,0,0,0,0,1,0,6.54534966033442,0.6931471805599453,2.833213344056216,0.0,0.0,6.569481420414296
1,2.0,1,63.0,1,3,0,0,1,0,1,0,0,0,0,0,0,1,0,0.0,0.0,0.0,0.0,0.0,0.0
0,19.0,1,63.0,1,3,0,1,0,0,1,0,1,0,0,0,0,1,0,6.035481432524756,5.857933154483459,6.453624998892692,1.3862943611198906,6.964135612418245,7.8083230503910555
0,0.0,1,63.0,1,3,0,0,1,0,1,0,0,0,0,0,0,1,0,0.0,0.0,0.0,0.0,0.0,0.0
1,18.0,1,48.0,1,1,1,0,0,0,0,0,1,0,0,0,0,0,1,0.0,0.0,0.0,0.0,0.0,0.0
1,38.0,1,10.0,1,1,1,0,0,1,0,0,0,1,0,0,0,0,0,0.0,0.0,0.0,0.0,0.0,0.0
1,5.0,0,57.0,0,1,1,0,1,0,0,1,0,0,0,0,0,0,1,0.0,0.0,0.0,0.0,0.0,0.0
0,31.0,0,76.0,0,1,1,1,0,0,0,1,0,0,0,0,0,1,0,4.804021044733257,0.0,0.0,5.616771097666572,6.811244378601294,7.172424577124845
1,30.0,0,21.0,1,1,1,0,0,0,1,0,1,0,0,0,1,0,0,0.0,0.0,0.0,0.0,0.0,0.0
1,15.0,1,59.0,0,1,1,0,0,0,0,0,0,0,0,0,0,0,1,0.0,0.0,0.0,0.0,0.0,0.0
0,27.0,0,64.0,1,1,1,1,0,0,1,0,1,0,0,0,0,1,0,6.075346031088684,0.0,7.268920128193722,0.0,0.0,7.533158807455563
0,22.0,1,12.0,0,2,0,1,0,0,1,0,1,0,0,1,0,0,0,4.962844630259907,7.964503363551548,5.313205979041787,1.3862943611198906,0.0,8.07837810362652
0,36.0,1,933.5,1,2,0,1,0,0,1,0,1,0,0,0,0,1,0,6.255750041753367,0.0,7.531552381407289,0.0,0.0,7.777373602657861
1,14.0,1,60.0,0,1,1,0,1,0,0,1,0,0,0,0,0,0,1,0.0,0.0,0.0,0.0,0.0,0.0
0,23.0,0,78.0,0,1,1,1,0,0,1,0,1,0,0,0,0,1,0,7.601901959875166,0.0,7.998335395952982,0.0,0.0,8.512582578858554
1,18.0,1,933.5,1,1,1,0,0,0,0,0,1,0,0,0,0,1,0,0.0,0.0,0.0,0.0,0.0,0.0
1,36.0,1,15.0,0,1,1,0,0,1,0,0,0,1,0,0,0,0,0,0.0,0.0,0.0,0.0,0.0,0.0
0,41.0,0,65.0,1,1,1,1,0,0,0,0,1,0,0,0,0,1,0,0.0,7.089243155027514,0.0,4.8283137373023015,6.35088571671474,7.546974117516527
1,50.0,1,50.0,1,2,0,0,0,0,0,0,1,0,0,0,0,0,1,0.0,0.0,0.0,0.0,0.0,0.0
1,32.0,1,50.0,1,2,0,0,0,0,0,1,0,0,0,0,0,0,1,0.0,0.0,0.0,0.0,0.0,0.0
0,26.0,0,66.0,1,1,1,1,0,0,0,1,0,0,0,0,0,1,0,5.003946305945459,0.0,6.118097198041348,0.0,4.48863636973214,6.536691597591305
0,15.0,0,67.0,1,1,1,1,0,0,0,0,1,0,0,0,0,1,0,5.883322388488279,5.3612921657094255,3.5263605246161616,0.0,4.727387818712341,6.573680166960646
0,33.0,1,68.0,1,1,1,1,0,0,0,0,0,0,0,0,0,1,0,0.0,3.6109179126442243,0.0,5.638354669333745,6.035481432524756,6.598509028614515
0,27.0,0,51.0,1,1,1,1,0,0,0,0,0,0,0,0,0,0,1,0.0,0.0,0.0,6.530877627725885,3.091042453358316,6.561030665896573
0,26.0,0,82.0,0,2,0,1,0,0,1,0,1,0,0,0,0,1,0,7.949091499830517,4.68213122712422,8.400209835930418,2.772588722239781,1.6094379124341003,8.910045761473558
1,61.0,1,82.0,0,2,0,0,0,0,1,0,1,0,0,0,0,1,0,0.0,0.0,0.0,0.0,0.0,0.0
0,24.0,1,53.0,1,1,1,1,0,0,0,0,1,0,0,0,0,0,1,0.0,0.0,6.385194398997726,5.181783550292085,4.07753744390572,6.71901315438526
0,30.0,0,83.0,0,1,1,1,0,0,0,0,1,0,0,0,0,1,0,0.0,4.564348191467836,0.0,6.091309882077698,6.931471805599453,7.352441100243583
1,24.0,1,84.0,0,1,1,0,0,0,1,0,1,0,0,0,0,1,0,0.0,0.0,0.0,0.0,0.0,0.0
0,24.0,0,85.0,0,1,1,1,0,0,0,0,1,0,0,0,0,1,0,0.0,1.791759469228055,0.0,7.925518979786926,0.0,7.927324360309794
1,41.0,0,62.0,0,1,1,0,0,0,0,0,1,0,0,0,0,0,1,0.0,0.0,0.0,0.0,0.0,0.0
0,20.0,0,22.0,0,1,1,1,0,0,0,0,1,0,0,0,1,0,0,0.0,0.0,6.326149473155099,0.0,5.442417710521793,6.670766320845874
0,22.0,1,54.0,1,1,1,1,0,0,0,0,1,0,0,0,0,0,1,4.762173934797756,0.0,6.668228248417403,1.9459101490553132,0.0,6.812345094177479
0,63.0,0,15.0,1,1,1,1,0,1,0,0,0,0,1,0,0,0,0,0.0,6.974478911025045,0.0,5.176149732573829,9.010547069270189,9.151969458649853
0,18.0,0,11.0,1,7,0,1,0,1,0,0,0,1,0,0,0,0,0,2.8903717578961645,5.375278407684165,1.6094379124341003,8.543445562560303,6.548219102762372,8.710454688248527
1,21.0,1,11.0,1,7,0,0,0,1,0,0,0,1,0,0,0,0,0,0.0,0.0,0.0,0.0,0.0,0.0
0,79.0,0,11.0,1,7,0,1,0,1,0,0,1,1,0,0,0,0,0,8.639410824140487,5.4638318050256105,2.0794415416798357,7.855544677915663,7.685243607975833,9.272939513732704
1,56.0,1,11.0,1,7,0,0,0,1,0,0,1,1,0,0,0,0,0,0.0,0.0,0.0,0.0,0.0,0.0
1,13.0,1,11.0,1,7,0,0,1,1,0,0,1,1,0,0,0,0,0,0.0,0.0,0.0,0.0,0.0,0.0
0,33.0,0,11.0,1,7,0,1,0,1,0,0,1,1,0,0,0,0,0,0.0,7.820840879907344,1.9459101490553132,7.068172000388042,6.966024187106113,8.46168048148598
1,32.0,1,11.0,1,7,0,0,0,1,0,0,1,1,0,0,0,0,0,0.0,0.0,0.0,0.0,0.0,0.0
0,31.0,1,63.0,0,1,1,1,0,0,0,0,1,0,0,0,0,0,1,5.293304824724492,0.0,6.3835066348840055,0.0,5.10594547390058,6.860663671448287
1,26.0,1,933.5,1,1,1,0,0,1,0,0,0,0,0,0,0,1,0,0.0,0.0,0.0,0.0,0.0,0.0
1,18.0,1,16.0,0,2,0,0,0,1,0,0,0,1,0,0,0,0,0,0.0,0.0,0.0,0.0,0.0,0.0
1,38.0,1,16.0,0,2,0,0,0,1,0,0,0,1,0,0,0,0,0,0.0,0.0,0.0,0.0,0.0,0.0
0,23.0,0,64.0,0,1,1,1,0,0,0,0,1,0,0,0,0,0,1,5.855071922202427,0.0,0.0,1.6094379124341003,5.910796644040527,6.580639137284949
0,28.0,0,55.0,1,2,0,1,0,0,0,0,1,0,0,0,0,0,1,4.418840607796598,6.651571873589727,0.0,8.214465160759186,4.948759890378168,8.452974619089586
1,34.0,0,55.0,1,2,0,0,0,0,0,1,0,0,0,0,0,0,1,0.0,0.0,0.0,0.0,0.0,0.0
0,0.0,1,56.0,1,2,0,0,1,0,0,0,0,0,0,0,0,0,1,0.0,0.0,0.0,0.0,0.0,0.0
0,14.0,1,56.0,1,2,0,1,1,0,0,0,1,0,0,0,0,0,1,1.3862943611198906,0.0,6.782192056006791,3.258096538021482,0.0,6.813444599510896
0,23.0,0,65.0,0,1,1,1,0,0,0,0,1,0,0,0,0,0,1,2.639057329615259,6.617402977974478,0.0,0.0,4.859812404361672,6.790097235513905
1,49.0,0,66.0,0,1,1,0,0,0,0,0,1,0,0,0,0,0,1,0.0,0.0,0.0,0.0,0.0,0.0
1,14.0,0,57.0,1,1,1,0,1,0,0,0,1,0,0,0,0,0,1,0.0,0.0,0.0,0.0,0.0,0.0
0,18.0,0,23.0,0,1,1,1,0,0,0,0,1,0,0,0,1,0,0,5.971261839790462,3.8066624897703196,5.877735781779639,0.0,0.0,6.674561391814426
0,27.0,1,9.0,0,1,1,1,0,1,0,1,0,0,1,0,0,0,0,4.248495242049359,8.653296274408579,0.0,0.0,6.895682697747868,8.82246957226897
0,48.0,0,24.0,0,1,1,1,0,0,0,0,1,0,0,0,1,0,0,0.0,4.718498871295094,0.0,7.319202458767849,0.0,7.3901814282264295
0,31.0,0,17.0,0,2,0,1,0,1,0,0,0,1,0,0,0,0,0,0.0,9.306014122044465,6.315358001522335,9.006754319877503,8.646289764750648,10.142543822310387
0,61.0,0,17.0,0,2,0,1,0,1,0,0,0,1,0,0,0,0,0,0.6931471805599453,6.411818267709897,0.0,8.252185436003328,0.6931471805599453,8.399760094524142
1,18.0,1,59.0,1,1,1,0,0,0,0,0,1,0,0,0,0,0,1,0.0,0.0,0.0,0.0,0.0,0.0
1,45.0,1,69.0,1,1,1,0,0,0,1,0,1,0,0,0,0,1,0,0.0,0.0,0.0,0.0,0.0,0.0
0,22.0,0,13.0,1,1,1,1,0,0,1,0,1,0,0,1,0,0,0,3.367295829986474,6.042632833682381,3.6109179126442243,8.701512750872865,1.3862943611198906,8.77940359789435
0,30.0,0,14.0,1,2,0,1,0,0,1,0,1,0,0,1,0,0,0,6.963189985870238,0.0,0.0,0.0,0.0,6.963189985870238
0,30.0,0,14.0,1,2,0,1,0,0,1,0,1,0,0,1,0,0,0,7.479299637782834,0.0,0.0,2.639057329615259,0.0,7.486613313139955
1,32.0,1,15.0,1,1,1,0,0,0,0,0,0,0,0,1,0,0,0,0.0,0.0,0.0,0.0,0.0,0.0
0,43.0,1,13.0,0,1,1,1,0,0,1,0,1,0,0,1,0,0,0,5.869296913133774,6.799055862058796,0.0,0.0,1.0986122886681096,7.132497551660044
0,17.0,0,89.0,0,1,1,1,0,0,0,0,0,0,0,0,0,1,0,5.181783550292085,0.0,0.0,5.739792912179234,2.0794415416798357,6.20455776256869
0,23.0,0,69.0,0,3,0,1,0,0,0,0,1,0,0,0,0,0,1,0.0,3.091042453358316,0.0,0.0,7.438383530044307,7.450660796211539
0,20.0,0,90.0,0,3,0,1,0,0,0,0,1,0,0,0,0,1,0,0.0,6.144185634125646,0.0,1.791759469228055,5.4116460518550396,6.542471960506805
1,39.0,0,69.0,0,3,0,0,0,0,0,0,1,0,0,0,0,0,1,0.0,0.0,0.0,0.0,0.0,0.0
0,35.0,0,25.0,0,1,1,1,0,0,1,0,1,0,0,0,1,0,0,7.034387929915503,4.736198448394496,3.970291913552122,0.0,0.0,7.170119543449628
0,31.0,0,71.0,1,1,1,1,0,0,1,0,1,0,0,0,0,1,0,0.0,0.0,7.018401799069201,1.0986122886681096,0.0,7.020190708311925
0,21.0,0,72.0,1,1,1,1,0,0,0,0,0,0,0,0,0,1,0,0.0,5.017279836814924,0.0,6.342121418721152,0.0,6.576469569048224
0,16.0,0,91.0,0,1,1,1,0,0,0,0,1,0,0,0,0,1,0,6.539585955617669,0.0,4.624972813284271,4.948759890378168,0.0,6.838405200847344
0,60.0,1,11.0,0,1,1,1,0,1,0,0,1,0,1,0,0,0,0,0.0,8.889583991794973,8.69165057315339,7.338238150065589,0.0,9.598659321249377
0,18.0,0,92.0,0,1,1,1,0,0,0,0,1,0,0,0,0,1,0,0.0,5.062595033026967,0.0,5.8664680569332965,4.110873864173311,6.345636360828596
1,42.0,0,60.0,1,1,1,0,0,0,0,0,1,0,0,0,0,0,1,0.0,0.0,0.0,0.0,0.0,0.0
1,68.0,1,18.0,0,3,0,0,0,1,0,0,0,1,0,0,0,0,0,0.0,0.0,0.0,0.0,0.0,0.0
0,22.0,0,18.0,0,3,0,1,0,1,0,0,0,1,0,0,0,0,0,0.0,7.065613363597717,0.0,8.60666819784384,7.124478262493424,8.971956271245688
1,59.0,1,18.0,0,3,0,0,0,1,0,0,1,1,0,0,0,0,0,0.0,0.0,0.0,0.0,0.0,0.0
0,27.0,1,19.0,0,1,1,1,0,1,0,0,1,1,0,0,0,0,0,2.1972245773362196,8.184513753033722,0.0,2.639057329615259,4.060443010546419,8.206037762778815
0,37.0,0,96.0,0,3,0,1,0,0,1,0,1,0,0,0,0,1,0,6.9985096422506015,1.0986122886681096,3.295836866004329,3.5553480614894135,0.6931471805599453,7.05444965813294
1,3.0,1,96.0,0,3,0,0,1,0,1,0,1,0,0,0,0,1,0,0.0,0.0,0.0,0.0,0.0,0.0
1,31.0,1,96.0,0,3,0,0,0,0,1,0,1,0,0,0,0,1,0,0.0,0.0,0.0,0.0,0.0,0.0
0,31.0,1,26.0,0,1,1,1,0,1,0,0,1,0,0,0,1,0,0,6.035481432524756,0.0,8.879889967673464,6.333279628139691,6.675823221634848,9.100190628475195
0,29.0,1,16.0,1,1,1,1,0,1,0,0,1,0,1,0,0,0,0,0.0,8.323365694436081,0.0,6.573680166960646,8.0519780789023,8.983816112502495
0,20.0,1,5.0,1,2,0,1,0,1,0,0,0,0,0,0,0,0,0,1.0986122886681096,9.22197245620589,0.0,1.0986122886681096,5.420534999272286,9.24435525056346
1,46.0,1,5.0,1,2,0,0,0,1,0,0,0,0,0,0,0,0,0,0.0,0.0,0.0,0.0,0.0,0.0
0,29.0,1,75.0,1,1,1,1,0,0,0,0,1,0,0,0,0,1,0,0.0,6.934397209928558,0.0,2.833213344056216,0.0,6.949856455000773
1,43.0,1,97.0,0,1,1,0,0,0,1,0,1,0,0,0,0,1,0,0.0,0.0,0.0,0.0,0.0,0.0
0,17.0,0,76.0,1,1,1,1,0,0,1,0,1,0,0,0,0,1,0,7.302496423727326,2.3978952727983707,0.0,0.0,0.0,7.309212365692763
0,27.0,1,20.0,0,2,0,0,0,1,0,0,0,1,0,0,0,0,0,0.0,0.0,0.0,0.0,0.0,0.0
0,47.0,0,20.0,0,2,0,1,0,1,0,0,1,1,0,0,0,0,0,1.6094379124341003,6.79346613258001,0.0,7.993957547573565,8.204398418149381,8.924523226133914
1,45.0,1,77.0,1,1,1,0,0,0,1,0,1,0,0,0,0,1,0,0.0,0.0,0.0,0.0,0.0,0.0
1,17.0,1,62.0,1,1,1,0,0,0,0,0,1,0,0,0,0,0,1,0.0,0.0,0.0,0.0,0.0,0.0
0,10.0,1,63.0,1,2,0,0,1,0,0,0,0,0,0,0,0,0,1,0.0,0.0,0.0,0.0,0.0,0.0
0,56.0,0,63.0,1,2,0,1,0,0,0,1,0,0,0,0,0,0,1,3.8501476017100584,2.4849066497880004,0.0,6.434546518787453,0.0,6.522092798170152
0,39.0,0,78.0,1,2,0,1,0,0,0,0,1,0,0,0,0,1,0,5.948034989180646,0.0,3.1354942159291497,6.148468295917647,0.0,6.77078942390898
0,40.0,0,78.0,1,2,0,1,0,0,0,1,0,0,0,0,0,1,0,2.0794415416798357,0.0,6.734591659972948,3.295836866004329,0.0,6.773080375655535
1,40.0,1,13.0,1,1,1,0,0,1,0,0,1,1,0,0,0,0,0,0.0,0.0,0.0,0.0,0.0,0.0
0,34.0,0,13.0,0,1,1,1,0,1,0,0,0,0,1,0,0,0,0,0.0,8.637284671674058,3.828641396489095,7.5688956634069955,4.04305126783455,8.945723572455398
0,32.0,0,79.0,1,1,1,1,0,0,0,0,0,0,0,0,0,1,0,0.0,0.0,0.0,6.583409222158765,0.0,6.583409222158765
0,35.0,0,98.0,0,1,1,1,0,0,0,0,1,0,0,0,0,1,0,2.0794415416798357,6.950814768442584,0.0,0.0,0.0,6.957497370876951
0,32.0,0,15.0,0,2,0,1,0,0,1,0,1,0,0,1,0,0,0,7.818027938530729,6.063785208687608,4.634728988229636,0.0,0.0,8.011686729127847
0,26.0,0,99.0,0,2,0,1,0,0,1,0,1,0,0,0,0,1,0,7.533693709848633,0.0,4.919980925828125,0.0,0.0,7.603897968521881
0,25.0,0,80.0,1,2,0,1,0,0,0,0,1,0,0,0,0,1,0,7.210079628170788,0.0,0.0,3.2188758248682006,6.684611727667927,7.685243607975833
0,26.0,0,25.0,1,2,0,1,0,0,0,0,1,0,0,0,1,0,0,0.0,0.0,0.0,4.356708826689592,6.573680166960646,6.675823221634848
1,22.0,1,21.0,0,1,1,0,0,1,0,0,0,1,0,0,0,0,0,0.0,0.0,0.0,0.0,0.0,0.0
0,22.0,1,81.0,1,1,1,1,0,0,0,0,1,0,0,0,0,1,0,2.302585092994046,0.0,6.679599185844383,0.0,0.0,6.690842277418564
0,24.0,0,27.0,0,2,0,1,0,0,0,0,1,0,0,0,1,0,0,6.630683385642372,0.0,0.0,3.4965075614664802,0.0,6.672032945461067
1,32.0,1,71.0,0,2,0,0,0,0,0,1,0,0,0,0,0,0,1,0.0,0.0,0.0,0.0,0.0,0.0
1,11.0,1,64.0,1,1,1,0,1,0,0,0,1,0,0,0,0,0,1,0.0,0.0,0.0,0.0,0.0,0.0
1,22.0,1,26.0,1,1,1,0,0,0,1,0,1,0,0,0,1,0,0,0.0,0.0,0.0,0.0,0.0,0.0
1,19.0,1,14.0,1,3,0,0,0,1,0,0,1,1,0,0,0,0,0,0.0,0.0,0.0,0.0,0.0,0.0
1,34.0,1,933.5,1,3,0,0,0,1,0,0,0,0,0,0,0,1,0,0.0,0.0,0.0,0.0,0.0,0.0
1,74.0,1,14.0,1,3,0,0,0,1,0,0,1,1,0,0,0,0,0,0.0,0.0,0.0,0.0,0.0,0.0
0,28.0,1,15.0,1,3,0,1,0,1,0,0,0,1,0,0,0,0,0,1.791759469228055,8.36380888451688,0.0,6.61472560020376,1.791759469228055,8.52595469708481
1,42.0,1,15.0,1,3,0,0,0,1,0,0,1,1,0,0,0,0,0,0.0,0.0,0.0,0.0,0.0,0.0
1,43.0,1,15.0,1,3,0,0,0,1,0,0,1,1,0,0,0,0,0,0.0,0.0,0.0,0.0,0.0,0.0
0,55.0,0,83.0,1,1,1,1,0,0,0,0,1,0,0,0,0,1,0,5.351858133476067,5.225746673713202,5.241747015059643,4.0943445622221,4.304065093204169,6.573680166960646
0,19.0,1,72.0,0,3,0,1,0,0,0,1,0,0,0,0,0,0,1,0.0,0.0,6.617402977974478,3.295836866004329,0.0,6.651571873589727
1,6.0,0,72.0,0,3,0,0,1,0,0,0,1,0,0,0,0,0,1,0.0,0.0,0.0,0.0,0.0,0.0
0,7.0,0,72.0,0,3,0,0,1,0,0,0,1,0,0,0,0,0,1,0.0,0.0,0.0,0.0,0.0,0.0
1,28.0,1,16.0,1,1,1,0,0,1,0,0,0,0,0,1,0,0,0,0.0,0.0,0.0,0.0,0.0,0.0
0,15.0,0,84.0,1,1,1,1,0,0,0,0,1,0,0,0,0,1,0,7.676473646389156,0.0,0.0,4.0943445622221,1.0986122886681096,7.704361167910313
1,24.0,1,65.0,1,1,1,0,0,0,0,1,0,0,0,0,0,0,1,0.0,0.0,0.0,0.0,0.0,0.0
0,31.0,1,27.0,1,3,0,1,0,0,0,1,0,0,0,0,1,0,0,0.0,6.76849321164863,0.0,0.0,0.0,6.76849321164863
0,22.0,1,85.0,1,3,0,1,0,0,0,0,1,0,0,0,0,1,0,0.0,4.2626798770413155,5.209486152841421,6.418364935936212,3.044522437723423,6.785587645007929
0,1.0,1,66.0,1,3,0,0,1,0,0,0,0,0,0,0,0,0,1,0.0,0.0,0.0,0.0,0.0,0.0
1,50.0,0,67.0,1,1,1,0,0,0,0,0,1,0,0,0,0,0,1,0.0,0.0,0.0,0.0,0.0,0.0
0,34.0,0,100.0,0,2,0,1,0,0,1,0,1,0,0,0,0,1,0,6.763884908562435,0.0,5.552959584921617,0.0,3.58351893845611,7.05444965813294
0,14.0,0,100.0,0,2,0,1,1,0,1,0,1,0,0,0,0,1,0,6.834108738813838,6.748759547491679,4.406719247264253,0.0,0.0,7.529406457837013
0,19.0,0,28.0,0,2,0,1,0,0,0,0,1,0,0,0,1,0,0,1.6094379124341003,2.3978952727983707,0.0,7.072421900537371,6.061456918928017,7.390798521735676
0,27.0,1,28.0,0,2,0,1,0,0,0,0,1,0,0,0,1,0,0,0.0,6.484635235635252,3.1354942159291497,4.990432586778736,1.6094379124341003,6.717804695023691
0,36.0,0,101.0,0,1,1,1,0,0,0,0,1,0,0,0,0,1,0,0.0,0.0,6.761572768804055,0.6931471805599453,0.6931471805599453,6.763884908562435
1,34.0,0,933.5,1,1,1,0,0,0,0,0,1,0,0,0,0,1,0,0.0,0.0,0.0,0.0,0.0,0.0
1,25.0,1,86.0,1,2,0,0,0,0,1,0,0,0,0,0,0,1,0,0.0,0.0,0.0,0.0,0.0,0.0
1,36.0,1,86.0,1,2,0,0,0,0,1,0,1,0,0,0,0,1,0,0.0,0.0,0.0,0.0,0.0,0.0
0,16.0,0,22.0,0,2,0,1,0,1,0,0,1,1,0,0,0,0,0,0.0,3.828641396489095,1.0986122886681096,8.55333223803211,5.14166355650266,8.594339400592892
0,30.0,1,22.0,0,2,0,1,0,1,0,0,0,1,0,0,0,0,0,0.0,8.983816112502495,0.0,0.0,1.6094379124341003,8.984317679911129
0,37.0,0,87.0,1,1,1,1,0,0,0,1,0,0,0,0,0,1,0,0.0,2.3978952727983707,6.300785794663244,2.302585092994046,5.703782474656201,6.760414691083428
1,15.0,1,69.0,1,1,1,0,0,0,0,0,0,0,0,0,0,0,1,0.0,0.0,0.0,0.0,0.0,0.0
0,36.0,0,29.0,0,1,1,1,0,0,0,0,1,0,0,0,1,0,0,0.0,0.0,3.6635616461296463,2.302585092994046,6.8501261661455,6.898714534329988
0,27.0,0,103.0,0,3,0,1,0,0,1,1,0,0,0,0,0,1,0,0.0,1.9459101490553132,4.983606621708336,4.976733742420574,0.0,5.69035945432406
1,27.0,1,103.0,0,3,0,0,0,0,1,0,1,0,0,0,0,1,0,0.0,0.0,0.0,0.0,0.0,0.0
1,12.0,1,103.0,0,3,0,0,1,0,1,0,1,0,0,0,0,1,0,0.0,0.0,0.0,0.0,0.0,0.0
0,22.0,0,30.0,0,1,1,1,0,0,0,0,1,0,0,0,1,0,0,0.0,1.791759469228055,0.0,7.3901814282264295,0.0,7.393263094763838
0,27.0,0,74.0,0,1,1,1,0,0,0,0,1,0,0,0,0,0,1,0.0,3.5553480614894135,3.1780538303479458,0.0,5.62040086571715,5.808142489980444
1,13.0,1,70.0,1,1,1,0,1,0,0,0,1,0,0,0,0,0,1,0.0,0.0,0.0,0.0,0.0,0.0
0,27.0,0,28.0,1,2,0,1,0,0,0,0,1,0,0,0,1,0,0,0.0,4.77912349311153,0.0,1.791759469228055,6.501289670540389,6.670766320845874
0,28.0,0,88.0,1,2,0,1,0,0,0,0,1,0,0,0,0,1,0,0.0,2.70805020110221,0.0,0.0,6.423246963533519,6.4457198193855785
0,21.0,0,17.0,1,1,1,1,0,1,0,0,0,1,0,0,0,0,0,0.0,3.5263605246161616,0.0,8.116417072794205,4.02535169073515,8.142354276849835
0,39.0,0,19.0,1,1,1,1,0,1,0,0,1,0,1,0,0,0,0,5.153291594497779,7.492760300922379,2.5649493574615367,8.36730010184162,5.5093883366279774,8.783855896643942
1,28.0,0,76.0,0,1,1,0,0,0,0,1,0,0,0,0,0,0,1,0.0,0.0,0.0,0.0,0.0,0.0
1,14.0,1,71.0,1,1,1,0,1,0,0,0,1,0,0,0,0,0,1,0.0,0.0,0.0,0.0,0.0,0.0
1,27.0,1,933.5,1,2,0,0,0,1,0,0,0,0,0,0,0,1,0,0.0,0.0,0.0,0.0,0.0,0.0
1,46.0,1,18.0,1,2,0,0,0,1,0,0,0,1,0,0,0,0,0,0.0,0.0,0.0,0.0,0.0,0.0
1,27.0,1,89.0,1,2,0,0,0,0,1,0,0,0,0,0,0,1,0,0.0,0.0,0.0,0.0,0.0,0.0
0,21.0,0,29.0,1,2,0,0,0,0,1,0,1,0,0,0,1,0,0,0.0,0.0,0.0,0.0,0.0,0.0
0,21.0,1,19.0,0,1,1,1,0,0,1,0,0,0,0,1,0,0,0,6.2422232654551655,0.0,7.4673710669175595,4.418840607796598,0.0,7.76004068088038
0,42.0,0,32.0,0,1,1,1,0,1,0,0,1,0,0,0,1,0,0,0.0,6.835184586147301,6.875232087276577,0.0,6.1779441140506,7.774015077250727
0,22.0,0,933.5,1,1,1,1,0,0,1,0,1,0,0,0,0,1,0,2.3978952727983707,0.0,6.706862336602747,6.156978985585555,0.0,7.1693500166706
0,10.0,1,90.0,1,3,0,0,1,0,1,0,1,0,0,0,0,1,0,0.0,0.0,0.0,0.0,0.0,0.0
0,43.0,0,90.0,1,3,0,1,0,0,1,0,1,0,0,0,0,1,0,7.507690077819904,0.0,3.8712010109078907,3.4011973816621555,0.0,7.5485559791698735
0,42.0,0,31.0,1,3,0,1,0,0,1,0,1,0,0,0,1,0,0,7.1284959456800365,3.58351893845611,2.833213344056216,0.0,0.0,7.168579897264035
1,18.0,1,19.0,1,6,0,0,0,1,0,0,0,1,0,0,0,0,0,0.0,0.0,0.0,0.0,0.0,0.0
1,54.0,1,19.0,1,6,0,0,0,1,0,0,0,1,0,0,0,0,0,0.0,0.0,0.0,0.0,0.0,0.0
1,24.0,1,19.0,1,6,0,0,0,1,0,0,1,1,0,0,0,0,0,0.0,0.0,0.0,0.0,0.0,0.0
0,64.0,0,19.0,1,6,0,1,0,1,0,0,1,1,0,0,0,0,0,0.0,7.460490305825338,2.4849066497880004,5.996452088619021,6.6240652277998935,7.973155433444133
1,18.0,1,19.0,1,6,0,0,0,1,0,0,0,1,0,0,0,0,0,0.0,0.0,0.0,0.0,0.0,0.0
1,53.0,1,19.0,1,6,0,0,0,1,0,0,0,1,0,0,0,0,0,0.0,0.0,0.0,0.0,0.0,0.0
1,23.0,1,91.0,1,1,1,0,0,0,1,0,1,0,0,0,0,1,0,0.0,0.0,0.0,0.0,0.0,0.0
0,39.0,1,74.0,1,1,1,0,0,0,0,0,1,0,0,0,0,0,1,0.0,0.0,0.0,0.0,0.0,0.0
0,59.0,1,16.0,0,1,1,1,0,1,0,0,1,0,1,0,0,0,0,0.0,9.712448105122451,0.0,5.780743515792329,0.0,9.731809155840653
0,32.0,1,18.0,1,2,0,1,0,1,0,0,0,0,0,1,0,0,0,0.0,8.657998068007258,0.0,4.0943445622221,4.812184355372417,8.688959234270676
1,55.0,1,18.0,1,2,0,0,0,1,0,0,1,0,0,1,0,0,0,0.0,0.0,0.0,0.0,0.0,0.0
1,21.0,1,78.0,0,1,1,0,0,0,0,1,0,0,0,0,0,0,1,0.0,0.0,0.0,0.0,0.0,0.0
1,50.0,1,20.0,1,1,1,0,0,1,0,0,1,1,0,0,0,0,0,0.0,0.0,0.0,0.0,0.0,0.0
0,55.0,0,6.0,1,1,1,1,0,1,0,0,0,0,0,0,0,0,0,4.736198448394496,7.821242083523558,3.7376696182833684,0.0,7.773594467360194,8.521782643750045
0,27.0,0,109.0,0,1,1,1,0,0,0,0,1,0,0,0,0,1,0,7.27655640271871,0.0,0.6931471805599453,1.0986122886681096,4.304065093204169,7.3277805384216315
1,35.0,1,92.0,1,1,1,0,0,0,0,0,1,0,0,0,0,1,0,0.0,0.0,0.0,0.0,0.0,0.0
1,27.0,1,77.0,1,1,1,0,0,0,0,0,1,0,0,0,0,0,1,0.0,0.0,0.0,0.0,0.0,0.0
0,55.0,0,78.0,1,1,1,1,0,0,0,0,1,0,0,0,0,0,1,4.143134726391533,0.0,0.0,0.0,0.0,4.143134726391533
0,23.0,1,32.0,1,1,1,1,0,0,0,0,1,0,0,0,1,0,0,3.6888794541139363,5.575949103146316,0.0,0.0,0.0,5.713732805509369
0,42.0,0,33.0,0,1,1,1,0,0,0,0,1,0,0,0,1,0,0,0.0,0.0,6.621405651764134,0.0,5.056245805348308,6.810142450115136
0,35.0,1,33.0,1,1,1,1,0,0,0,0,1,0,0,0,1,0,0,6.317164686747284,5.365976015021851,7.458186157340487,0.0,1.9459101490553132,7.826443135456014
1,47.0,1,933.5,1,1,1,0,0,0,0,0,1,0,0,0,0,1,0,0.0,0.0,0.0,0.0,0.0,0.0
0,27.0,0,93.0,1,2,0,1,0,0,1,0,0,0,0,0,0,1,0,7.067319848653476,2.4849066497880004,1.3862943611198906,0.0,1.6094379124341003,7.0825485693553
1,34.0,1,93.0,1,2,0,0,0,0,1,0,1,0,0,0,0,1,0,0.0,0.0,0.0,0.0,0.0,0.0
0,46.0,0,17.0,0,1,1,1,0,1,0,0,1,0,1,0,0,0,0,0.0,7.02108396428914,0.0,8.13973227971767,8.794218683679489,9.31847703058076
1,26.0,0,81.0,0,1,1,0,0,0,0,1,0,0,0,0,0,0,1,0.0,0.0,0.0,0.0,0.0,0.0
1,1.0,0,82.0,0,2,0,0,1,0,0,0,0,0,0,0,0,0,1,0.0,0.0,0.0,0.0,0.0,0.0
1,27.0,1,82.0,0,2,0,0,0,0,0,0,0,0,0,0,0,0,1,0.0,0.0,0.0,0.0,0.0,0.0
0,33.0,0,21.0,0,1,1,1,0,0,1,0,1,0,0,1,0,0,0,3.044522437723423,0.0,5.953243334287785,6.324358962381311,0.0,6.8690144506657065
0,34.0,0,23.0,0,2,0,1,0,1,0,0,1,1,0,0,0,0,0,4.59511985013459,6.573680166960646,3.4011973816621555,8.653994232908383,7.551186867296149,9.045111892608405
0,49.0,0,23.0,0,2,0,1,0,1,0,0,1,1,0,0,0,0,0,8.181440695719374,7.1770187659099,5.75890177387728,6.464588303689961,3.258096538021482,8.676587243566487
0,22.0,0,83.0,0,1,1,1,0,0,0,0,1,0,0,0,0,0,1,0.0,1.791759469228055,0.0,5.771441123130016,5.8664680569332965,6.519147287940395
0,28.0,1,110.0,0,1,1,1,0,0,0,0,1,0,0,0,0,1,0,0.0,6.97914527506881,0.0,0.0,1.791759469228055,6.983789965258135
1,27.0,1,18.0,0,5,0,0,0,1,0,0,1,0,1,0,0,0,0,0.0,0.0,0.0,0.0,0.0,0.0
1,36.0,1,18.0,0,5,0,0,0,1,0,0,0,0,1,0,0,0,0,0.0,0.0,0.0,0.0,0.0,0.0
1,30.0,1,18.0,0,5,0,0,0,1,0,0,0,0,1,0,0,0,0,0.0,0.0,0.0,0.0,0.0,0.0
1,49.0,1,18.0,0,5,0,0,0,1,0,0,1,0,1,0,0,0,0,0.0,0.0,0.0,0.0,0.0,0.0
0,38.0,0,18.0,0,5,0,1,0,1,0,0,1,0,1,0,0,0,0,0.0,7.492203042618741,6.173786103901937,2.302585092994046,8.514790306799927,8.891374009484636
1,31.0,1,95.0,1,2,0,0,0,0,1,0,1,0,0,0,0,1,0,0.0,0.0,0.0,0.0,0.0,0.0
0,17.0,0,95.0,1,2,0,1,0,0,1,0,1,0,0,0,0,1,0,7.294377299288821,0.0,0.0,3.828641396489095,2.833213344056216,7.334981878871814
0,26.0,0,84.0,0,1,1,1,0,0,0,0,1,0,0,0,0,0,1,2.302585092994046,0.0,0.0,0.0,6.778784897685177,6.78897174299217
0,23.0,0,111.0,0,1,1,1,0,0,0,0,1,0,0,0,0,1,0,4.0943445622221,0.0,0.0,6.525029657843462,0.0,6.608000625296087
0,24.0,0,96.0,1,1,1,1,0,0,0,0,0,0,0,0,0,1,0,6.836259277277067,6.539585955617669,6.732210706467206,0.0,0.0,7.807916628926408
0,23.0,0,97.0,1,1,1,1,0,0,0,0,1,0,0,0,0,1,0,0.0,2.772588722239781,6.723832440821209,2.833213344056216,1.3862943611198906,6.763884908562435
0,24.0,1,36.0,1,1,1,1,0,0,0,0,1,0,0,0,1,0,0,0.0,4.465908118654584,6.558197802812269,0.0,0.6931471805599453,6.674561391814426
0,32.0,1,19.0,1,2,0,1,0,0,1,1,0,0,0,1,0,0,0,6.502790045915623,0.0,0.0,5.53338948872752,0.6931471805599453,6.824373670043086
1,43.0,1,98.0,1,2,0,0,0,0,1,0,1,0,0,0,0,1,0,0.0,0.0,0.0,0.0,0.0,0.0
0,23.0,1,99.0,1,1,1,1,0,0,0,0,1,0,0,0,0,1,0,2.639057329615259,2.5649493574615367,0.0,6.637258031284457,0.0,6.669498089857879
0,42.0,0,80.0,1,1,1,1,0,0,0,0,1,0,0,0,0,0,1,4.844187086458591,0.0,5.58724865840025,6.100318952020064,2.5649493574615367,6.745236349484362
1,29.0,1,21.0,1,1,1,0,0,1,0,0,0,0,1,0,0,0,0,0.0,0.0,0.0,0.0,0.0,0.0
1,40.0,1,19.0,0,2,0,0,0,1,0,0,1,0,1,0,0,0,0,0.0,0.0,0.0,0.0,0.0,0.0
0,37.0,1,19.0,0,2,0,1,0,1,0,0,1,0,1,0,0,0,0,0.0,8.780633799494984,0.0,6.639875833826536,0.0,8.891649112650057
1,61.0,1,20.0,0,2,0,0,0,1,0,0,0,0,1,0,0,0,0,0.0,0.0,0.0,0.0,0.0,0.0
0,33.0,0,20.0,0,2,0,1,0,1,0,0,1,0,1,0,0,0,0,0.0,5.111987788356544,0.6931471805599453,7.8343923029104365,0.0,7.898039690764619
0,19.0,1,100.0,1,1,1,1,0,0,0,0,1,0,0,0,0,1,0,0.0,7.264730177929867,0.0,0.6931471805599453,2.995732273553991,7.278628942320682
0,21.0,0,102.0,1,1,1,1,0,0,0,1,0,0,0,0,0,1,0,0.0,2.5649493574615367,6.364750756851911,0.0,4.382026634673881,6.51025834052315
0,4.0,0,81.0,1,3,0,0,1,0,0,0,1,0,0,0,0,0,1,0.0,0.0,0.0,0.0,0.0,0.0
0,12.0,1,81.0,1,3,0,0,1,0,0,1,0,0,0,0,0,0,1,0.0,0.0,0.0,0.0,0.0,0.0
0,44.0,1,103.0,1,3,0,1,0,0,0,0,1,0,0,0,0,1,0,7.273092595999522,5.683579767338681,4.31748811353631,3.4965075614664802,0.0,7.517520850603031
0,22.0,0,82.0,1,1,1,1,0,0,0,0,1,0,0,0,0,0,1,0.0,0.0,5.808142489980444,6.093569770045136,0.0,6.652863029353347
0,33.0,0,114.0,0,1,1,1,0,0,1,0,0,0,0,0,0,1,0,6.734591659972948,6.466144724237619,5.998936561946683,3.091042453358316,0.0,7.552762084214147
1,32.0,1,24.0,0,3,0,0,0,1,0,0,0,1,0,0,0,0,0,0.0,0.0,0.0,0.0,0.0,0.0
1,28.0,1,24.0,0,3,0,0,0,1,0,0,1,1,0,0,0,0,0,0.0,0.0,0.0,0.0,0.0,0.0
0,28.0,0,24.0,0,3,0,1,0,1,0,0,1,1,0,0,0,0,0,0.0,6.018593214496234,1.0986122886681096,7.2115567333138015,8.215006432761575,8.60557030203365
0,31.0,0,115.0,0,1,1,1,0,0,1,0,1,0,0,0,0,1,0,6.548219102762372,0.0,6.418364935936212,0.0,0.0,7.177782416195197
1,13.0,1,37.0,1,1,1,0,1,0,1,0,1,0,0,0,1,0,0,0.0,0.0,0.0,0.0,0.0,0.0
1,14.0,1,83.0,1,1,1,0,1,0,0,0,1,0,0,0,0,0,1,0.0,0.0,0.0,0.0,0.0,0.0
0,33.0,0,20.0,1,2,0,1,0,1,0,0,1,0,0,1,0,0,0,7.554334823725748,3.5263605246161616,0.0,0.6931471805599453,1.6094379124341003,7.5740450053721995
1,27.0,1,20.0,1,2,0,0,0,1,0,0,0,0,0,1,0,0,0,0.0,0.0,0.0,0.0,0.0,0.0
0,23.0,1,116.0,0,1,1,1,0,0,0,0,1,0,0,0,0,1,0,0.0,5.814130531825066,5.739792912179234,0.0,0.0,6.4692503167957724
0,36.0,1,22.0,1,1,1,1,0,1,0,0,1,0,1,0,0,0,0,6.274762021241939,8.534246945982066,0.6931471805599453,4.990432586778736,6.771935555839602,8.800113946766308
1,22.0,1,21.0,0,7,0,0,0,1,0,0,0,0,1,0,0,0,0,0.0,0.0,0.0,0.0,0.0,0.0
1,19.0,0,21.0,0,7,0,0,0,1,0,0,1,0,1,0,0,0,0,0.0,0.0,0.0,0.0,0.0,0.0
1,42.0,1,21.0,0,7,0,0,0,1,0,0,1,0,1,0,0,0,0,0.0,0.0,0.0,0.0,0.0,0.0
1,30.0,1,21.0,0,7,0,0,0,1,0,0,1,0,1,0,0,0,0,0.0,0.0,0.0,0.0,0.0,0.0
1,16.0,1,21.0,0,7,0,0,0,1,0,0,0,0,1,0,0,0,0,0.0,0.0,0.0,0.0,0.0,0.0
0,55.0,0,21.0,0,7,0,1,0,1,0,0,1,0,1,0,0,0,0,0.0,7.341483852363161,0.0,7.503840746698951,7.358193752733032,8.502079553606189
1,55.0,1,21.0,0,7,0,0,0,1,0,0,1,0,1,0,0,0,0,0.0,0.0,0.0,0.0,0.0,0.0
0,19.0,0,105.0,1,1,1,1,0,0,0,0,1,0,0,0,0,1,0,7.555905093611346,0.0,3.091042453358316,6.75110146893676,0.0,7.932721027481948
0,27.0,0,117.0,0,1,1,1,0,0,0,0,1,0,0,0,0,1,0,2.70805020110221,6.697034247666484,3.258096538021482,4.007333185232471,0.0,6.805722553416985
1,18.0,1,34.0,0,1,1,0,0,1,0,0,1,0,0,0,1,0,0,0.0,0.0,0.0,0.0,0.0,0.0
0,21.0,0,107.0,1,1,1,1,0,0,0,0,1,0,0,0,0,1,0,0.0,0.0,6.439350371100098,4.709530201312334,0.0,6.601230118728877
0,65.0,0,86.0,0,1,1,1,0,0,0,0,1,0,0,0,0,0,1,0.0,0.0,6.257667587882639,4.663439094112067,0.0,6.440946540632921
0,55.0,1,108.0,1,2,0,1,0,0,0,0,1,0,0,0,0,1,0,3.9889840465642745,6.673297967767654,3.6375861597263857,0.0,0.0,6.78105762593618
0,50.0,0,85.0,1,2,0,1,0,0,0,0,1,0,0,0,0,0,1,0.0,5.455321115357702,0.0,0.0,0.0,5.455321115357702
1,49.0,1,87.0,0,1,1,0,0,0,0,0,1,0,0,0,0,0,1,0.0,0.0,0.0,0.0,0.0,0.0
0,22.0,0,38.0,1,1,1,1,0,0,0,0,1,0,0,0,1,0,0,0.0,0.0,6.400257445308821,5.214935757608986,1.6094379124341003,6.670766320845874
1,33.0,1,118.0,0,1,1,0,0,0,1,0,1,0,0,0,0,1,0,0.0,0.0,0.0,0.0,0.0,0.0
1,3.0,1,109.0,1,3,0,0,1,0,1,0,1,0,0,0,0,1,0,0.0,0.0,0.0,0.0,0.0,0.0
1,0.0,1,109.0,1,3,0,0,1,0,1,0,1,0,0,0,0,1,0,0.0,0.0,0.0,0.0,0.0,0.0
1,33.0,1,109.0,1,3,0,0,0,0,1,0,1,0,0,0,0,1,0,0.0,0.0,0.0,0.0,0.0,0.0
1,48.0,1,120.0,0,3,0,0,0,0,1,0,1,0,0,0,0,1,0,0.0,0.0,0.0,0.0,0.0,0.0
1,5.0,1,120.0,0,3,0,0,1,0,1,0,1,0,0,0,0,1,0,0.0,0.0,0.0,0.0,0.0,0.0
0,23.0,0,22.0,0,3,0,1,0,0,1,0,1,0,0,1,0,0,0,7.88193748927207,0.0,6.996681488176539,0.0,0.0,8.227108234348146
1,53.0,1,23.0,0,1,1,0,0,1,0,0,1,0,0,1,0,0,0,0.0,0.0,0.0,0.0,0.0,0.0
0,18.0,0,121.0,0,1,1,1,0,0,1,0,1,0,0,0,0,1,0,1.791759469228055,3.258096538021482,6.424869023905388,0.0,6.949856455000773,7.4318919168078
1,20.0,0,89.0,0,1,1,0,0,0,0,1,0,0,0,0,0,0,1,0.0,0.0,0.0,0.0,0.0,0.0
0,23.0,0,35.0,0,1,1,1,0,0,0,0,1,0,0,0,1,0,0,5.459585514144159,0.6931471805599453,6.313548046277095,0.0,0.6931471805599453,6.669498089857879
0,48.0,0,90.0,0,1,1,1,0,0,0,0,1,0,0,0,0,0,1,6.687108607866515,1.0986122886681096,0.0,0.6931471805599453,6.881411303642535,7.48324441607385
1,19.0,0,86.0,1,1,1,0,0,0,0,1,0,0,0,0,0,0,1,0.0,0.0,0.0,0.0,0.0,0.0
0,27.0,0,24.0,0,1,1,1,0,0,1,0,1,0,0,1,0,0,0,3.784189633918261,5.030437921392435,5.209486152841421,0.6931471805599453,7.603897968521881,7.776535028185241
0,9.0,0,87.0,1,2,0,0,1,0,0,0,0,0,0,0,0,0,1,0.0,0.0,0.0,0.0,0.0,0.0
0,24.0,0,39.0,1,2,0,1,0,0,0,0,1,0,0,0,1,0,0,0.0,1.6094379124341003,0.0,6.508769136971682,4.736198448394496,6.669498089857879
0,46.0,1,123.0,0,1,1,1,0,0,1,0,1,0,0,0,0,1,0,3.091042453358316,0.0,7.6760099320288875,6.0473721790462776,0.0,7.8628820346414905
1,23.0,1,91.0,0,2,0,0,0,0,0,0,1,0,0,0,0,0,1,0.0,0.0,0.0,0.0,0.0,0.0
1,21.0,0,91.0,0,2,0,0,0,0,0,0,1,0,0,0,0,0,1,0.0,0.0,0.0,0.0,0.0,0.0
1,19.0,0,89.0,1,1,1,0,0,0,0,0,1,0,0,0,0,0,1,0.0,0.0,0.0,0.0,0.0,0.0
0,0.0,1,124.0,0,4,0,0,1,0,1,0,1,0,0,0,0,1,0,0.0,0.0,0.0,0.0,0.0,0.0
0,4.0,1,124.0,0,4,0,0,1,0,1,0,1,0,0,0,0,1,0,0.0,0.0,0.0,0.0,0.0,0.0
0,26.0,0,124.0,0,4,0,1,0,0,1,0,1,0,0,0,0,1,0,7.133295954896068,0.0,3.8501476017100584,4.8283137373023015,1.9459101490553132,7.264730177929867
1,9.0,1,124.0,0,4,0,0,1,0,1,0,1,0,0,0,0,1,0,0.0,0.0,0.0,0.0,0.0,0.0
0,24.0,1,23.0,1,1,1,1,0,1,0,0,1,0,1,0,0,0,0,0.0,8.12740456269308,6.717804695023691,2.302585092994046,6.677083461247136,8.519989278718239
1,24.0,1,125.0,0,3,0,0,0,0,1,0,1,0,0,0,0,1,0,0.0,0.0,0.0,0.0,0.0,0.0
0,25.0,0,36.0,0,3,0,0,0,0,1,0,1,0,0,0,1,0,0,0.0,0.0,0.0,0.0,0.0,0.0
1,21.0,1,125.0,0,3,0,0,0,0,1,0,1,0,0,0,0,1,0,0.0,0.0,0.0,0.0,0.0,0.0
0,21.0,0,126.0,0,1,1,1,0,0,0,0,1,0,0,0,0,1,0,0.0,0.0,2.5649493574615367,0.0,6.617402977974478,6.633318433280377
0,37.0,0,22.0,0,3,0,1,0,1,0,0,1,0,1,0,0,0,0,3.332204510175204,6.484635235635252,2.3978952727983707,6.782192056006791,9.166283985779263,9.318387276059317
0,44.0,0,22.0,0,3,0,1,0,1,0,0,0,0,1,0,0,0,0,6.075346031088684,8.043663352393944,2.995732273553991,0.0,6.794586580876499,8.402679804627477
0,43.0,0,22.0,0,3,0,1,0,1,0,0,1,0,1,0,0,0,0,1.6094379124341003,7.013915474810528,4.77912349311153,7.52456122628536,0.0,8.034631032923107
0,7.0,1,94.0,0,1,1,0,1,0,0,0,1,0,0,0,0,0,1,0.0,0.0,0.0,0.0,0.0,0.0
0,33.0,0,128.0,0,1,1,1,0,0,1,0,1,0,0,0,0,1,0,5.0106352940962555,0.0,0.0,0.0,4.700480365792417,5.556828061699537
0,24.0,0,129.0,0,1,1,1,0,0,0,0,1,0,0,0,0,1,0,0.0,0.0,5.438079308923196,6.220590170099739,1.791759469228055,6.602587892189336
1,31.0,1,90.0,1,1,1,0,0,0,0,1,0,0,0,0,0,0,1,0.0,0.0,0.0,0.0,0.0,0.0
1,27.0,1,25.0,0,1,1,0,0,1,0,0,1,1,0,0,0,0,0,0.0,0.0,0.0,0.0,0.0,0.0
0,34.0,1,91.0,1,1,1,0,0,0,0,0,1,0,0,0,0,0,1,0.0,0.0,0.0,0.0,0.0,0.0
1,58.0,0,92.0,1,3,0,0,0,0,0,0,1,0,0,0,0,0,1,0.0,0.0,0.0,0.0,0.0,0.0
0,7.0,1,92.0,1,3,0,0,1,0,0,0,1,0,0,0,0,0,1,0.0,0.0,0.0,0.0,0.0,0.0
1,3.0,1,92.0,1,3,0,0,1,0,0,0,0,0,0,0,0,0,1,0.0,0.0,0.0,0.0,0.0,0.0
0,21.0,1,95.0,0,2,0,1,0,0,0,0,0,0,0,0,0,0,1,0.0,0.0,6.812345094177479,3.912023005428146,0.0,6.86484777797086
0,21.0,0,131.0,0,2,0,1,0,0,0,1,0,0,0,0,0,1,0,0.6931471805599453,5.910796644040527,0.0,0.0,5.963579343618446,6.630683385642372
1,39.0,1,24.0,1,2,0,0,0,1,0,0,1,0,1,0,0,0,0,0.0,0.0,0.0,0.0,0.0,0.0
1,43.0,1,24.0,1,2,0,0,0,1,0,0,0,0,1,0,0,0,0,0.0,0.0,0.0,0.0,0.0,0.0
1,22.0,1,93.0,1,1,1,0,0,0,0,0,1,0,0,0,0,0,1,0.0,0.0,0.0,0.0,0.0,0.0
0,44.0,1,133.0,0,1,1,1,0,0,0,0,1,0,0,0,0,1,0,4.6443908991413725,0.0,2.9444389791664403,7.088408778675395,0.6931471805599453,7.1853870155804165
0,38.0,0,96.0,0,1,1,1,0,0,0,0,1,0,0,0,0,0,1,0.0,0.0,0.0,6.926577033222725,0.0,6.926577033222725
1,32.0,1,112.0,1,1,1,0,0,0,1,0,1,0,0,0,0,1,0,0.0,0.0,0.0,0.0,0.0,0.0
1,55.0,1,113.0,1,1,1,0,0,0,1,0,1,0,0,0,0,1,0,0.0,0.0,0.0,0.0,0.0,0.0
0,31.0,0,25.0,0,1,1,1,0,0,1,1,0,0,0,1,0,0,0,6.4457198193855785,0.0,0.0,5.017279836814924,0.0,6.659293919683638
0,39.0,0,135.0,0,1,1,1,0,0,0,0,1,0,0,0,0,1,0,0.0,7.311218384419629,0.0,4.948759890378168,5.950642552587727,7.61085279039525
0,35.0,1,94.0,1,2,0,1,0,0,0,0,1,0,0,0,0,0,1,0.0,7.483806687665835,0.0,0.0,0.0,7.483806687665835
0,37.0,0,43.0,1,2,0,1,0,0,0,0,1,0,0,0,1,0,0,6.421622267806518,0.0,3.9318256327243257,2.4849066497880004,5.768320995793772,6.902742737158593
0,13.0,0,136.0,0,2,0,1,1,0,0,0,0,0,0,0,0,1,0,0.0,2.0794415416798357,0.0,5.8289456176102075,5.886104031450156,6.559615237493242
0,21.0,0,136.0,0,2,0,1,0,0,0,0,1,0,0,0,0,1,0,0.0,0.0,2.0794415416798357,6.516193076042964,0.0,6.52649485957079
0,20.0,0,44.0,1,1,1,0,0,0,1,0,1,0,0,0,1,0,0,0.0,0.0,0.0,0.0,0.0,0.0
1,20.0,1,28.0,0,1,1,0,0,1,0,0,0,1,0,0,0,0,0,0.0,0.0,0.0,0.0,0.0,0.0
0,63.0,1,137.0,0,1,1,1,0,0,0,0,1,0,0,0,0,1,0,0.0,4.820281565605037,6.863803391452954,3.258096538021482,0.0,7.007600613951853
0,36.0,0,114.0,1,1,1,1,0,0,0,0,1,0,0,0,0,1,0,1.0986122886681096,0.0,0.0,7.580189417944541,2.995732273553991,7.590852123688581
0,29.0,1,25.0,1,5,0,1,0,1,0,0,0,0,1,0,0,0,0,0.0,8.11522197256233,0.0,4.77912349311153,6.880384082186005,8.39728289474368
0,36.0,1,25.0,1,5,0,1,0,1,0,0,0,0,1,0,0,0,0,0.0,8.510772623613315,4.418840607796598,7.325148957955575,6.3561076606958915,8.873748128154395
0,79.0,0,25.0,1,5,0,1,0,1,0,0,1,0,1,0,0,0,0,0.0,0.0,0.0,7.701200180857446,1.0986122886681096,7.70210434005105
1,30.0,1,25.0,1,5,0,0,0,1,0,0,0,0,1,0,0,0,0,0.0,0.0,0.0,0.0,0.0,0.0
1,30.0,1,25.0,1,5,0,0,0,1,0,0,0,0,1,0,0,0,0,0.0,0.0,0.0,0.0,0.0,0.0
0,19.0,1,138.0,0,1,1,1,0,0,1,0,1,0,0,0,0,1,0,6.927557906278317,5.58724865840025,4.955827057601261,0.0,0.0,7.2633296174768365
1,33.0,1,38.0,0,1,1,0,0,1,0,0,1,0,0,0,1,0,0,0.0,0.0,0.0,0.0,0.0,0.0
0,20.0,0,98.0,0,1,1,1,0,0,0,0,1,0,0,0,0,0,1,7.45298232946546,0.0,0.0,0.6931471805599453,0.0,7.453561871643373
1,38.0,1,26.0,1,1,1,0,0,1,0,0,0,0,1,0,0,0,0,0.0,0.0,0.0,0.0,0.0,0.0
1,7.0,1,115.0,1,3,0,0,1,0,1,0,1,0,0,0,0,1,0,0.0,0.0,0.0,0.0,0.0,0.0
1,58.0,1,115.0,1,3,0,0,0,0,1,0,1,0,0,0,0,1,0,0.0,0.0,0.0,0.0,0.0,0.0
0,33.0,0,115.0,1,3,0,1,0,0,1,0,1,0,0,0,0,1,0,4.663439094112067,0.0,6.992096427415888,0.0,0.0,7.084226422097916
1,3.0,1,95.0,1,1,1,0,1,0,0,1,0,0,0,0,0,0,1,0.0,0.0,0.0,0.0,0.0,0.0
0,39.0,1,45.0,1,1,1,0,0,0,1,0,1,0,0,0,1,0,0,0.0,0.0,0.0,0.0,0.0,0.0
0,37.0,1,39.0,0,1,1,1,0,0,1,0,1,0,0,0,1,0,0,5.472270673671475,1.0986122886681096,6.5638555265321274,0.0,0.0,6.854354502255021
0,32.0,0,101.0,0,1,1,1,0,0,0,0,1,0,0,0,0,0,1,0.0,0.0,0.0,6.645090969505644,1.3862943611198906,6.648984550024776
0,28.0,1,117.0,1,2,0,1,0,0,0,0,1,0,0,0,0,1,0,0.0,6.761572768804055,0.0,2.8903717578961645,0.0,6.78105762593618
0,38.0,0,97.0,1,2,0,1,0,0,0,0,1,0,0,0,0,0,1,0.0,2.1972245773362196,6.602587892189336,4.948759890378168,0.0,6.785587645007929
0,21.0,0,118.0,1,1,1,1,0,0,0,1,0,0,0,0,0,1,0,0.0,6.3578422665081,0.6931471805599453,3.044522437723423,0.0,6.393590753950631
1,18.0,1,98.0,1,1,1,0,0,0,0,0,1,0,0,0,0,0,1,0.0,0.0,0.0,0.0,0.0,0.0
1,15.0,0,99.0,1,1,1,0,0,0,0,0,1,0,0,0,0,0,1,0.0,0.0,0.0,0.0,0.0,0.0
0,44.0,0,23.0,0,1,1,1,0,1,0,0,1,0,1,0,0,0,0,0.0,7.826842098158293,0.0,7.215975002651466,6.583409222158765,8.431417414394833
0,44.0,1,140.0,0,1,1,1,0,0,0,0,1,0,0,0,0,1,0,4.465908118654584,6.26530121273771,2.833213344056216,3.912023005428146,3.6888794541139363,6.573680166960646
0,36.0,0,46.0,1,1,1,1,0,1,0,0,1,0,0,0,1,0,0,0.0,0.0,0.0,8.413608875159667,8.646465527120377,9.229848838364227
0,28.0,1,141.0,0,2,0,1,0,0,1,0,1,0,0,0,0,1,0,0.0,0.0,8.868554040531201,0.0,0.0,8.868554040531201
0,15.0,0,141.0,0,2,0,1,0,0,1,0,1,0,0,0,0,1,0,7.142827401161621,0.0,1.0986122886681096,3.1780538303479458,0.0,7.162397497355718
0,45.0,0,142.0,0,1,1,1,0,0,0,0,1,0,0,0,0,1,0,0.0,3.258096538021482,4.477336814478207,6.897704943128636,6.180016653652572,7.367708572374371
0,26.0,0,143.0,0,1,1,1,0,0,0,0,1,0,0,0,0,1,0,0.0,6.274762021241939,1.0986122886681096,2.302585092994046,6.0014148779611505,6.851184927493743
1,46.0,1,102.0,0,1,1,0,0,0,0,1,0,0,0,0,0,0,1,0.0,0.0,0.0,0.0,0.0,0.0
0,25.0,0,103.0,0,1,1,1,0,0,0,0,1,0,0,0,0,0,1,0.6931471805599453,0.0,3.6635616461296463,2.0794415416798357,6.608000625296087,6.668228248417403
1,46.0,0,101.0,1,1,1,0,0,0,0,1,0,0,0,0,0,0,1,0.0,0.0,0.0,0.0,0.0,0.0
1,15.0,0,102.0,1,1,1,0,0,0,0,0,1,0,0,0,0,0,1,0.0,0.0,0.0,0.0,0.0,0.0
1,37.0,0,103.0,1,1,1,0,0,0,0,0,1,0,0,0,0,0,1,0.0,0.0,0.0,0.0,0.0,0.0
0,20.0,0,104.0,1,1,1,1,0,0,0,0,1,0,0,0,0,0,1,0.0,5.375278407684165,0.0,6.295266001439646,0.0,6.6293632534374485
1,45.0,0,105.0,0,3,0,0,0,0,0,1,0,0,0,0,0,0,1,0.0,0.0,0.0,0.0,0.0,0.0
1,7.0,0,105.0,0,3,0,0,1,0,0,0,1,0,0,0,0,0,1,0.0,0.0,0.0,0.0,0.0,0.0
1,5.0,0,105.0,0,3,0,0,1,0,0,0,1,0,0,0,0,0,1,0.0,0.0,0.0,0.0,0.0,0.0
1,38.0,1,121.0,1,1,1,0,0,0,1,0,1,0,0,0,0,1,0,0.0,0.0,0.0,0.0,0.0,0.0
0,30.0,0,144.0,0,1,1,1,0,0,1,0,1,0,0,0,0,1,0,5.598421958998375,4.574710978503383,5.53338948872752,0.0,0.0,6.42648845745769
0,27.0,1,145.0,0,3,0,0,0,0,1,0,1,0,0,0,0,1,0,0.0,0.0,0.0,0.0,0.0,0.0
0,0.0,1,145.0,0,3,0,0,1,0,1,0,1,0,0,0,0,1,0,0.0,0.0,0.0,0.0,0.0,0.0
1,20.0,1,145.0,0,3,0,0,0,0,1,0,1,0,0,0,0,1,0,0.0,0.0,0.0,0.0,0.0,0.0
0,41.0,0,41.0,0,1,1,1,0,0,0,0,1,0,0,0,1,0,0,0.6931471805599453,6.827629234502852,1.6094379124341003,4.02535169073515,2.772588722239781,6.905753276311464
1,18.0,1,146.0,0,2,0,0,0,0,1,0,1,0,0,0,0,1,0,0.0,0.0,0.0,0.0,0.0,0.0
0,29.0,0,30.0,0,2,0,1,0,0,1,0,1,0,0,1,0,0,0,8.265650165580329,0.0,0.0,2.5649493574615367,0.0,8.268731832117737
0,19.0,0,23.0,1,1,1,1,0,0,1,0,1,0,0,1,0,0,0,8.038512020976814,0.0,2.302585092994046,0.0,5.365976015021851,8.107720061910534
0,34.0,0,48.0,1,1,1,1,0,0,1,0,1,0,0,0,1,0,0,7.587817219993427,0.0,4.584967478670572,3.7376696182833684,1.3862943611198906,7.656810091480378
1,36.0,1,25.0,1,1,1,0,0,1,0,0,1,1,0,0,0,0,0,0.0,0.0,0.0,0.0,0.0,0.0
1,54.0,1,122.0,1,1,1,0,0,0,1,0,1,0,0,0,0,1,0,0.0,0.0,0.0,0.0,0.0,0.0
0,19.0,0,49.0,1,3,0,1,0,0,1,0,1,0,0,0,1,0,0,5.10594547390058,0.0,6.664409020350408,0.0,0.0,6.854354502255021
0,21.0,0,123.0,1,3,0,1,0,0,1,0,1,0,0,0,0,1,0,6.226536669287466,0.0,7.577121930876679,0.0,0.0,7.80710329012598
1,23.0,1,49.0,1,3,0,0,0,0,1,0,1,0,0,0,1,0,0,0.0,0.0,0.0,0.0,0.0,0.0
1,35.0,1,933.5,1,2,0,0,0,1,0,0,0,0,0,0,0,1,0,0.0,0.0,0.0,0.0,0.0,0.0
0,34.0,0,27.0,1,2,0,1,0,1,0,0,1,0,1,0,0,0,0,0.0,8.157370441186774,0.0,8.37655086161377,3.6635616461296463,8.970813341411448
0,22.0,1,107.0,1,1,1,1,0,0,0,0,1,0,0,0,0,0,1,0.0,6.366470447731438,5.424950017481403,4.31748811353631,0.0,6.782192056006791
0,24.0,1,147.0,0,1,1,1,0,0,0,0,0,0,0,0,0,1,0,3.091042453358316,0.0,6.536691597591305,2.5649493574615367,0.0,6.583409222158765
1,18.0,1,126.0,1,2,0,0,0,0,1,0,1,0,0,0,0,1,0,0.0,0.0,0.0,0.0,0.0,0.0
0,24.0,0,24.0,1,2,0,1,0,0,1,0,0,0,0,1,0,0,0,7.900636613018005,0.0,5.71042701737487,2.1972245773362196,1.791759469228055,8.0106915391303
1,33.0,1,25.0,1,1,1,0,0,1,0,0,1,0,0,1,0,0,0,0.0,0.0,0.0,0.0,0.0,0.0
0,24.0,0,127.0,1,1,1,1,0,0,0,0,1,0,0,0,0,1,0,4.804021044733257,5.472270673671475,1.6094379124341003,5.961005339623274,4.007333185232471,6.6895992691789665
1,18.0,1,108.0,1,1,1,0,0,0,0,0,1,0,0,0,0,0,1,0.0,0.0,0.0,0.0,0.0,0.0
1,19.0,1,107.0,0,1,1,0,0,0,0,0,1,0,0,0,0,0,1,0.0,0.0,0.0,0.0,0.0,0.0
0,43.0,1,149.0,0,1,1,1,0,0,0,0,0,0,0,0,0,1,0,0.0,0.0,6.583409222158765,0.0,0.0,6.583409222158765
1,44.0,1,109.0,1,1,1,0,0,0,0,0,1,0,0,0,0,0,1,0.0,0.0,0.0,0.0,0.0,0.0
0,25.0,1,7.0,1,3,0,1,0,1,0,0,0,0,0,0,0,0,0,0.0,8.507142855562735,0.0,6.115892125483034,2.772588722239781,8.597297435657898
1,25.0,1,7.0,1,3,0,0,0,1,0,0,0,0,0,0,0,0,0,0.0,0.0,0.0,0.0,0.0,0.0
1,23.0,1,933.5,1,3,0,0,0,1,0,0,0,0,0,0,0,1,0,0.0,0.0,0.0,0.0,0.0,0.0
0,23.0,0,42.0,0,1,1,1,0,0,1,0,1,0,0,0,1,0,0,7.4360278163518485,0.0,0.0,3.4657359027997265,5.857933154483459,7.638198244285779
0,20.0,0,150.0,0,2,0,1,0,0,1,0,1,0,0,0,0,1,0,6.126869184114185,0.0,5.14166355650266,7.0326242610280065,0.0,7.473069088032197
0,2.0,1,150.0,0,2,0,0,1,0,1,0,1,0,0,0,0,1,0,0.0,0.0,0.0,0.0,0.0,0.0
0,26.0,0,50.0,1,1,1,1,0,0,0,0,1,0,0,0,1,0,0,7.363913501405819,1.0986122886681096,0.0,3.4339872044851463,0.0,7.383989457978509
1,38.0,1,109.0,0,7,0,0,0,0,0,1,0,0,0,0,0,0,1,0.0,0.0,0.0,0.0,0.0,0.0
0,1.0,0,109.0,0,7,0,0,1,0,0,0,1,0,0,0,0,0,1,0.0,0.0,0.0,0.0,0.0,0.0
0,12.0,1,109.0,0,7,0,0,1,0,0,0,1,0,0,0,0,0,1,0.0,0.0,0.0,0.0,0.0,0.0
1,2.0,0,109.0,0,7,0,0,1,0,0,1,0,0,0,0,0,0,1,0.0,0.0,0.0,0.0,0.0,0.0
1,25.0,0,109.0,0,7,0,0,0,0,0,1,0,0,0,0,0,0,1,0.0,0.0,0.0,0.0,0.0,0.0
1,1.0,1,109.0,0,7,0,0,1,0,0,0,0,0,0,0,0,0,1,0.0,0.0,0.0,0.0,0.0,0.0
1,0.0,1,109.0,0,7,0,0,1,0,0,0,0,0,0,0,0,0,1,0.0,0.0,0.0,0.0,0.0,0.0
0,54.0,1,933.5,1,1,1,0,0,1,0,0,0,0,0,0,0,1,0,0.0,0.0,0.0,0.0,0.0,0.0
0,21.0,0,43.0,0,1,1,1,0,0,0,0,1,0,0,0,1,0,0,6.257667587882639,0.0,1.6094379124341003,5.568344503761097,0.6931471805599453,6.669498089857879
0,19.0,0,44.0,0,1,1,0,0,0,1,0,1,0,0,0,1,0,0,0.0,0.0,0.0,0.0,0.0,0.0
0,24.0,0,132.0,1,1,1,1,0,0,0,1,0,0,0,0,0,1,0,0.0,3.1780538303479458,0.0,5.220355825078325,7.8504931808711405,7.928045600874777
1,20.0,0,111.0,0,1,1,0,0,0,0,0,1,0,0,0,0,0,1,0.0,0.0,0.0,0.0,0.0,0.0
0,23.0,1,133.0,1,1,1,1,0,0,0,0,1,0,0,0,0,1,0,4.941642422609304,0.0,0.6931471805599453,5.030437921392435,5.872117789475416,6.472346294500901
0,29.0,1,134.0,1,1,1,1,0,0,0,0,0,0,0,0,0,1,0,0.0,0.0,1.0986122886681096,6.668228248417403,6.38856140554563,7.232010331664759
0,14.0,1,53.0,1,1,1,1,1,0,0,0,1,0,0,0,1,0,0,2.0794415416798357,6.661854740545311,0.0,0.0,0.0,6.670766320845874
0,19.0,0,933.5,1,1,1,1,0,0,0,0,1,0,0,0,0,1,0,0.0,6.5722825426940075,1.0986122886681096,0.0,0.0,6.57507584059962
0,23.0,0,153.0,0,1,1,1,0,0,0,0,0,0,0,0,0,1,0,0.0,3.6635616461296463,4.48863636973214,1.6094379124341003,6.331501849893691,6.539585955617669
0,62.0,0,154.0,0,1,1,1,0,0,0,0,1,0,0,0,0,1,0,6.569481420414296,1.0986122886681096,5.777652323222656,0.0,6.249975242259483,7.348587530927593
0,23.0,0,156.0,0,1,1,1,0,0,0,0,1,0,0,0,0,1,0,0.0,0.0,6.184148890937483,5.241747015059643,0.0,6.511745329644728
0,65.0,0,28.0,1,1,1,1,0,1,0,0,0,0,1,0,0,0,0,0.0,6.728628613084702,0.0,3.6635616461296463,0.0,6.773080375655535
0,47.0,1,157.0,0,1,1,0,0,0,1,0,1,0,0,0,0,1,0,0.0,0.0,0.0,0.0,0.0,0.0
0,67.0,0,24.0,0,3,0,1,0,1,0,0,0,0,1,0,0,0,0,4.343805421853684,2.833213344056216,0.0,7.717796211013582,7.062191632286556,8.16223106548118
1,14.0,1,24.0,0,3,0,0,1,1,0,0,0,0,1,0,0,0,0,0.0,0.0,0.0,0.0,0.0,0.0
0,41.0,0,24.0,0,3,0,1,0,1,0,0,1,0,1,0,0,0,0,8.187299270155147,8.139148678884066,0.0,0.0,4.07753744390572,8.864746660905409
1,14.0,1,111.0,1,1,1,0,1,0,0,0,1,0,0,0,0,0,1,0.0,0.0,0.0,0.0,0.0,0.0
1,19.0,0,112.0,1,1,1,0,0,0,0,0,1,0,0,0,0,0,1,0.0,0.0,0.0,0.0,0.0,0.0
0,22.0,0,140.0,1,1,1,1,0,0,0,0,0,0,0,0,0,1,0,2.772588722239781,4.962844630259907,0.0,3.7376696182833684,6.202535517187923,6.539585955617669
1,34.0,1,4.0,0,3,0,0,0,1,0,0,1,0,0,0,0,0,0,0.0,0.0,0.0,0.0,0.0,0.0
0,65.0,0,4.0,0,3,0,1,0,1,0,0,0,0,0,0,0,0,0,2.995732273553991,7.20414929203594,1.6094379124341003,8.068089626278244,2.1972245773362196,8.42639282708974
1,42.0,1,933.5,1,3,0,0,0,1,0,0,0,0,0,0,0,1,0,0.0,0.0,0.0,0.0,0.0,0.0
1,22.0,1,31.0,0,1,1,0,0,1,0,0,0,0,0,1,0,0,0,0.0,0.0,0.0,0.0,0.0,0.0
1,54.0,1,27.0,1,3,0,0,0,1,0,0,0,1,0,0,0,0,0,0.0,0.0,0.0,0.0,0.0,0.0
0,34.0,0,27.0,1,3,0,1,0,1,0,0,1,1,0,0,0,0,0,3.8712010109078907,5.662960480135946,0.0,8.3670677328386,0.0,8.441822884391462
1,27.0,1,27.0,1,3,0,0,0,1,0,0,1,1,0,0,0,0,0,0.0,0.0,0.0,0.0,0.0,0.0
0,67.0,0,33.0,0,1,1,1,0,0,1,0,0,0,0,1,0,0,0,0.6931471805599453,0.0,1.791759469228055,6.930494765951626,5.0238805208462765,7.07326971745971
0,33.0,1,26.0,0,1,1,1,0,1,0,0,1,0,1,0,0,0,0,0.0,8.263590432617319,0.0,3.8918202981106265,4.219507705176107,8.292798858200374
1,30.0,0,114.0,1,1,1,0,0,0,0,1,0,0,0,0,0,0,1,0.0,0.0,0.0,0.0,0.0,0.0
0,22.0,0,115.0,1,1,1,0,0,0,0,0,1,0,0,0,0,0,1,0.0,0.0,0.0,0.0,0.0,0.0
0,35.0,1,142.0,1,2,0,1,0,0,1,1,0,0,0,0,0,1,0,7.130098510125578,0.0,4.02535169073515,2.5649493574615367,0.0,7.182352111885263
0,23.0,0,142.0,1,2,0,1,0,0,1,0,1,0,0,0,0,1,0,6.628041376179533,0.0,4.804021044733257,0.0,0.0,6.776506992372183
0,49.0,0,116.0,1,1,1,1,0,0,0,0,1,0,0,0,0,0,1,0.0,1.9459101490553132,6.522092798170152,2.772588722239781,5.236441962829949,6.78897174299217
0,36.0,0,32.0,0,2,0,1,0,1,0,0,0,1,0,0,0,0,0,3.4011973816621555,9.407632639699958,0.0,4.543294782270004,9.758866322925,10.29583364815114
1,31.0,1,32.0,0,2,0,0,0,1,0,0,1,1,0,0,0,0,0,0.0,0.0,0.0,0.0,0.0,0.0
1,54.0,1,28.0,1,1,1,0,0,1,0,0,0,1,0,0,0,0,0,0.0,0.0,0.0,0.0,0.0,0.0
1,0.0,0,117.0,1,6,0,0,1,0,0,0,1,0,0,0,0,0,1,0.0,0.0,0.0,0.0,0.0,0.0
0,27.0,0,117.0,1,6,0,1,0,0,0,0,1,0,0,0,0,0,1,0.0,6.573680166960646,0.0,5.14166355650266,0.0,6.786716950605081
0,54.0,0,117.0,1,6,0,0,0,0,0,0,1,0,0,0,0,0,1,0.0,0.0,0.0,0.0,0.0,0.0
1,10.0,0,117.0,1,6,0,0,1,0,0,1,0,0,0,0,0,0,1,0.0,0.0,0.0,0.0,0.0,0.0
0,0.0,1,117.0,1,6,0,0,1,0,0,0,0,0,0,0,0,0,1,0.0,0.0,0.0,0.0,0.0,0.0
1,7.0,1,117.0,1,6,0,0,1,0,0,1,0,0,0,0,0,0,1,0.0,0.0,0.0,0.0,0.0,0.0
1,25.0,0,112.0,0,1,1,0,0,0,0,0,1,0,0,0,0,0,1,0.0,0.0,0.0,0.0,0.0,0.0
0,37.0,0,56.0,1,4,0,1,0,1,0,0,0,0,0,0,1,0,0,0.0,2.833213344056216,5.786897381366708,8.406708458240965,7.215239978730097,8.7285879956959
1,15.0,1,56.0,1,4,0,0,0,1,0,0,0,0,0,0,1,0,0,0.0,0.0,0.0,0.0,0.0,0.0
1,26.0,1,56.0,1,4,0,0,0,1,0,0,1,0,0,0,1,0,0,0.0,0.0,0.0,0.0,0.0,0.0
0,7.0,1,56.0,1,4,0,0,1,1,0,0,0,0,0,0,1,0,0,0.0,0.0,0.0,0.0,0.0,0.0
0,30.0,0,143.0,1,1,1,1,0,0,0,0,1,0,0,0,0,1,0,6.326149473155099,1.6094379124341003,0.0,5.170483995038151,0.0,6.6039438246004725
0,19.0,1,161.0,0,1,1,1,0,0,0,0,1,0,0,0,0,1,0,0.0,1.0986122886681096,7.24422751560335,0.0,2.9444389791664403,7.258412150595307
0,30.0,0,5.0,0,1,1,1,0,1,0,0,1,0,0,0,0,0,0,0.0,8.008032846969307,0.0,6.926577033222725,0.0,8.299783171949787
0,21.0,0,162.0,0,1,1,1,0,0,0,0,1,0,0,0,0,1,0,6.333279628139691,1.0986122886681096,0.0,0.0,2.4849066497880004,6.3561076606958915
0,21.0,0,118.0,1,1,1,1,0,0,0,1,0,0,0,0,0,0,1,2.70805020110221,3.5263605246161616,0.0,1.3862943611198906,6.148468295917647,6.249975242259483
1,59.0,1,163.0,0,1,1,0,0,0,1,0,1,0,0,0,0,1,0,0.0,0.0,0.0,0.0,0.0,0.0
1,28.0,1,33.0,1,1,1,0,0,1,0,0,0,0,1,0,0,0,0,0.0,0.0,0.0,0.0,0.0,0.0
0,32.0,0,165.0,0,1,1,1,0,0,0,0,1,0,0,0,0,1,0,6.570882962339584,0.0,1.0986122886681096,0.0,0.6931471805599453,6.57507584059962
1,19.0,1,113.0,0,1,1,0,0,0,0,0,1,0,0,0,0,0,1,0.0,0.0,0.0,0.0,0.0,0.0
1,7.0,0,114.0,0,1,1,0,1,0,0,0,1,0,0,0,0,0,1,0.0,0.0,0.0,0.0,0.0,0.0
0,16.0,0,166.0,0,1,1,1,0,0,0,0,0,0,0,0,0,1,0,6.682108597449809,0.0,0.0,0.0,0.0,6.682108597449809
0,31.0,0,8.0,1,3,0,1,0,1,0,0,1,0,0,0,0,0,0,0.0,5.117993812416755,1.6094379124341003,7.686162303492906,5.83773044716594,7.897296472595885
0,30.0,0,8.0,1,3,0,1,0,1,0,0,1,0,0,0,0,0,0,0.0,4.962844630259907,6.769641976852503,4.499809670330265,8.159946655578548,8.433594167539924
1,26.0,1,8.0,1,3,0,0,0,1,0,0,1,0,0,0,0,0,0,0.0,0.0,0.0,0.0,0.0,0.0
1,20.0,1,119.0,1,1,1,0,0,0,0,1,0,0,0,0,0,0,1,0.0,0.0,0.0,0.0,0.0,0.0
1,24.0,0,115.0,0,1,1,0,0,0,0,1,0,0,0,0,0,0,1,0.0,0.0,0.0,0.0,0.0,0.0
0,39.0,0,117.0,0,1,1,1,0,0,0,1,0,0,0,0,0,0,1,0.0,0.0,0.0,2.0794415416798357,6.642486801367256,6.651571873589727
0,19.0,1,144.0,1,2,0,0,0,0,1,0,0,0,0,0,0,1,0,0.0,0.0,0.0,0.0,0.0,0.0
1,27.0,1,144.0,1,2,0,0,0,0,1,0,0,0,0,0,0,1,0,0.0,0.0,0.0,0.0,0.0,0.0
0,34.0,0,145.0,1,1,1,1,0,0,0,0,1,0,0,0,0,1,0,0.0,0.0,0.0,6.774223886357614,0.0,6.774223886357614
1,28.0,1,28.0,1,1,1,0,0,1,0,0,0,0,0,1,0,0,0,0.0,0.0,0.0,0.0,0.0,0.0
0,29.0,0,146.0,1,1,1,1,0,0,0,0,1,0,0,0,0,1,0,0.0,0.0,0.0,0.0,6.470799503782602,6.470799503782602
1,38.0,1,147.0,1,1,1,0,0,0,1,1,0,0,0,0,0,1,0,0.0,0.0,0.0,0.0,0.0,0.0
0,27.0,0,6.0,0,1,1,1,0,1,0,0,0,0,0,0,0,0,0,0.0,8.149890544402423,1.791759469228055,7.372118028337787,1.6094379124341003,8.529516941105069
1,1.0,1,148.0,1,1,1,0,1,0,1,0,1,0,0,0,0,1,0,0.0,0.0,0.0,0.0,0.0,0.0
0,36.0,1,29.0,0,1,1,1,0,1,0,0,0,0,1,0,0,0,0,0.0,9.491677356868124,4.61512051684126,7.577633832602728,0.6931471805599453,9.635804166591036
0,31.0,0,149.0,1,2,0,1,0,0,0,0,1,0,0,0,0,1,0,5.214935757608986,0.0,3.4965075614664802,0.0,7.066466970136958,7.234898420314831
0,1.0,1,120.0,1,2,0,0,1,0,0,0,1,0,0,0,0,0,1,0.0,0.0,0.0,0.0,0.0,0.0
0,31.0,0,57.0,1,1,1,1,0,0,0,0,1,0,0,0,1,0,0,5.075173815233827,4.709530201312334,6.553933404025811,0.0,2.3978952727983707,6.8885724595653635
0,10.0,1,151.0,1,4,0,0,1,0,1,0,1,0,0,0,0,1,0,0.0,0.0,0.0,0.0,0.0,0.0
0,27.0,0,151.0,1,4,0,1,0,0,1,0,1,0,0,0,0,1,0,7.113142108707088,3.7612001156935624,0.6931471805599453,0.0,0.0,7.147559271189454
0,42.0,0,151.0,1,4,0,1,0,0,1,0,1,0,0,0,0,1,0,6.729824070489475,0.0,3.9512437185814275,5.720311776607412,0.0,7.083387847625295
0,0.0,1,151.0,1,4,0,0,1,0,1,0,1,0,0,0,0,1,0,0.0,0.0,0.0,0.0,0.0,0.0
0,41.0,0,152.0,1,3,0,1,0,0,1,1,0,0,0,0,0,1,0,7.098375638590786,0.0,0.0,0.0,6.726233402358747,7.622174594817622
1,0.0,1,152.0,1,3,0,0,1,0,1,0,1,0,0,0,0,1,0,0.0,0.0,0.0,0.0,0.0,0.0
0,0.0,1,152.0,1,3,0,0,1,0,1,0,1,0,0,0,0,1,0,0.0,0.0,0.0,0.0,0.0,0.0
1,59.0,1,169.0,0,1,1,0,0,0,1,0,1,0,0,0,0,1,0,0.0,0.0,0.0,0.0,0.0,0.0
0,13.0,0,59.0,1,1,1,1,1,0,0,0,1,0,0,0,1,0,0,1.0986122886681096,0.6931471805599453,3.4339872044851463,0.0,0.0,3.5263605246161616
0,24.0,0,60.0,1,1,1,1,0,1,0,0,0,0,0,0,1,0,0,0.0,5.652489180268651,0.0,8.437067146936952,6.0844994130751715,8.582418976333944
1,20.0,0,119.0,0,1,1,0,0,0,0,0,1,0,0,0,0,0,1,0.0,0.0,0.0,0.0,0.0,0.0
0,71.0,1,29.0,1,1,1,0,0,1,0,0,1,1,0,0,0,0,0,0.0,0.0,0.0,0.0,0.0,0.0
1,23.0,1,121.0,1,1,1,0,0,0,0,1,0,0,0,0,0,0,1,0.0,0.0,0.0,0.0,0.0,0.0
0,15.0,1,154.0,1,2,0,1,0,0,0,0,0,0,0,0,0,1,0,0.0,4.0943445622221,6.5722825426940075,0.0,1.3862943611198906,6.655440350367647
0,18.0,0,122.0,1,2,0,1,0,0,0,0,1,0,0,0,0,0,1,6.62273632394984,0.0,0.0,0.0,0.0,6.62273632394984
0,19.0,1,156.0,1,1,1,1,0,0,0,0,1,0,0,0,0,1,0,0.0,6.331501849893691,2.3978952727983707,0.0,5.087596335232384,6.597145701886651
1,4.0,1,123.0,1,2,0,0,1,0,0,0,0,0,0,0,0,0,1,0.0,0.0,0.0,0.0,0.0,0.0
0,42.0,1,933.5,1,2,0,1,0,0,0,0,0,0,0,0,0,1,0,0.0,0.0,6.606650186198215,0.0,0.0,6.606650186198215
0,51.0,0,158.0,1,1,1,1,0,0,1,0,1,0,0,0,0,1,0,6.704414354964107,0.0,5.840641657373398,4.02535169073515,0.0,7.101675971619444
1,13.0,1,120.0,0,1,1,0,1,0,0,0,1,0,0,0,0,0,1,0.0,0.0,0.0,0.0,0.0,0.0
0,27.0,1,933.5,1,1,1,1,0,0,0,0,1,0,0,0,0,1,0,5.1647859739235145,6.483107351457199,0.0,0.0,0.0,6.71901315438526
0,42.0,0,159.0,1,2,0,1,0,0,0,0,1,0,0,0,0,1,0,6.668228248417403,0.0,3.1354942159291497,4.0943445622221,0.0,6.7661917146603505
0,41.0,1,159.0,1,2,0,1,0,0,0,0,1,0,0,0,0,1,0,5.783825182329737,1.0986122886681096,0.0,2.0794415416798357,3.295836866004329,5.886104031450156
0,21.0,1,170.0,0,1,1,1,0,0,0,1,0,0,0,0,0,1,0,2.772588722239781,0.0,7.899524472032198,1.0986122886681096,0.0,7.905810312658931
0,31.0,1,171.0,0,1,1,1,0,0,0,0,1,0,0,0,0,1,0,2.70805020110221,1.791759469228055,0.0,6.679599185844383,0.0,6.703188113240863
1,36.0,1,933.5,1,1,1,0,0,1,0,0,0,0,0,0,0,1,0,0.0,0.0,0.0,0.0,0.0,0.0
0,31.0,0,173.0,0,1,1,1,0,0,0,0,1,0,0,0,0,1,0,0.0,0.0,0.0,6.732210706467206,3.332204510175204,6.763884908562435
0,14.0,0,124.0,1,1,1,1,1,0,0,0,0,0,0,0,0,0,1,4.356708826689592,0.0,2.302585092994046,6.052089168924417,5.117993812416755,6.517671272912275
0,32.0,0,160.0,1,1,1,1,0,0,1,1,0,0,0,0,0,1,0,6.20455776256869,6.553933404025811,4.276666119016055,0.0,0.0,7.144407180321139
0,32.0,0,30.0,1,1,1,1,0,1,0,0,1,1,0,0,0,0,0,0.0,5.19295685089021,0.0,0.0,8.547334348328224,8.5814816812986
0,27.0,0,123.0,0,1,1,1,0,0,0,0,1,0,0,0,0,0,1,6.498282149476434,7.013915474810528,0.0,0.0,1.0986122886681096,7.482681828154651
0,57.0,0,31.0,1,1,1,1,0,1,0,0,0,1,0,0,0,0,0,7.883069351305753,7.9919305198524775,0.0,5.58724865840025,7.170888478512505,8.878218658092228
1,13.0,0,125.0,1,1,1,0,1,0,0,0,1,0,0,0,0,0,1,0.0,0.0,0.0,0.0,0.0,0.0
1,30.0,1,175.0,0,2,0,0,0,0,1,0,1,0,0,0,0,1,0,0.0,0.0,0.0,0.0,0.0,0.0
1,14.0,1,175.0,0,2,0,0,1,0,1,0,1,0,0,0,0,1,0,0.0,0.0,0.0,0.0,0.0,0.0
0,27.0,1,32.0,1,2,0,0,0,1,0,0,1,1,0,0,0,0,0,0.0,0.0,0.0,0.0,0.0,0.0
1,32.0,1,32.0,1,2,0,0,0,1,0,0,0,1,0,0,0,0,0,0.0,0.0,0.0,0.0,0.0,0.0
1,54.0,1,62.0,1,1,1,0,0,0,1,0,1,0,0,0,1,0,0,0.0,0.0,0.0,0.0,0.0,0.0
0,23.0,0,176.0,0,1,1,1,0,0,0,0,0,0,0,0,0,1,0,5.384495062789089,5.937536205082426,2.995732273553991,0.6931471805599453,2.5649493574615367,6.4425401664681985
1,38.0,1,9.0,1,1,1,0,0,0,0,0,0,0,0,0,0,0,0,0.0,0.0,0.0,0.0,0.0,0.0
1,32.0,1,127.0,1,1,1,0,0,0,0,0,1,0,0,0,0,0,1,0.0,0.0,0.0,0.0,0.0,0.0
0,24.0,0,48.0,0,1,1,1,0,0,0,0,1,0,0,0,1,0,0,3.5553480614894135,2.0794415416798357,5.771441123130016,0.0,6.059123195581797,6.670766320845874
1,36.0,0,129.0,1,3,0,0,0,0,0,0,1,0,0,0,0,0,1,0.0,0.0,0.0,0.0,0.0,0.0
0,11.0,0,129.0,1,3,0,0,1,0,0,0,1,0,0,0,0,0,1,0.0,0.0,0.0,0.0,0.0,0.0
1,6.0,0,129.0,1,3,0,0,1,0,0,0,1,0,0,0,0,0,1,0.0,0.0,0.0,0.0,0.0,0.0
1,36.0,1,35.0,1,2,0,0,0,1,0,0,0,1,0,0,0,0,0,0.0,0.0,0.0,0.0,0.0,0.0
1,22.0,1,35.0,1,2,0,0,0,1,0,0,0,1,0,0,0,0,0,0.0,0.0,0.0,0.0,0.0,0.0
0,27.0,0,163.0,1,1,1,1,0,0,0,0,1,0,0,0,0,1,0,1.0986122886681096,6.7464121285733745,2.9444389791664403,1.0986122886681096,0.0,6.771935555839602
1,37.0,1,130.0,1,1,1,0,0,0,0,0,1,0,0,0,0,0,1,0.0,0.0,0.0,0.0,0.0,0.0
0,55.0,0,164.0,1,1,1,1,0,0,0,0,1,0,0,0,0,1,0,5.638354669333745,0.0,6.09807428216624,0.0,0.0,6.586171654854675
0,27.0,0,126.0,0,1,1,1,0,0,0,1,0,0,0,0,0,0,1,4.727387818712341,6.161207321695077,0.0,4.532599493153256,0.0,6.519147287940395
0,20.0,1,10.0,1,1,1,1,0,1,0,0,1,0,0,0,0,0,0,1.0986122886681096,8.46695197497949,0.0,5.5093883366279774,3.4657359027997265,8.523970175695261
0,16.0,0,180.0,0,1,1,1,0,0,0,0,1,0,0,0,0,1,0,0.0,0.0,3.4965075614664802,7.835974581721566,4.532599493153256,7.8838232148921525
0,19.0,0,165.0,1,1,1,1,0,0,0,0,1,0,0,0,0,1,0,0.0,5.093750200806762,6.293419278846481,0.0,0.0,6.555356891810665
0,38.0,0,131.0,1,1,1,0,0,0,0,0,1,0,0,0,0,0,1,0.0,0.0,0.0,0.0,0.0,0.0
0,35.0,0,166.0,1,1,1,1,0,0,0,0,1,0,0,0,0,1,0,2.5649493574615367,6.5337888379333435,3.8501476017100584,1.0986122886681096,0.0,6.617402977974478
1,33.0,1,30.0,0,1,1,0,0,1,0,0,0,0,1,0,0,0,0,0.0,0.0,0.0,0.0,0.0,0.0
0,37.0,0,31.0,1,1,1,1,0,0,1,1,0,0,0,1,0,0,0,5.945420608606575,0.0,1.3862943611198906,6.104793232414985,0.0,6.723832440821209
0,46.0,0,933.5,1,1,1,1,0,0,0,0,1,0,0,0,0,1,0,6.665683717782408,0.0,0.0,0.0,1.6094379124341003,6.670766320845874
0,41.0,0,32.0,1,1,1,1,0,1,0,0,1,0,0,1,0,0,0,8.04044688130311,1.3862943611198906,0.0,3.4657359027997265,3.295836866004329,8.059592328887545
0,13.0,0,127.0,0,1,1,1,1,0,0,0,1,0,0,0,0,0,1,6.775366090936392,1.791759469228055,2.3978952727983707,2.9444389791664403,0.0,6.812345094177479
1,31.0,0,133.0,1,2,0,0,0,0,0,0,1,0,0,0,0,0,1,0.0,0.0,0.0,0.0,0.0,0.0
1,52.0,1,133.0,1,2,0,0,0,0,0,0,0,0,0,0,0,0,1,0.0,0.0,0.0,0.0,0.0,0.0
0,48.0,0,32.0,0,2,0,0,0,1,0,0,1,0,1,0,0,0,0,0.0,0.0,0.0,0.0,0.0,0.0
0,27.0,1,32.0,0,2,0,1,0,1,0,0,0,0,1,0,0,0,0,0.6931471805599453,9.457590998633625,0.0,2.3978952727983707,3.970291913552122,9.462498888358917
0,16.0,0,184.0,0,1,1,1,0,0,1,0,1,0,0,0,0,1,0,5.153291594497779,0.0,5.82600010738045,2.302585092994046,0.0,6.253828811575473
1,32.0,1,129.0,0,1,1,0,0,0,0,0,0,0,0,0,0,0,1,0.0,0.0,0.0,0.0,0.0,0.0
1,25.0,0,134.0,1,1,1,0,0,0,0,0,1,0,0,0,0,0,1,0.0,0.0,0.0,0.0,0.0,0.0
0,26.0,1,187.0,0,2,0,1,0,0,0,0,1,0,0,0,0,1,0,0.0,0.0,6.57507584059962,0.0,0.6931471805599453,6.576469569048224
1,44.0,0,130.0,0,2,0,0,0,0,0,0,1,0,0,0,0,0,1,0.0,0.0,0.0,0.0,0.0,0.0
0,32.0,1,167.0,1,1,1,1,0,0,1,0,1,0,0,0,0,1,0,3.8712010109078907,0.0,7.845024417241484,0.0,0.0,7.8632667240095735
0,18.0,1,188.0,0,1,1,1,0,0,0,0,1,0,0,0,0,1,0,5.303304908059076,4.8283137373023015,0.0,6.025865973825314,0.0,6.6039438246004725
1,23.0,0,135.0,1,1,1,0,0,0,0,0,0,0,0,0,0,0,1,0.0,0.0,0.0,0.0,0.0,0.0
0,44.0,0,33.0,0,1,1,1,0,1,0,0,1,0,1,0,0,0,0,0.0,7.934871565945176,0.0,5.003946305945459,6.950814768442584,8.290041618704489
0,29.0,0,38.0,0,1,1,1,0,0,1,1,0,0,0,1,0,0,0,1.6094379124341003,0.0,6.045005314036012,6.077642243349034,2.995732273553991,6.779921907472252
0,19.0,1,168.0,1,1,1,1,0,0,0,0,0,0,0,0,0,1,0,0.0,5.963579343618446,6.152732694704104,0.0,0.0,6.754604099487962
0,41.0,0,34.0,0,2,0,1,0,1,0,0,0,1,0,0,0,0,0,0.0,8.655040258108363,2.0794415416798357,9.109303827798412,3.367295829986474,9.603192942033504
0,28.0,0,34.0,0,2,0,1,0,1,0,0,1,1,0,0,0,0,0,0.0,7.459914766241105,0.0,4.983606621708336,6.453624998892692,7.830425617820331
1,19.0,1,137.0,1,1,1,0,0,0,0,0,1,0,0,0,0,0,1,0.0,0.0,0.0,0.0,0.0,0.0
0,32.0,0,189.0,0,2,0,1,0,0,1,0,1,0,0,0,0,1,0,7.821242083523558,0.0,0.0,4.919980925828125,1.6094379124341003,7.87587915949631
0,74.0,1,189.0,0,2,0,1,0,0,1,0,1,0,0,0,0,1,0,6.74993119378857,0.0,6.298949246855942,3.4657359027997265,0.0,7.2640301428995295
0,31.0,1,37.0,1,1,1,1,0,1,0,0,1,1,0,0,0,0,0,0.0,8.917578753781104,0.0,5.91350300563827,6.111467339502679,9.0217190130337
0,38.0,0,51.0,0,1,1,1,0,1,0,0,0,0,0,0,1,0,0,0.0,5.153291594497779,0.0,8.68406264365127,3.5553480614894135,8.71833650245078
0,20.0,0,138.0,1,1,1,1,0,0,0,0,1,0,0,0,0,0,1,5.062595033026967,0.0,0.0,6.300785794663244,1.3862943611198906,6.558197802812269
0,24.0,0,66.0,1,1,1,1,0,0,0,0,1,0,0,0,1,0,0,3.8712010109078907,0.0,2.3978952727983707,4.941642422609304,7.249215057114389,7.3796321526095525
0,26.0,0,190.0,0,1,1,1,0,0,0,1,0,0,0,0,0,1,0,2.9444389791664403,4.442651256490317,4.543294782270004,6.787844982309579,5.66988092298052,7.223295679562314
1,44.0,0,139.0,1,1,1,0,0,0,0,1,0,0,0,0,0,0,1,0.0,0.0,0.0,0.0,0.0,0.0
1,33.0,1,35.0,0,2,0,0,0,1,0,0,0,1,0,0,0,0,0,0.0,0.0,0.0,0.0,0.0,0.0
0,31.0,0,35.0,0,2,0,1,0,1,0,0,0,1,0,0,0,0,0,0.0,6.999422467507961,0.0,5.135798437050262,7.112327444710911,7.820439515262181
0,27.0,1,38.0,1,2,0,1,0,1,0,0,0,0,1,0,0,0,0,0.0,8.957768009971161,0.0,2.772588722239781,7.805474625270857,9.23366619727968
1,22.0,1,38.0,1,2,0,0,0,1,0,0,1,1,0,0,0,0,0,0.0,0.0,0.0,0.0,0.0,0.0
0,33.0,0,67.0,1,1,1,1,0,0,0,0,1,0,0,0,1,0,0,2.639057329615259,0.0,6.892641641172089,0.0,0.0,6.905753276311464
0,34.0,0,191.0,0,3,0,1,0,0,1,0,1,0,0,0,0,1,0,5.940171252720432,0.0,7.394493107219038,0.0,0.0,7.603897968521881
1,11.0,1,191.0,0,3,0,0,1,0,1,0,1,0,0,0,0,1,0,0.0,0.0,0.0,0.0,0.0,0.0
1,41.0,1,191.0,0,3,0,0,0,0,1,0,1,0,0,0,0,1,0,0.0,0.0,0.0,0.0,0.0,0.0
0,30.0,1,39.0,1,2,0,1,0,1,0,0,0,1,0,0,0,0,0,0.0,8.98632143762602,0.0,6.230481447578482,3.258096538021482,9.050758302151717
0,30.0,0,39.0,1,2,0,1,0,1,0,0,1,1,0,0,0,0,0,0.0,6.634633357861686,5.459585514144159,7.923710333969238,4.406719247264253,8.252446090246952
0,25.0,0,140.0,1,1,1,1,0,0,0,0,1,0,0,0,0,0,1,0.0,0.0,6.551080335043404,3.784189633918261,3.1354942159291497,6.639875833826536
1,31.0,1,133.0,0,1,1,0,0,0,0,1,0,0,0,0,0,0,1,0.0,0.0,0.0,0.0,0.0,0.0
0,38.0,0,192.0,0,2,0,1,0,0,0,0,1,0,0,0,0,1,0,6.472346294500901,0.0,0.0,4.912654885736052,5.564520407322694,6.948897222313312
1,15.0,1,134.0,0,2,0,0,0,0,0,0,1,0,0,0,0,0,1,0.0,0.0,0.0,0.0,0.0,0.0
0,19.0,1,193.0,0,1,1,1,0,0,0,0,1,0,0,0,0,1,0,0.0,0.0,4.7535901911063645,4.844187086458591,6.198478716492308,6.597145701886651
1,29.0,1,933.5,1,1,1,0,0,0,1,0,1,0,0,0,0,1,0,0.0,0.0,0.0,0.0,0.0,0.0
0,30.0,1,35.0,0,2,0,1,0,1,0,0,1,0,1,0,0,0,0,2.70805020110221,9.396487933603666,0.0,7.660114319173928,0.0,9.559658319461347
0,29.0,0,35.0,0,2,0,1,0,1,0,0,1,0,1,0,0,0,0,0.0,7.028201432058005,0.0,7.532623618788788,6.976348070447749,8.310169021981912
0,36.0,0,194.0,0,1,1,1,0,0,0,0,1,0,0,0,0,1,0,0.0,2.4849066497880004,0.0,2.9444389791664403,6.771935555839602,6.804614520062624
0,24.0,0,172.0,1,3,0,1,0,0,0,0,1,0,0,0,0,1,0,5.1647859739235145,0.0,0.0,6.447305862541213,0.0,6.690842277418564
0,30.0,1,68.0,1,3,0,1,0,0,0,0,1,0,0,0,1,0,0,0.0,0.0,6.77078942390898,0.0,0.0,6.77078942390898
0,0.0,1,143.0,1,3,0,0,1,0,0,0,1,0,0,0,0,0,1,0.0,0.0,0.0,0.0,0.0,0.0
1,15.0,1,135.0,0,1,1,0,0,0,0,0,1,0,0,0,0,0,1,0.0,0.0,0.0,0.0,0.0,0.0
0,38.0,1,136.0,0,1,1,1,0,0,0,0,1,0,0,0,0,0,1,4.02535169073515,6.60934924316738,0.0,0.0,2.639057329615259,6.697034247666484
0,13.0,0,195.0,0,1,1,1,1,0,0,0,1,0,0,0,0,1,0,0.0,2.0794415416798357,0.0,7.069874128458572,0.0,7.075808863978387
0,18.0,0,196.0,0,1,1,1,0,0,1,0,1,0,0,0,0,1,0,6.38856140554563,0.0,6.320768294250582,0.0,0.0,7.047517221357296
0,16.0,0,137.0,0,2,0,1,0,0,0,0,1,0,0,0,0,0,1,6.79346613258001,0.0,6.723832440821209,0.0,0.0,7.45182223652793
0,8.0,0,137.0,0,2,0,0,1,0,0,0,0,0,0,0,0,0,1,0.0,0.0,0.0,0.0,0.0,0.0
0,19.0,1,198.0,0,1,1,1,0,0,0,0,1,0,0,0,0,1,0,4.290459441148391,1.791759469228055,0.0,5.83773044716594,5.241747015059643,6.410174881966167
0,26.0,0,138.0,0,1,1,1,0,0,0,0,0,0,0,0,0,0,1,0.0,6.163314804034641,0.0,0.0,5.308267697401205,6.516193076042964
1,15.0,1,140.0,0,1,1,0,0,0,0,0,0,0,0,0,0,0,1,0.0,0.0,0.0,0.0,0.0,0.0
1,38.0,1,144.0,1,1,1,0,0,0,0,1,0,0,0,0,0,0,1,0.0,0.0,0.0,0.0,0.0,0.0
0,45.0,0,175.0,1,1,1,1,0,0,1,0,1,0,0,0,0,1,0,6.777646593635117,0.0,7.232733136177615,0.0,0.0,7.72356247227797
0,48.0,0,199.0,0,1,1,1,0,0,0,1,0,0,0,0,0,1,0,0.0,5.726847747587197,1.3862943611198906,0.0,5.886104031450156,6.505784060128229
1,17.0,0,145.0,1,1,1,0,0,0,0,0,0,0,0,0,0,0,1,0.0,0.0,0.0,0.0,0.0,0.0
0,28.0,1,70.0,1,1,1,1,0,0,0,0,1,0,0,0,1,0,0,0.0,6.448889394146858,0.0,1.791759469228055,0.0,6.456769655572163
1,41.0,1,201.0,0,1,1,0,0,0,1,0,1,0,0,0,0,1,0,0.0,0.0,0.0,0.0,0.0,0.0
0,19.0,0,72.0,1,1,1,1,0,0,0,0,1,0,0,0,1,0,0,1.3862943611198906,0.0,0.0,0.0,6.670766320845874,6.674561391814426
0,14.0,1,141.0,0,1,1,1,1,0,0,0,0,0,0,0,0,0,1,0.0,6.786716950605081,2.1972245773362196,0.0,0.0,6.795705775173515
1,21.0,1,36.0,0,2,0,0,0,1,0,0,1,1,0,0,0,0,0,0.0,0.0,0.0,0.0,0.0,0.0
1,48.0,1,36.0,0,2,0,0,0,1,0,0,1,1,0,0,0,0,0,0.0,0.0,0.0,0.0,0.0,0.0
0,19.0,0,178.0,1,1,1,1,0,0,1,0,1,0,0,0,0,1,0,6.448889394146858,0.0,6.727431724850855,5.720311776607412,0.0,7.478734825567875
0,29.0,0,179.0,1,1,1,1,0,0,0,0,1,0,0,0,0,1,0,7.228388451573604,0.0,0.0,5.123963979403259,0.0,7.3427791893318455
0,20.0,0,53.0,0,1,1,1,0,0,0,0,1,0,0,0,1,0,0,6.675823221634848,0.0,0.0,0.0,0.0,6.675823221634848
1,44.0,1,202.0,0,1,1,0,0,0,1,0,1,0,0,0,0,1,0,0.0,0.0,0.0,0.0,0.0,0.0
1,19.0,1,142.0,0,1,1,0,0,0,0,0,1,0,0,0,0,0,1,0.0,0.0,0.0,0.0,0.0,0.0
1,64.0,0,143.0,0,1,1,0,0,0,0,0,1,0,0,0,0,0,1,0.0,0.0,0.0,0.0,0.0,0.0
0,21.0,0,54.0,0,1,1,1,0,0,0,0,1,0,0,0,1,0,0,0.0,5.752572638825633,5.780743515792329,6.934397209928558,1.9459101490553132,7.4205789054108005
0,32.0,1,56.0,0,1,1,1,0,0,0,0,0,0,0,0,1,0,0,4.07753744390572,5.762051382780177,6.1070228877422545,1.3862943611198906,0.0,6.717804695023691
1,20.0,0,146.0,1,1,1,0,0,0,0,0,1,0,0,0,0,0,1,0.0,0.0,0.0,0.0,0.0,0.0
0,24.0,0,203.0,0,1,1,1,0,0,0,0,1,0,0,0,0,1,0,0.0,3.4965075614664802,2.1972245773362196,0.0,0.0,3.713572066704308
0,44.0,1,40.0,1,1,1,0,0,1,0,0,1,1,0,0,0,0,0,0.0,0.0,0.0,0.0,0.0,0.0
1,57.0,1,145.0,0,2,0,0,0,0,0,1,0,0,0,0,0,0,1,0.0,0.0,0.0,0.0,0.0,0.0
0,51.0,0,145.0,0,2,0,1,0,0,0,0,1,0,0,0,0,0,1,0.0,0.0,1.6094379124341003,0.0,0.0,1.6094379124341003
1,34.0,1,149.0,1,1,1,0,0,0,0,0,0,0,0,0,0,0,1,0.0,0.0,0.0,0.0,0.0,0.0
0,45.0,0,150.0,1,8,0,1,0,0,0,0,1,0,0,0,0,0,1,0.0,0.6931471805599453,2.639057329615259,0.0,6.773080375655535,6.78897174299217
0,24.0,0,182.0,1,8,0,1,0,0,0,0,1,0,0,0,0,1,0,0.0,0.0,6.577861357721047,0.0,0.0,6.577861357721047
0,23.0,0,150.0,1,8,0,1,0,0,0,0,1,0,0,0,0,0,1,0.0,0.0,6.19644412779452,0.0,5.768320995793772,6.697034247666484
1,30.0,1,150.0,1,8,0,0,0,0,0,0,1,0,0,0,0,0,1,0.0,0.0,0.0,0.0,0.0,0.0
0,20.0,0,182.0,1,8,0,1,0,0,0,0,0,0,0,0,0,1,0,0.0,2.4849066497880004,0.0,4.919980925828125,6.9930151229329605,7.119635638017636
1,22.0,1,150.0,1,8,0,0,0,0,0,0,1,0,0,0,0,0,1,0.0,0.0,0.0,0.0,0.0,0.0
1,27.0,0,150.0,1,8,0,0,0,0,0,1,0,0,0,0,0,0,1,0.0,0.0,0.0,0.0,0.0,0.0
1,71.0,1,150.0,1,8,0,0,0,0,0,0,1,0,0,0,0,0,1,0.0,0.0,0.0,0.0,0.0,0.0
0,18.0,1,57.0,0,1,1,1,0,0,0,0,0,0,0,0,1,0,0,1.9459101490553132,0.0,0.0,2.5649493574615367,6.558197802812269,6.583409222158765
0,16.0,0,204.0,0,1,1,1,0,0,0,0,1,0,0,0,0,1,0,1.3862943611198906,0.0,3.58351893845611,5.017279836814924,6.171700597410915,6.502790045915623
0,28.0,0,151.0,1,2,0,1,0,0,0,0,1,0,0,0,0,0,1,0.0,1.3862943611198906,6.810142450115136,0.0,0.0,6.813444599510896
0,36.0,1,73.0,1,2,0,1,0,0,0,0,1,0,0,0,1,0,0,0.6931471805599453,6.665683717782408,0.0,4.02535169073515,5.0106352940962555,6.897704943128636
0,6.0,0,146.0,0,1,1,0,1,0,0,0,1,0,0,0,0,0,1,0.0,0.0,0.0,0.0,0.0,0.0
0,26.0,0,183.0,1,1,1,1,0,0,0,1,0,0,0,0,0,1,0,0.0,6.295266001439646,3.8501476017100584,1.6094379124341003,4.574710978503383,6.5337888379333435
1,27.0,0,152.0,1,1,1,0,0,0,0,0,1,0,0,0,0,0,1,0.0,0.0,0.0,0.0,0.0,0.0
0,49.0,1,35.0,1,6,0,1,0,1,0,0,1,0,0,1,0,0,0,3.4657359027997265,7.911324018963352,0.0,5.220355825078325,4.912654885736052,8.032035314398824
0,29.0,0,35.0,1,6,0,1,0,1,0,0,1,0,0,1,0,0,0,5.961005339623274,6.849066282633458,0.0,9.203114326884442,7.201916317531627,9.441293350181875
0,46.0,1,35.0,1,6,0,1,0,1,0,0,0,0,0,1,0,0,0,7.084226422097916,7.459914766241105,2.8903717578961645,3.091042453358316,0.0,7.995306620290822
0,35.0,0,933.5,1,6,0,1,0,1,0,0,0,0,0,0,0,1,0,8.991064332188461,5.707110264748875,0.0,0.0,7.270312886079025,9.186764635447478
1,17.0,1,35.0,1,6,0,0,0,1,0,0,0,0,0,1,0,0,0,0.0,0.0,0.0,0.0,0.0,0.0
0,37.0,0,35.0,1,6,0,1,0,1,0,0,0,0,0,1,0,0,0,8.366835309827675,6.674561391814426,0.0,7.466799475018602,4.5217885770490405,8.843903650835497
0,24.0,0,184.0,1,1,1,1,0,0,0,0,0,0,0,0,0,1,0,5.53338948872752,0.0,0.0,6.1092475827643655,0.0,6.553933404025811
1,47.0,0,153.0,1,2,0,0,0,0,0,0,1,0,0,0,0,0,1,0.0,0.0,0.0,0.0,0.0,0.0
0,26.0,0,185.0,1,2,0,1,0,0,0,0,1,0,0,0,0,1,0,6.432940092739179,0.6931471805599453,4.59511985013459,2.4849066497880004,4.912654885736052,6.7650389767805414
1,46.0,1,36.0,0,1,1,0,0,1,0,0,0,0,1,0,0,0,0,0.0,0.0,0.0,0.0,0.0,0.0
0,27.0,0,186.0,1,1,1,1,0,0,1,0,1,0,0,0,0,1,0,5.537334267018537,0.0,6.78105762593618,3.1354942159291497,1.0986122886681096,7.05444965813294
0,56.0,1,37.0,0,1,1,1,0,1,0,0,1,0,1,0,0,0,0,0.0,8.915700818956903,0.0,5.537334267018537,3.58351893845611,8.95364003713313
0,18.0,0,39.0,0,1,1,1,0,0,1,0,1,0,0,1,0,0,0,6.786716950605081,0.0,3.4965075614664802,0.0,0.0,6.822197390620491
1,15.0,0,154.0,1,1,1,0,0,0,0,0,1,0,0,0,0,0,1,0.0,0.0,0.0,0.0,0.0,0.0
0,3.0,1,187.0,1,3,0,0,1,0,1,0,0,0,0,0,0,1,0,0.0,0.0,0.0,0.0,0.0,0.0
0,42.0,0,187.0,1,3,0,1,0,0,1,0,1,0,0,0,0,1,0,6.957497370876951,0.0,6.573680166960646,0.0,1.3862943611198906,7.478169694159785
1,1.0,1,187.0,1,3,0,0,1,0,1,0,1,0,0,0,0,1,0,0.0,0.0,0.0,0.0,0.0,0.0
1,56.0,1,11.0,1,1,1,0,0,1,0,0,0,0,0,0,0,0,0,0.0,0.0,0.0,0.0,0.0,0.0
0,20.0,0,156.0,1,1,1,1,0,0,0,0,1,0,0,0,0,0,1,0.0,0.0,1.6094379124341003,2.302585092994046,6.651571873589727,6.668228248417403
0,21.0,0,74.0,1,3,0,1,0,0,0,0,1,0,0,0,1,0,0,0.0,0.0,0.0,0.0,6.674561391814426,6.674561391814426
1,5.0,1,74.0,1,3,0,0,1,0,0,0,1,0,0,0,1,0,0,0.0,0.0,0.0,0.0,0.0,0.0
0,12.0,1,933.5,1,3,0,0,1,0,0,0,1,0,0,0,0,1,0,0.0,0.0,0.0,0.0,0.0,0.0
1,39.0,1,39.0,1,2,0,0,0,1,0,0,0,0,1,0,0,0,0,0.0,0.0,0.0,0.0,0.0,0.0
1,60.0,1,39.0,1,2,0,0,0,1,0,0,1,0,1,0,0,0,0,0.0,0.0,0.0,0.0,0.0,0.0
0,31.0,0,933.5,1,2,0,1,0,0,0,0,1,0,0,0,0,1,0,7.3987862754199485,1.6094379124341003,3.912023005428146,1.9459101490553132,0.0,7.4342573821331355
1,58.0,0,148.0,0,2,0,0,0,0,0,0,1,0,0,0,0,0,1,0.0,0.0,0.0,0.0,0.0,0.0
1,19.0,1,149.0,0,1,1,0,0,0,0,0,1,0,0,0,0,0,1,0.0,0.0,0.0,0.0,0.0,0.0
1,29.0,0,158.0,1,1,1,0,0,0,0,0,1,0,0,0,0,0,1,0.0,0.0,0.0,0.0,0.0,0.0
1,19.0,1,207.0,0,1,1,0,0,0,1,0,1,0,0,0,0,1,0,0.0,0.0,0.0,0.0,0.0,0.0
0,44.0,0,189.0,1,1,1,1,0,0,0,0,1,0,0,0,0,1,0,0.0,4.882801922586371,5.5909869805108565,6.318968113746434,0.0,6.859614903654202
0,20.0,0,190.0,1,1,1,1,0,0,0,0,1,0,0,0,0,1,0,0.0,2.772588722239781,4.812184355372417,7.026426808699636,0.0,7.141245122350491
1,18.0,1,150.0,0,1,1,0,0,0,0,0,1,0,0,0,0,0,1,0.0,0.0,0.0,0.0,0.0,0.0
0,36.0,1,191.0,1,1,1,1,0,0,0,0,1,0,0,0,0,1,0,0.6931471805599453,7.2520539518528135,0.0,0.6931471805599453,0.0,7.253470382684528
1,25.0,1,208.0,0,1,1,0,0,0,1,0,1,0,0,0,0,1,0,0.0,0.0,0.0,0.0,0.0,0.0
0,15.0,0,933.5,1,1,1,1,0,0,0,0,1,0,0,0,0,1,0,3.8918202981106265,1.9459101490553132,0.0,6.86171134048073,0.0,6.9167150203536085
0,18.0,0,209.0,0,4,0,1,0,0,0,0,0,0,0,0,0,1,0,5.236441962829949,2.5649493574615367,0.0,7.15305163493748,0.0,7.29776828253138
1,0.0,1,152.0,0,4,0,0,1,0,0,0,1,0,0,0,0,0,1,0.0,0.0,0.0,0.0,0.0,0.0
0,54.0,0,152.0,0,4,0,1,0,0,0,0,0,0,0,0,0,0,1,0.0,1.791759469228055,0.0,6.38856140554563,5.3471075307174685,6.695798917058491
0,0.0,0,152.0,0,4,0,0,1,0,0,0,0,0,0,0,0,0,1,0.0,0.0,0.0,0.0,0.0,0.0
0,20.0,0,210.0,0,1,1,1,0,0,0,0,1,0,0,0,0,1,0,6.633318433280377,0.0,4.672828834461906,5.313205979041787,0.0,6.97354301952014
1,21.0,0,159.0,1,1,1,0,0,0,0,0,1,0,0,0,0,0,1,0.0,0.0,0.0,0.0,0.0,0.0
0,8.0,1,211.0,0,4,0,0,1,0,1,0,1,0,0,0,0,1,0,0.0,0.0,0.0,0.0,0.0,0.0
0,46.0,0,211.0,0,4,0,1,0,0,1,0,1,0,0,0,0,1,0,7.282761179605593,0.0,4.406719247264253,3.6635616461296463,0.0,7.3613754289773485
0,31.0,0,211.0,0,4,0,1,0,0,1,0,1,0,0,0,0,1,0,5.44673737166631,0.0,0.0,5.634789603169249,2.302585092994046,6.253828811575473
0,3.0,1,211.0,0,4,0,0,1,0,1,0,0,0,0,0,0,1,0,0.0,0.0,0.0,0.0,0.0,0.0
1,30.0,1,212.0,0,1,1,0,0,0,1,0,1,0,0,0,0,1,0,0.0,0.0,0.0,0.0,0.0,0.0
0,23.0,0,213.0,0,1,1,1,0,0,0,0,1,0,0,0,0,1,0,6.9865664594064265,0.0,0.0,0.0,2.0794415416798357,6.9930151229329605
0,14.0,0,194.0,1,1,1,1,1,0,0,0,1,0,0,0,0,1,0,6.6293632534374485,4.442651256490317,0.0,2.1972245773362196,4.605170185988092,6.854354502255021
1,25.0,0,153.0,0,1,1,0,0,0,0,1,0,0,0,0,0,0,1,0.0,0.0,0.0,0.0,0.0,0.0
1,61.0,1,154.0,0,1,1,0,0,0,0,0,1,0,0,0,0,0,1,0.0,0.0,0.0,0.0,0.0,0.0
0,31.0,0,155.0,0,1,1,1,0,0,0,0,1,0,0,0,0,0,1,0.0,0.0,0.0,6.516193076042964,5.365976015021851,6.790097235513905
0,13.0,1,214.0,0,1,1,1,1,0,1,0,0,0,0,0,0,1,0,1.6094379124341003,0.0,7.587817219993427,0.0,3.6888794541139363,7.6093665379542115
1,24.0,1,161.0,1,1,1,0,0,0,0,1,0,0,0,0,0,0,1,0.0,0.0,0.0,0.0,0.0,0.0
0,47.0,0,163.0,1,1,1,1,0,0,0,0,1,0,0,0,0,0,1,0.0,5.726847747587197,4.442651256490317,6.214608098422191,0.0,6.7912214627261855
0,15.0,1,164.0,1,1,1,1,0,0,0,1,0,0,0,0,0,0,1,6.257667587882639,5.093750200806762,4.143134726391533,1.791759469228055,0.0,6.621405651764134
1,46.0,1,933.5,1,1,1,0,0,1,0,0,1,0,0,0,0,1,0,0.0,0.0,0.0,0.0,0.0,0.0
0,49.0,0,215.0,0,1,1,1,0,0,0,0,1,0,0,0,0,1,0,0.0,0.0,7.3310603052186325,6.8679744089702925,0.0,7.818832443803404
0,37.0,0,38.0,0,2,0,0,0,1,0,0,1,0,1,0,0,0,0,0.0,0.0,0.0,0.0,0.0,0.0
0,44.0,0,38.0,0,2,0,1,0,1,0,0,1,0,1,0,0,0,0,0.0,7.762170607138205,2.0794415416798357,6.704414354964107,9.296242800976886,9.551657993593873
0,16.0,0,196.0,1,1,1,1,0,0,0,0,1,0,0,0,0,1,0,6.230481447578482,0.0,0.0,0.0,0.0,6.230481447578482
1,58.0,1,156.0,0,1,1,0,0,0,0,0,1,0,0,0,0,0,1,0.0,0.0,0.0,0.0,0.0,0.0
0,20.0,1,216.0,0,1,1,1,0,0,0,0,1,0,0,0,0,1,0,0.0,6.2878585601617845,6.418364935936212,1.3862943611198906,0.0,7.050122520269059
1,36.0,1,217.0,0,2,0,0,0,0,1,0,0,0,0,0,0,1,0,0.0,0.0,0.0,0.0,0.0,0.0
1,31.0,1,217.0,0,2,0,0,0,0,1,0,1,0,0,0,0,1,0,0.0,0.0,0.0,0.0,0.0,0.0
0,21.0,0,197.0,1,1,1,1,0,0,0,0,1,0,0,0,0,1,0,1.0986122886681096,6.104793232414985,4.406719247264253,4.31748811353631,0.0,6.405228458030842
0,22.0,0,198.0,1,1,1,1,0,0,0,0,0,0,0,0,0,1,0,0.0,0.0,3.091042453358316,0.0,0.0,3.091042453358316
0,27.0,0,199.0,1,1,1,1,0,0,0,1,0,0,0,0,0,1,0,5.209486152841421,0.0,0.0,0.0,5.932245187448011,6.326149473155099
0,58.0,1,200.0,1,1,1,1,0,0,0,0,1,0,0,0,0,1,0,0.0,0.0,6.720220155135295,0.0,4.574710978503383,6.829793737512425
1,38.0,1,218.0,0,2,0,0,0,0,1,0,1,0,0,0,0,1,0,0.0,0.0,0.0,0.0,0.0,0.0
1,30.0,1,218.0,0,2,0,0,0,0,1,0,0,0,0,0,0,1,0,0.0,0.0,0.0,0.0,0.0,0.0
1,20.0,1,39.0,0,1,1,0,0,1,0,0,0,0,1,0,0,0,0,0.0,0.0,0.0,0.0,0.0,0.0
0,19.0,0,201.0,1,1,1,1,0,0,0,0,1,0,0,0,0,1,0,0.0,0.0,3.332204510175204,3.9889840465642745,6.519147287940395,6.630683385642372
0,57.0,0,166.0,1,1,1,1,0,0,0,0,1,0,0,0,0,0,1,0.0,3.044522437723423,5.062595033026967,3.091042453358316,6.536691597591305,6.78897174299217
0,26.0,0,219.0,0,1,1,1,0,0,0,0,1,0,0,0,0,1,0,0.0,6.651571873589727,3.8918202981106265,0.0,5.0106352940962555,6.878326468291325
0,38.0,1,38.0,0,2,0,1,0,1,0,0,1,1,0,0,0,0,0,0.0,8.09040229659332,0.0,5.69035945432406,7.226209010100671,8.503499864284235
1,15.0,1,38.0,0,2,0,0,0,1,0,0,1,1,0,0,0,0,0,0.0,0.0,0.0,0.0,0.0,0.0
1,27.0,1,202.0,1,1,1,0,0,0,1,0,1,0,0,0,0,1,0,0.0,0.0,0.0,0.0,0.0,0.0
1,35.0,1,220.0,0,1,1,0,0,0,1,0,1,0,0,0,0,1,0,0.0,0.0,0.0,0.0,0.0,0.0
1,38.0,0,167.0,1,1,1,0,0,0,0,1,0,0,0,0,0,0,1,0.0,0.0,0.0,0.0,0.0,0.0
0,35.0,0,0.0,0,1,1,1,0,0,0,0,1,0,0,1,0,0,0,6.030685260261263,7.192182058713246,0.0,2.70805020110221,4.110873864173311,7.505492274737424
1,14.0,1,41.0,1,2,0,0,1,1,0,0,1,1,0,0,0,0,0,0.0,0.0,0.0,0.0,0.0,0.0
1,27.0,1,41.0,1,2,0,0,0,1,0,0,1,1,0,0,0,0,0,0.0,0.0,0.0,0.0,0.0,0.0
1,25.0,0,161.0,0,1,1,0,0,0,0,0,1,0,0,0,0,0,1,0.0,0.0,0.0,0.0,0.0,0.0
0,37.0,0,162.0,0,1,1,1,0,0,0,0,1,0,0,0,0,0,1,0.0,4.736198448394496,0.0,5.648974238161206,6.1224928095143865,6.747586526829315
0,25.0,0,60.0,0,1,1,1,0,0,0,0,0,0,0,0,1,0,0,4.382026634673881,6.565264970035361,0.0,0.0,0.0,6.670766320845874
0,41.0,0,163.0,0,1,1,1,0,0,0,0,0,0,0,0,0,0,1,6.459904454377535,0.0,4.897839799950911,0.0,0.0,6.648984550024776
0,50.0,0,204.0,1,1,1,1,0,0,1,0,1,0,0,0,0,1,0,5.313205979041787,0.0,7.011213987350367,0.0,0.0,7.1785454837637
0,33.0,0,205.0,1,1,1,1,0,0,1,0,1,0,0,0,0,1,0,6.543911845564792,0.0,4.110873864173311,6.336825731146441,0.0,7.1846291527173145
1,27.0,1,206.0,1,3,0,0,0,0,1,0,1,0,0,0,0,1,0,0.0,0.0,0.0,0.0,0.0,0.0
1,23.0,1,206.0,1,3,0,0,0,0,1,0,1,0,0,0,0,1,0,0.0,0.0,0.0,0.0,0.0,0.0
0,18.0,1,206.0,1,3,0,1,0,0,1,0,1,0,0,0,0,1,0,6.322565239927284,0.0,0.0,6.748759547491679,1.9459101490553132,7.254884810077338
0,31.0,0,207.0,1,1,1,1,0,0,0,0,1,0,0,0,0,1,0,0.0,0.6931471805599453,0.0,2.833213344056216,6.738152494595957,6.7580945044277305
0,54.0,0,165.0,0,1,1,0,0,0,0,0,1,0,0,0,0,0,1,0.0,0.0,0.0,0.0,0.0,0.0
1,0.0,1,166.0,0,5,0,0,1,0,0,0,1,0,0,0,0,0,1,0.0,0.0,0.0,0.0,0.0,0.0
0,11.0,0,166.0,0,5,0,0,1,0,0,0,1,0,0,0,0,0,1,0.0,0.0,0.0,0.0,0.0,0.0
1,4.0,0,166.0,0,5,0,0,1,0,0,0,1,0,0,0,0,0,1,0.0,0.0,0.0,0.0,0.0,0.0
0,19.0,1,61.0,0,5,0,1,0,0,0,0,1,0,0,0,1,0,0,0.0,0.0,0.0,6.464588303689961,0.0,6.464588303689961
0,7.0,1,166.0,0,5,0,0,1,0,0,0,1,0,0,0,0,0,1,0.0,0.0,0.0,0.0,0.0,0.0
1,20.0,0,169.0,1,1,1,0,0,0,0,1,0,0,0,0,0,0,1,0.0,0.0,0.0,0.0,0.0,0.0
1,33.0,1,41.0,0,2,0,0,0,1,0,0,0,0,0,1,0,0,0,0.0,0.0,0.0,0.0,0.0,0.0
0,26.0,0,41.0,0,2,0,1,0,1,0,0,1,0,0,1,0,0,0,0.0,6.338594078203183,0.6931471805599453,6.519147287940395,6.678342114654332,7.61972421378267
1,35.0,1,223.0,0,1,1,0,0,0,1,0,1,0,0,0,0,1,0,0.0,0.0,0.0,0.0,0.0,0.0
0,23.0,1,42.0,0,1,1,1,0,0,1,0,1,0,0,1,0,0,0,7.529943370601589,4.0943445622221,2.9444389791664403,5.262690188904886,0.0,7.664815785285735
0,60.0,0,224.0,0,1,1,1,0,0,0,0,1,0,0,0,0,1,0,6.082218910376446,1.0986122886681096,0.0,0.0,5.902633333401366,6.690842277418564
1,34.0,1,933.5,1,1,1,0,0,1,0,0,1,0,0,0,0,1,0,0.0,0.0,0.0,0.0,0.0,0.0
0,27.0,0,170.0,1,1,1,1,0,0,0,0,1,0,0,0,0,0,1,5.455321115357702,0.0,0.0,0.0,6.192362489474872,6.582025138892826
1,42.0,1,76.0,1,1,1,0,0,0,1,0,1,0,0,0,1,0,0,0.0,0.0,0.0,0.0,0.0,0.0
0,22.0,0,225.0,0,1,1,1,0,0,0,1,0,0,0,0,0,1,0,0.0,4.3694478524670215,6.466144724237619,0.0,0.0,6.580639137284949
0,18.0,0,226.0,0,4,0,1,0,0,1,0,1,0,0,0,0,1,0,6.19644412779452,5.87493073085203,5.700443573390686,5.5053315359323625,0.0,7.236339342754344
0,5.0,1,226.0,0,4,0,0,1,0,1,0,1,0,0,0,0,1,0,0.0,0.0,0.0,0.0,0.0,0.0
0,18.0,0,226.0,0,4,0,1,0,0,1,0,1,0,0,0,0,1,0,6.669498089857879,0.0,4.672828834461906,7.444833273892193,0.0,7.86480400332846
0,29.0,0,62.0,0,4,0,1,0,0,1,0,1,0,0,0,1,0,0,6.270988431858299,5.605802066295998,4.605170185988092,0.0,4.875197323201151,6.9363427358340495
0,39.0,0,227.0,0,1,1,1,0,0,1,1,0,0,0,0,0,1,0,5.159055299214529,0.0,6.493753839851687,0.6931471805599453,6.661854740545311,7.38770923908104
0,17.0,0,208.0,1,1,1,1,0,0,0,0,1,0,0,0,0,1,0,4.418840607796598,0.0,5.575949103146316,2.833213344056216,6.246106765481563,6.776506992372183
0,58.0,0,211.0,1,2,0,1,0,0,1,0,1,0,0,0,0,1,0,4.02535169073515,0.0,6.6293632534374485,5.5093883366279774,4.61512051684126,7.05444965813294
1,5.0,1,211.0,1,2,0,0,1,0,1,0,1,0,0,0,0,1,0,0.0,0.0,0.0,0.0,0.0,0.0
0,23.0,0,42.0,1,2,0,1,0,1,0,0,1,0,1,0,0,0,0,0.0,3.2188758248682006,0.0,4.02535169073515,8.924922401177469,8.935377071932177
0,26.0,1,42.0,1,2,0,1,0,1,0,0,0,0,1,0,0,0,0,2.1972245773362196,8.722417141427496,0.0,1.3862943611198906,6.626717749249025,8.839856232763264
0,40.0,1,39.0,0,1,1,1,0,1,0,0,0,1,0,0,0,0,0,0.0,8.313116702819253,8.720134035412928,4.07753744390572,4.61512051684126,9.245610986058102
0,20.0,1,78.0,1,1,1,1,0,0,0,0,1,0,0,0,1,0,0,0.0,0.0,0.0,0.0,6.579251212010101,6.579251212010101
0,38.0,0,79.0,1,2,0,1,0,0,1,0,1,0,0,0,1,0,0,6.842683282238422,0.0,5.8971538676367405,0.0,0.0,7.170119543449628
0,31.0,0,79.0,1,2,0,0,0,0,1,0,1,0,0,0,1,0,0,0.0,0.0,0.0,0.0,0.0,0.0
1,34.0,1,173.0,1,1,1,0,0,0,0,0,1,0,0,0,0,0,1,0.0,0.0,0.0,0.0,0.0,0.0
0,9.0,1,174.0,1,3,0,0,1,0,0,0,1,0,0,0,0,0,1,0.0,0.0,0.0,0.0,0.0,0.0
0,36.0,1,933.5,1,3,0,1,0,0,0,0,1,0,0,0,0,1,0,0.0,8.010359588919783,0.0,0.0,4.59511985013459,8.04237800517328
1,26.0,1,174.0,1,3,0,0,0,0,0,0,1,0,0,0,0,0,1,0.0,0.0,0.0,0.0,0.0,0.0
0,18.0,0,63.0,0,1,1,1,0,0,0,0,1,0,0,0,1,0,0,6.752270376141742,0.0,3.9512437185814275,0.0,0.0,6.810142450115136
0,55.0,1,229.0,0,1,1,1,0,0,0,1,0,0,0,0,0,1,0,4.59511985013459,3.8501476017100584,0.0,6.612041034833092,0.0,6.78897174299217
0,28.0,0,40.0,0,1,1,1,0,1,0,0,1,1,0,0,0,0,0,0.0,5.998936561946683,0.0,4.912654885736052,9.106201332235038,9.16408698745872
1,18.0,1,43.0,1,1,1,0,0,1,0,0,0,1,0,0,0,0,0,0.0,0.0,0.0,0.0,0.0,0.0
0,28.0,0,80.0,1,1,1,1,0,0,0,0,1,0,0,0,1,0,0,1.0986122886681096,0.0,0.0,6.669498089857879,1.3862943611198906,6.675823221634848
1,23.0,0,81.0,1,2,0,0,0,0,1,0,1,0,0,0,1,0,0,0.0,0.0,0.0,0.0,0.0,0.0
0,20.0,1,38.0,1,2,0,1,0,0,1,0,0,0,0,1,0,0,0,0.0,1.3862943611198906,8.16223106548118,5.298317366548036,2.8903717578961645,8.22282213081366
1,22.0,0,933.5,1,1,1,0,0,0,0,0,1,0,0,0,0,1,0,0.0,0.0,0.0,0.0,0.0,0.0
0,27.0,1,64.0,0,1,1,0,0,0,1,0,1,0,0,0,1,0,0,0.0,0.0,0.0,0.0,0.0,0.0
1,13.0,1,933.5,1,1,1,0,1,1,0,0,0,0,0,0,0,1,0,0.0,0.0,0.0,0.0,0.0,0.0
0,32.0,1,175.0,1,1,1,1,0,0,0,0,1,0,0,0,0,0,1,0.0,7.470793774195062,0.0,0.0,4.219507705176107,7.508238774678663
0,53.0,1,46.0,1,3,0,1,0,1,0,0,1,1,0,0,0,0,0,0.0,4.969813299576001,7.398174092970465,1.3862943611198906,6.6293632534374485,7.837948916025283
1,34.0,1,46.0,1,3,0,0,0,1,0,0,1,1,0,0,0,0,0,0.0,0.0,0.0,0.0,0.0,0.0
1,42.0,1,46.0,1,3,0,0,0,1,0,0,0,1,0,0,0,0,0,0.0,0.0,0.0,0.0,0.0,0.0
1,19.0,1,176.0,1,1,1,0,0,0,0,0,1,0,0,0,0,0,1,0.0,0.0,0.0,0.0,0.0,0.0
0,54.0,1,173.0,0,1,1,1,0,0,0,0,1,0,0,0,0,0,1,0.0,0.0,0.0,0.0,6.812345094177479,6.812345094177479
0,12.0,1,177.0,1,3,0,0,1,0,0,0,1,0,0,0,0,0,1,0.0,0.0,0.0,0.0,0.0,0.0
0,35.0,0,217.0,1,3,0,1,0,0,0,0,1,0,0,0,0,1,0,6.180016653652572,0.0,6.785587645007929,0.0,3.4339872044851463,7.242082359256962
0,55.0,0,177.0,1,3,0,1,0,0,0,0,1,0,0,0,0,0,1,6.023447592961033,4.584967478670572,1.3862943611198906,0.0,0.0,6.240275845170769
0,26.0,0,232.0,0,1,1,1,0,0,0,0,0,0,0,0,0,1,0,6.431331081933479,0.0,5.236441962829949,0.0,7.173958319756794,7.655390644826152
1,49.0,1,42.0,0,1,1,0,0,1,0,0,1,1,0,0,0,0,0,0.0,0.0,0.0,0.0,0.0,0.0
1,22.0,1,42.0,0,7,0,0,0,1,0,0,0,0,1,0,0,0,0,0.0,0.0,0.0,0.0,0.0,0.0
0,27.0,0,42.0,0,7,0,1,0,1,0,0,0,0,1,0,0,0,0,0.0,4.812184355372417,7.668093709082406,8.905037290767,7.101675971619444,9.291182759820284
0,30.0,0,42.0,0,7,0,1,0,1,0,0,1,0,1,0,0,0,0,0.0,8.561401446080557,0.0,2.1972245773362196,7.56734567601324,8.877242435993919
0,39.0,1,933.5,1,7,0,1,0,1,0,0,0,0,0,0,0,1,0,0.0,8.558910784768106,1.0986122886681096,4.77912349311153,4.127134385045092,8.593042503699674
1,14.0,1,42.0,0,7,0,0,1,1,0,0,1,0,1,0,0,0,0,0.0,0.0,0.0,0.0,0.0,0.0
1,29.0,1,42.0,0,7,0,0,0,1,0,0,1,0,1,0,0,0,0,0.0,0.0,0.0,0.0,0.0,0.0
0,34.0,0,42.0,0,7,0,1,0,1,0,0,0,0,1,0,0,0,0,7.77779262633883,6.7357800142423265,4.343805421853684,3.295836866004329,7.434847875211999,8.521782643750045
0,8.0,1,178.0,1,5,0,0,1,0,0,0,0,0,0,0,0,0,1,0.0,0.0,0.0,0.0,0.0,0.0
0,7.0,0,178.0,1,5,0,0,1,0,0,0,1,0,0,0,0,0,1,0.0,0.0,0.0,0.0,0.0,0.0
1,3.0,0,178.0,1,5,0,0,1,0,0,0,1,0,0,0,0,0,1,0.0,0.0,0.0,0.0,0.0,0.0
0,0.0,0,178.0,1,5,0,0,1,0,0,0,1,0,0,0,0,0,1,0.0,0.0,0.0,0.0,0.0,0.0
0,10.0,0,178.0,1,5,0,0,1,0,0,0,0,0,0,0,0,0,1,0.0,0.0,0.0,0.0,0.0,0.0
1,16.0,0,179.0,1,1,1,0,0,0,0,0,0,0,0,0,0,0,1,0.0,0.0,0.0,0.0,0.0,0.0
0,41.0,0,218.0,1,1,1,1,0,0,1,0,1,0,0,0,0,1,0,3.4011973816621555,0.0,6.999422467507961,0.0,1.6094379124341003,7.029087564149662
1,18.0,1,174.0,0,1,1,0,0,0,0,0,1,0,0,0,0,0,1,0.0,0.0,0.0,0.0,0.0,0.0
1,25.0,1,43.0,0,3,0,0,0,1,0,0,1,1,0,0,0,0,0,0.0,0.0,0.0,0.0,0.0,0.0
1,32.0,1,43.0,0,3,0,0,0,1,0,0,1,1,0,0,0,0,0,0.0,0.0,0.0,0.0,0.0,0.0
1,26.0,1,43.0,0,3,0,0,0,1,0,0,0,1,0,0,0,0,0,0.0,0.0,0.0,0.0,0.0,0.0
0,26.0,0,233.0,0,2,0,1,0,0,0,0,1,0,0,0,0,1,0,4.882801922586371,6.684611727667927,0.0,0.0,2.833213344056216,6.853299093186078
1,18.0,1,175.0,0,2,0,0,0,0,0,0,1,0,0,0,0,0,1,0.0,0.0,0.0,0.0,0.0,0.0
0,27.0,0,47.0,1,2,0,1,0,1,0,0,1,1,0,0,0,0,0,0.0,8.002359546252707,1.0986122886681096,8.030409562130485,4.219507705176107,8.720786883485731
1,26.0,1,47.0,1,2,0,0,0,1,0,0,1,1,0,0,0,0,0,0.0,0.0,0.0,0.0,0.0,0.0
0,28.0,1,48.0,1,2,0,1,0,1,0,0,0,1,0,0,0,0,0,0.0,9.335297611380566,4.290459441148391,3.784189633918261,6.135564891081739,9.384881741451174
0,19.0,0,48.0,1,2,0,1,0,1,0,0,0,1,0,0,0,0,0,0.0,7.163946684342547,0.0,9.68905594182394,6.5337888379333435,9.804661198229233
0,31.0,1,45.0,1,1,1,1,0,1,0,0,1,0,1,0,0,0,0,0.0,7.521859252201629,0.0,4.6443908991413725,6.543911845564792,7.8804263442924
0,35.0,1,235.0,0,1,1,1,0,0,0,0,0,0,0,0,0,1,0,0.0,7.192182058713246,1.791759469228055,0.0,2.0794415416798357,7.201170883281678
0,46.0,0,44.0,0,4,0,1,0,1,0,0,0,1,0,0,0,0,0,0.0,8.882114044208821,0.0,3.4965075614664802,7.858640655620791,9.192278229157774
0,37.0,0,44.0,0,4,0,1,0,1,0,0,1,1,0,0,0,0,0,6.456769655572163,5.8111409929767,0.0,5.327876168789581,4.219507705176107,7.124478262493424
1,29.0,1,44.0,0,4,0,0,0,1,0,0,1,1,0,0,0,0,0,0.0,0.0,0.0,0.0,0.0,0.0
1,17.0,1,44.0,0,4,0,0,0,1,0,0,1,1,0,0,0,0,0,0.0,0.0,0.0,0.0,0.0,0.0
0,30.0,0,43.0,0,1,1,1,0,1,0,0,0,0,1,0,0,0,0,0.0,8.178919332848396,6.831953565565855,0.6931471805599453,7.560601162768557,8.765926513729443
1,28.0,1,236.0,0,1,1,0,0,0,1,0,1,0,0,0,0,1,0,0.0,0.0,0.0,0.0,0.0,0.0
0,16.0,0,69.0,0,1,1,1,0,0,0,0,1,0,0,0,1,0,0,0.0,4.07753744390572,2.5649493574615367,4.23410650459726,6.483107351457199,6.674561391814426
0,40.0,0,221.0,1,1,1,1,0,0,1,0,1,0,0,0,0,1,0,7.765569081097317,0.0,2.302585092994046,0.0,0.0,7.769378609513984
0,23.0,0,83.0,1,1,1,1,0,0,0,0,1,0,0,0,1,0,0,0.0,0.0,5.634789603169249,0.0,6.240275845170769,6.674561391814426
0,24.0,1,182.0,1,1,1,1,0,0,0,1,0,0,0,0,0,0,1,4.574710978503383,6.385194398997726,2.5649493574615367,0.0,0.0,6.55250788703459
1,36.0,1,176.0,0,1,1,0,0,0,0,0,1,0,0,0,0,0,1,0.0,0.0,0.0,0.0,0.0,0.0
1,34.0,1,223.0,1,1,1,0,0,0,1,0,1,0,0,0,0,1,0,0.0,0.0,0.0,0.0,0.0,0.0
1,59.0,1,44.0,0,1,1,0,0,1,0,0,1,0,1,0,0,0,0,0.0,0.0,0.0,0.0,0.0,0.0
0,20.0,0,224.0,1,1,1,1,0,0,0,0,1,0,0,0,0,1,0,0.0,0.0,6.398594934535208,0.0,0.0,6.398594934535208
1,15.0,1,49.0,1,1,1,0,0,1,0,0,1,1,0,0,0,0,0,0.0,0.0,0.0,0.0,0.0,0.0
0,19.0,0,225.0,1,1,1,1,0,0,0,0,1,0,0,0,0,1,0,0.0,0.0,6.86484777797086,1.6094379124341003,0.0,6.8690144506657065
1,64.0,1,237.0,0,3,0,0,0,0,1,0,0,0,0,0,0,1,0,0.0,0.0,0.0,0.0,0.0,0.0
0,24.0,1,70.0,0,3,0,1,0,0,1,0,1,0,0,0,1,0,0,8.005700678662542,0.0,1.3862943611198906,0.0,2.0794415416798357,8.00903068506973
0,23.0,1,237.0,0,3,0,1,0,0,1,0,1,0,0,0,0,1,0,4.110873864173311,7.213031659834869,0.0,0.0,0.0,7.256297239690681
0,30.0,0,71.0,0,1,1,1,0,0,1,0,1,0,0,0,1,0,0,0.0,0.0,0.0,6.522092798170152,0.0,6.522092798170152
0,0.0,1,183.0,1,5,0,0,1,0,0,0,1,0,0,0,0,0,1,0.0,0.0,0.0,0.0,0.0,0.0
0,8.0,0,183.0,1,5,0,0,1,0,0,0,1,0,0,0,0,0,1,0.0,0.0,0.0,0.0,0.0,0.0
1,1.0,0,183.0,1,5,0,0,1,0,0,0,1,0,0,0,0,0,1,0.0,0.0,0.0,0.0,0.0,0.0
0,48.0,1,227.0,1,5,0,1,0,0,0,0,1,0,0,0,0,1,0,0.0,3.5263605246161616,6.484635235635252,0.0,4.736198448394496,6.68586094706836
0,12.0,0,183.0,1,5,0,0,1,0,0,0,1,0,0,0,0,0,1,0.0,0.0,0.0,0.0,0.0,0.0
0,30.0,0,228.0,1,3,0,1,0,0,0,0,1,0,0,0,0,1,0,0.0,6.3561076606958915,5.198497031265826,1.6094379124341003,3.8066624897703196,6.6895992691789665
0,10.0,0,184.0,1,3,0,0,1,0,0,0,1,0,0,0,0,0,1,0.0,0.0,0.0,0.0,0.0,0.0
0,11.0,0,184.0,1,3,0,0,1,0,0,0,1,0,0,0,0,0,1,0.0,0.0,0.0,0.0,0.0,0.0
0,58.0,0,46.0,0,1,1,1,0,1,0,0,1,0,1,0,0,0,0,5.3230099791384085,8.349484346990128,0.0,8.01532730902172,4.127134385045092,8.925188429378027
0,52.0,1,72.0,0,1,1,1,0,0,0,0,1,0,0,0,1,0,0,0.0,5.497168225293202,6.142037405587356,4.276666119016055,2.1972245773362196,6.668228248417403
0,36.0,0,229.0,1,1,1,1,0,0,0,0,1,0,0,0,0,1,0,0.0,0.0,0.0,0.0,7.367708572374371,7.367708572374371
0,32.0,0,238.0,0,1,1,1,0,0,0,0,1,0,0,0,0,1,0,6.398594934535208,6.508769136971682,0.0,5.236441962829949,0.0,7.284820912568604
1,16.0,1,50.0,1,2,0,0,0,1,0,0,1,1,0,0,0,0,0,0.0,0.0,0.0,0.0,0.0,0.0
1,25.0,1,50.0,1,2,0,0,0,1,0,0,0,1,0,0,0,0,0,0.0,0.0,0.0,0.0,0.0,0.0
0,28.0,1,239.0,0,1,1,1,0,0,0,0,0,0,0,0,0,1,0,1.0986122886681096,6.326149473155099,0.0,0.0,0.0,6.329720905522696
0,32.0,0,45.0,0,1,1,1,0,1,0,0,0,1,0,0,0,0,0,0.0,4.812184355372417,8.216358332386156,5.823045895483019,7.236339342754344,8.621192781434722
0,28.0,1,933.5,1,1,1,1,0,0,1,0,1,0,0,0,0,1,0,3.7612001156935624,7.018401799069201,0.0,0.0,0.0,7.055312843339752
0,16.0,0,73.0,0,1,1,1,0,0,0,0,1,0,0,0,1,0,0,0.0,0.0,6.6240652277998935,0.0,5.4638318050256105,6.895682697747868
0,50.0,0,51.0,1,1,1,1,0,1,0,0,0,1,0,0,0,0,0,0.0,8.607764889600624,0.0,6.556778356158042,8.76123680683819,9.438113191674054
0,20.0,0,241.0,0,1,1,1,0,0,0,0,1,0,0,0,0,1,0,4.276666119016055,2.1972245773362196,6.2422232654551655,5.872117789475416,0.0,6.853299093186078
0,23.0,0,178.0,0,1,1,1,0,0,0,0,1,0,0,0,0,0,1,0.0,0.0,1.9459101490553132,3.4339872044851463,5.303304908059076,5.4680601411351315
1,45.0,1,179.0,0,2,0,0,0,0,0,0,1,0,0,0,0,0,1,0.0,0.0,0.0,0.0,0.0,0.0
0,23.0,0,179.0,0,2,0,1,0,0,0,0,1,0,0,0,0,0,1,5.976350909297934,6.236369590203704,0.0,0.0,1.791759469228055,6.812345094177479
1,53.0,0,186.0,1,7,0,0,0,0,0,1,0,0,0,0,0,0,1,0.0,0.0,0.0,0.0,0.0,0.0
1,8.0,0,186.0,1,7,0,0,1,0,0,0,1,0,0,0,0,0,1,0.0,0.0,0.0,0.0,0.0,0.0
1,6.0,1,186.0,1,7,0,0,1,0,0,0,1,0,0,0,0,0,1,0.0,0.0,0.0,0.0,0.0,0.0
1,3.0,0,186.0,1,7,0,0,1,0,0,0,1,0,0,0,0,0,1,0.0,0.0,0.0,0.0,0.0,0.0
0,13.0,1,232.0,1,7,0,1,1,0,0,0,0,0,0,0,0,1,0,0.6931471805599453,5.3612921657094255,6.738152494595957,4.3694478524670215,2.3978952727983707,7.0431599159883405
1,60.0,0,186.0,1,7,0,0,0,0,0,0,1,0,0,0,0,0,1,0.0,0.0,0.0,0.0,0.0,0.0
0,1.0,1,186.0,1,7,0,0,1,0,0,0,0,0,0,0,0,0,1,0.0,0.0,0.0,0.0,0.0,0.0
0,40.0,0,180.0,0,1,1,1,0,0,0,0,1,0,0,0,0,0,1,0.0,0.6931471805599453,5.278114659230518,6.329720905522696,0.0,6.6293632534374485
0,51.0,1,242.0,0,1,1,1,0,0,0,0,1,0,0,0,0,1,0,0.0,0.0,6.68586094706836,0.0,1.6094379124341003,6.690842277418564
1,31.0,1,181.0,0,1,1,0,0,0,0,0,0,0,0,0,0,0,1,0.0,0.0,0.0,0.0,0.0,0.0
1,28.0,1,187.0,1,1,1,0,0,0,0,0,1,0,0,0,0,0,1,0.0,0.0,0.0,0.0,0.0,0.0
0,20.0,1,182.0,0,1,1,1,0,0,0,0,1,0,0,0,0,0,1,4.189654742026425,6.80903930604298,0.0,0.0,0.0,6.878326468291325
0,14.0,0,243.0,0,1,1,1,1,0,0,0,1,0,0,0,0,1,0,0.0,0.0,0.0,7.670428522190693,2.0794415416798357,7.67368812926773
0,23.0,0,76.0,0,1,1,1,0,1,0,0,1,0,0,0,1,0,0,0.0,6.385194398997726,0.0,5.846438775057724,6.698268054115413,7.466227556215481
0,4.0,0,188.0,1,2,0,0,1,0,0,0,1,0,0,0,0,0,1,0.0,0.0,0.0,0.0,0.0,0.0
0,20.0,0,87.0,1,2,0,1,0,0,0,0,1,0,0,0,1,0,0,0.0,0.0,0.0,7.3833681469923835,0.6931471805599453,7.383989457978509
0,75.0,0,183.0,0,1,1,1,0,0,0,0,1,0,0,0,0,0,1,0.0,6.202535517187923,0.0,4.882801922586371,4.890349128221754,6.6293632534374485
1,24.0,1,48.0,1,1,1,0,0,1,0,0,0,0,1,0,0,0,0,0.0,0.0,0.0,0.0,0.0,0.0
0,18.0,1,244.0,0,1,1,1,0,0,0,0,1,0,0,0,0,1,0,1.0986122886681096,7.179307969504034,4.110873864173311,3.367295829986474,0.6931471805599453,7.246368080102461
1,21.0,1,933.5,1,2,0,0,0,0,1,0,1,0,0,0,0,1,0,0.0,0.0,0.0,0.0,0.0,0.0
0,59.0,1,89.0,1,2,0,1,0,0,1,0,1,0,0,0,1,0,0,4.962844630259907,0.0,6.811244378601294,0.0,0.0,6.956545443151569
0,27.0,1,245.0,0,1,1,1,0,0,0,0,1,0,0,0,0,1,0,0.0,0.0,6.761572768804055,3.5263605246161616,1.0986122886681096,6.80128303447162
0,38.0,0,189.0,1,1,1,1,0,0,0,0,1,0,0,0,0,0,1,5.872117789475416,3.5553480614894135,0.0,5.676753802268282,5.438079308923196,6.812345094177479
1,41.0,0,77.0,0,1,1,0,0,0,1,0,1,0,0,0,1,0,0,0.0,0.0,0.0,0.0,0.0,0.0
1,36.0,1,49.0,1,2,0,0,0,1,0,0,1,0,1,0,0,0,0,0.0,0.0,0.0,0.0,0.0,0.0
0,29.0,0,49.0,1,2,0,1,0,1,0,0,0,0,1,0,0,0,0,0.0,3.7612001156935624,0.0,8.445052513638554,6.495265555937008,8.585785982881848
1,22.0,1,184.0,0,1,1,0,0,0,0,1,0,0,0,0,0,0,1,0.0,0.0,0.0,0.0,0.0,0.0
0,23.0,1,236.0,1,1,1,1,0,0,0,1,0,0,0,0,0,1,0,0.0,0.0,7.1316985104669115,0.0,0.0,7.1316985104669115
0,32.0,1,237.0,1,1,1,1,0,0,0,0,1,0,0,0,0,1,0,3.332204510175204,5.976350909297934,6.967909201801884,3.332204510175204,0.0,7.319202458767849
0,21.0,0,246.0,0,1,1,1,0,0,0,0,0,0,0,0,0,1,0,6.421622267806518,3.784189633918261,0.0,0.6931471805599453,0.0,6.490723534502507
0,26.0,1,50.0,1,2,0,1,0,1,0,0,1,0,1,0,0,0,0,0.0,6.934397209928558,8.102283624480073,6.723832440821209,5.877735781779639,8.615226931687603
1,61.0,1,53.0,1,2,0,0,0,1,0,0,1,1,0,0,0,0,0,0.0,0.0,0.0,0.0,0.0,0.0
0,30.0,1,78.0,0,1,1,1,0,0,0,1,0,0,0,0,1,0,0,6.373319789577012,2.639057329615259,4.812184355372417,3.713572066704308,4.663439094112067,6.763884908562435
0,40.0,1,238.0,1,1,1,1,0,0,0,0,1,0,0,0,0,1,0,6.7912214627261855,5.225746673713202,0.0,0.0,3.367295829986474,7.005789019253503
0,37.0,1,48.0,0,1,1,1,0,1,0,0,0,0,1,0,0,0,0,0.0,8.450625947144124,0.0,4.7535901911063645,5.4116460518550396,8.520388082312756
0,41.0,0,9.0,0,2,0,1,0,1,0,0,1,0,0,0,0,0,0,0.0,8.348774539791274,0.0,7.226209010100671,7.156176637480615,8.836373930927389
0,32.0,0,9.0,0,2,0,1,0,1,0,0,1,0,0,0,0,0,0,9.00810178134187,4.248495242049359,2.4849066497880004,5.918893854273146,0.0,9.061840363657739
0,30.0,0,185.0,0,1,1,1,0,0,0,0,1,0,0,0,0,0,1,0.0,5.262690188904886,0.0,6.338594078203183,0.0,6.630683385642372
0,27.0,1,239.0,1,1,1,0,0,0,0,1,0,0,0,0,0,1,0,0.0,0.0,0.0,0.0,0.0,0.0
0,22.0,0,240.0,1,1,1,1,0,0,0,0,1,0,0,0,0,1,0,0.0,2.8903717578961645,0.0,4.127134385045092,6.342121418721152,6.470799503782602
0,54.0,0,44.0,1,2,0,1,0,0,1,0,1,0,0,1,0,0,0,6.558197802812269,0.0,6.068425588244111,0.0,3.8712010109078907,7.075808863978387
0,27.0,0,241.0,1,2,0,1,0,0,1,0,1,0,0,0,0,1,0,1.6094379124341003,0.0,6.799055862058796,5.438079308923196,0.0,7.029972911706386
1,52.0,1,242.0,1,2,0,0,0,0,1,0,1,0,0,0,0,1,0,0.0,0.0,0.0,0.0,0.0,0.0
1,15.0,1,242.0,1,2,0,0,0,0,1,0,1,0,0,0,0,1,0,0.0,0.0,0.0,0.0,0.0,0.0
0,27.0,0,92.0,1,1,1,1,0,0,1,0,1,0,0,0,1,0,0,7.15305163493748,0.0,0.6931471805599453,2.3978952727983707,2.302585092994046,7.168579897264035
0,30.0,0,10.0,0,1,1,1,0,1,0,0,0,0,0,0,0,0,0,0.0,8.19671240721307,5.66988092298052,7.460490305825338,8.514790306799927,9.272563715156315
0,19.0,0,243.0,1,1,1,1,0,0,0,0,1,0,0,0,0,1,0,0.0,0.0,6.429719478039138,0.0,4.962844630259907,6.635946555686647
1,22.0,1,186.0,0,1,1,0,0,0,0,1,0,0,0,0,0,0,1,0.0,0.0,0.0,0.0,0.0,0.0
0,43.0,0,49.0,0,1,1,1,0,1,0,0,0,0,1,0,0,0,0,7.2196420401307355,8.041412909393047,0.0,3.9318256327243257,7.746732907753622,8.82981174915805
0,25.0,0,244.0,1,1,1,1,0,0,1,0,1,0,0,0,0,1,0,6.98933526597456,0.6931471805599453,4.204692619390966,0.0,1.791759469228055,7.053585727193677
0,51.0,0,79.0,0,1,1,1,0,0,0,0,1,0,0,0,1,0,0,0.0,0.6931471805599453,0.0,3.9512437185814275,6.852242569051878,6.905753276311464
1,34.0,1,191.0,1,1,1,0,0,0,0,1,0,0,0,0,0,0,1,0.0,0.0,0.0,0.0,0.0,0.0
0,21.0,0,80.0,0,1,1,1,0,0,1,0,1,0,0,0,1,0,0,7.633853559681768,0.0,2.772588722239781,0.0,0.6931471805599453,7.641564441260972
1,21.0,0,189.0,0,1,1,0,0,0,0,1,0,0,0,0,0,0,1,0.0,0.0,0.0,0.0,0.0,0.0
0,23.0,0,246.0,1,1,1,1,0,0,0,0,1,0,0,0,0,1,0,0.0,0.0,0.0,6.633318433280377,0.0,6.633318433280377
0,38.0,0,254.0,0,1,1,1,0,0,0,0,0,0,0,0,0,1,0,0.0,0.0,6.3835066348840055,3.713572066704308,5.159055299214529,6.690842277418564
1,30.0,0,190.0,0,1,1,0,0,0,0,0,1,0,0,0,0,0,1,0.0,0.0,0.0,0.0,0.0,0.0
1,31.0,1,50.0,0,1,1,0,0,1,0,0,0,0,1,0,0,0,0,0.0,0.0,0.0,0.0,0.0,0.0
0,44.0,1,257.0,0,1,1,1,0,0,0,1,0,0,0,0,0,1,0,0.0,5.187385805840755,6.180016653652572,0.0,0.0,6.493753839851687
1,14.0,0,193.0,1,1,1,0,1,0,0,0,1,0,0,0,0,0,1,0.0,0.0,0.0,0.0,0.0,0.0
1,18.0,0,191.0,0,1,1,0,0,0,0,1,0,0,0,0,0,0,1,0.0,0.0,0.0,0.0,0.0,0.0
0,19.0,0,194.0,1,1,1,1,0,0,0,0,1,0,0,0,0,0,1,1.9459101490553132,0.0,0.6931471805599453,6.5722825426940075,0.0,6.582025138892826
1,27.0,1,247.0,1,1,1,0,0,0,1,0,1,0,0,0,0,1,0,0.0,0.0,0.0,0.0,0.0,0.0
0,36.0,0,258.0,0,1,1,1,0,0,0,0,0,0,0,0,0,1,0,5.659482215759621,6.030685260261263,2.833213344056216,0.0,0.0,6.576469569048224
1,10.0,1,248.0,1,1,1,0,1,0,1,0,1,0,0,0,0,1,0,0.0,0.0,0.0,0.0,0.0,0.0
1,1.0,1,259.0,0,3,0,0,1,0,1,0,1,0,0,0,0,1,0,0.0,0.0,0.0,0.0,0.0,0.0
1,4.0,1,259.0,0,3,0,0,1,0,1,0,0,0,0,0,0,1,0,0.0,0.0,0.0,0.0,0.0,0.0
0,21.0,0,259.0,0,3,0,1,0,0,1,0,1,0,0,0,0,1,0,6.598509028614515,0.0,6.98933526597456,0.6931471805599453,3.784189633918261,7.529406457837013
0,24.0,0,192.0,0,1,1,1,0,0,0,0,1,0,0,0,0,0,1,6.432940092739179,0.0,0.0,0.0,0.0,6.432940092739179
0,8.0,0,195.0,1,2,0,0,1,0,0,0,1,0,0,0,0,0,1,0.0,0.0,0.0,0.0,0.0,0.0
0,18.0,0,195.0,1,2,0,1,0,0,0,0,1,0,0,0,0,0,1,6.672032945461067,0.0,1.0986122886681096,0.0,2.995732273553991,6.698268054115413
0,33.0,0,260.0,0,1,1,1,0,0,1,0,1,0,0,0,0,1,0,7.472500744737558,4.0943445622221,1.6094379124341003,0.0,0.0,7.507690077819904
0,31.0,1,55.0,1,2,0,1,0,1,0,0,0,1,0,0,0,0,0,0.0,10.230053743037875,1.3862943611198906,5.313205979041787,8.054204897064407,10.344158916378912
0,43.0,1,55.0,1,2,0,1,0,1,0,0,1,1,0,0,0,0,0,4.663439094112067,5.910796644040527,5.594711379601839,6.736966958001855,2.639057329615259,7.3758821482150125
0,20.0,0,261.0,0,1,1,1,0,0,0,0,1,0,0,0,0,1,0,5.365976015021851,0.0,0.0,0.0,6.371611847231857,6.682108597449809
1,28.0,1,14.0,1,3,0,0,0,1,0,0,1,0,0,0,0,0,0,0.0,0.0,0.0,0.0,0.0,0.0
1,30.0,1,14.0,1,3,0,0,0,1,0,1,0,0,0,0,0,0,0,0.0,0.0,0.0,0.0,0.0,0.0
0,28.0,0,14.0,1,3,0,0,0,1,0,0,1,0,0,0,0,0,0,0.0,0.0,0.0,0.0,0.0,0.0
0,19.0,0,933.5,1,1,1,1,0,0,0,0,1,0,0,0,0,1,0,4.23410650459726,0.0,0.0,6.579251212010101,0.0,6.669498089857879
0,22.0,1,250.0,1,1,1,1,0,0,0,0,1,0,0,0,0,1,0,0.0,0.0,6.516193076042964,1.791759469228055,0.0,6.523562306149512
0,27.0,0,251.0,1,1,1,1,0,0,0,0,0,0,0,0,0,1,0,0.6931471805599453,5.703782474656201,0.6931471805599453,5.942799375126701,2.639057329615259,6.543911845564792
0,22.0,1,45.0,1,1,1,1,0,0,1,0,0,0,0,1,0,0,0,5.389071729816501,3.9318256327243257,8.480114183174816,4.990432586778736,5.54907608489522,8.610319169405722
1,2.0,1,82.0,0,6,0,0,1,0,0,0,0,0,0,0,1,0,0,0.0,0.0,0.0,0.0,0.0,0.0
0,4.0,0,82.0,0,6,0,0,1,0,0,0,1,0,0,0,1,0,0,0.0,0.0,0.0,0.0,0.0,0.0
0,10.0,0,82.0,0,6,0,0,1,0,0,0,1,0,0,0,1,0,0,0.0,0.0,0.0,0.0,0.0,0.0
0,9.0,1,82.0,0,6,0,0,1,0,0,0,1,0,0,0,1,0,0,0.0,0.0,0.0,0.0,0.0,0.0
1,37.0,0,82.0,0,6,0,0,0,0,0,0,1,0,0,0,1,0,0,0.0,0.0,0.0,0.0,0.0,0.0
0,2.0,1,82.0,0,6,0,0,1,0,0,1,0,0,0,0,1,0,0,0.0,0.0,0.0,0.0,0.0,0.0
0,44.0,1,56.0,1,2,0,1,0,1,0,0,1,1,0,0,0,0,0,0.0,8.259458195332408,0.6931471805599453,6.918695219020472,6.244166900663736,8.592115117933497
0,11.0,1,56.0,1,2,0,0,1,1,0,0,0,1,0,0,0,0,0,0.0,0.0,0.0,0.0,0.0,0.0
1,22.0,0,193.0,0,1,1,0,0,0,0,0,1,0,0,0,0,0,1,0.0,0.0,0.0,0.0,0.0,0.0
1,40.0,1,933.5,1,4,0,0,0,1,0,0,0,0,0,0,0,1,0,0.0,0.0,0.0,0.0,0.0,0.0
0,30.0,0,94.0,1,4,0,1,0,1,0,0,0,0,0,0,1,0,0,5.631211781821365,8.101980731853192,0.0,9.005282288208358,7.832014180505469,9.564020836934587
0,37.0,0,94.0,1,4,0,1,0,1,0,0,0,0,0,0,1,0,0,0.0,6.0867747269123065,0.0,8.070593539949519,1.9459101490553132,8.200837258379849
1,26.0,1,94.0,1,4,0,0,0,1,0,0,0,0,0,0,1,0,0,0.0,0.0,0.0,0.0,0.0,0.0
0,19.0,1,264.0,0,1,1,1,0,0,0,0,1,0,0,0,0,1,0,0.0,1.6094379124341003,4.700480365792417,0.0,6.51025834052315,6.665683717782408
0,57.0,0,52.0,1,1,1,1,0,1,0,0,1,0,1,0,0,0,0,0.0,6.895682697747868,0.6931471805599453,8.506940814951886,3.9889840465642745,8.697846691109495
0,1.0,1,265.0,0,3,0,0,1,0,1,0,1,0,0,0,0,1,0,0.0,0.0,0.0,0.0,0.0,0.0
0,17.0,0,265.0,0,3,0,1,0,0,1,0,1,0,0,0,0,1,0,6.855408798609928,3.8712010109078907,5.680172609017068,0.0,0.0,7.160845906664299
0,26.0,0,43.0,0,3,0,1,0,0,1,0,1,0,0,1,0,0,0,7.5740450053721995,1.6094379124341003,1.6094379124341003,0.0,6.436150368369428,7.8547691834991324
1,21.0,1,194.0,0,1,1,0,0,0,0,0,0,0,0,0,0,0,1,0.0,0.0,0.0,0.0,0.0,0.0
1,28.0,1,95.0,1,2,0,0,0,1,0,0,1,0,0,0,1,0,0,0.0,0.0,0.0,0.0,0.0,0.0
0,36.0,0,95.0,1,2,0,1,0,1,0,0,0,0,0,0,1,0,0,0.0,6.742880635791903,0.0,8.447843113281444,4.499809670330265,8.630700432209832
0,25.0,0,266.0,0,1,1,1,0,0,1,0,1,0,0,0,0,1,0,7.827639546366422,0.0,3.1780538303479458,0.0,4.219507705176107,7.8628820346414905
1,40.0,1,196.0,0,1,1,0,0,0,0,0,1,0,0,0,0,0,1,0.0,0.0,0.0,0.0,0.0,0.0
1,23.0,1,267.0,0,1,1,0,0,0,0,0,0,0,0,0,0,1,0,0.0,0.0,0.0,0.0,0.0,0.0
1,2.0,0,199.0,1,3,0,0,1,0,0,0,0,0,0,0,0,0,1,0.0,0.0,0.0,0.0,0.0,0.0
0,10.0,0,199.0,1,3,0,0,1,0,0,0,0,0,0,0,0,0,1,0.0,0.0,0.0,0.0,0.0,0.0
1,43.0,1,199.0,1,3,0,0,0,0,0,0,1,0,0,0,0,0,1,0.0,0.0,0.0,0.0,0.0,0.0
1,0.0,1,97.0,1,3,0,0,1,0,0,0,1,0,0,0,1,0,0,0.0,0.0,0.0,0.0,0.0,0.0
0,24.0,0,97.0,1,3,0,1,0,0,0,0,1,0,0,0,1,0,0,4.2626798770413155,5.081404364984463,5.831882477283517,0.0,5.820082930352362,6.810142450115136
1,42.0,1,97.0,1,3,0,0,0,0,0,0,1,0,0,0,1,0,0,0.0,0.0,0.0,0.0,0.0,0.0
0,30.0,0,257.0,1,2,0,1,0,0,1,0,1,0,0,0,0,1,0,7.280008252884188,0.0,0.0,0.0,7.045776576879511,7.862497197230545
0,19.0,0,257.0,1,2,0,1,0,0,1,0,1,0,0,0,0,1,0,7.318539548567902,0.0,5.564520407322694,0.0,0.0,7.477604243197589
1,26.0,0,198.0,0,1,1,0,0,0,0,0,1,0,0,0,0,0,1,0.0,0.0,0.0,0.0,0.0,0.0
0,47.0,0,46.0,1,2,0,1,0,0,1,0,1,0,0,1,0,0,0,6.0063531596017325,0.0,5.267858159063328,6.129050210060545,0.0,6.963189985870238
0,28.0,1,46.0,1,2,0,1,0,0,1,0,1,0,0,1,0,0,0,4.795790545596741,2.1972245773362196,7.029087564149662,0.6931471805599453,2.0794415416798357,7.142827401161621
1,24.0,1,200.0,1,1,1,0,0,0,0,1,0,0,0,0,0,0,1,0.0,0.0,0.0,0.0,0.0,0.0
0,29.0,0,98.0,1,1,1,1,0,0,0,0,1,0,0,0,1,0,0,3.367295829986474,0.0,6.331501849893691,5.318119993844216,0.0,6.675823221634848
0,32.0,0,269.0,0,1,1,1,0,0,0,1,0,0,0,0,0,1,0,0.0,6.18826412308259,0.0,5.438079308923196,3.295836866004329,6.60934924316738
1,44.0,0,199.0,0,1,1,0,0,0,0,0,1,0,0,0,0,0,1,0.0,0.0,0.0,0.0,0.0,0.0
1,17.0,1,201.0,1,1,1,0,0,0,0,0,1,0,0,0,0,0,1,0.0,0.0,0.0,0.0,0.0,0.0
0,35.0,0,258.0,1,1,1,1,0,0,0,0,0,0,0,0,0,1,0,6.654152520183219,2.70805020110221,0.0,6.415096959171596,1.6094379124341003,7.247080584585756
1,23.0,0,203.0,1,1,1,0,0,0,0,0,1,0,0,0,0,0,1,0.0,0.0,0.0,0.0,0.0,0.0
0,34.0,0,200.0,0,1,1,1,0,0,0,0,1,0,0,0,0,0,1,0.0,4.77912349311153,1.791759469228055,0.0,6.635946555686647,6.785587645007929
0,25.0,0,260.0,1,1,1,1,0,0,0,0,1,0,0,0,0,1,0,7.069023426578259,0.0,2.9444389791664403,6.582025138892826,0.0,7.5569505720129
0,67.0,1,271.0,0,1,1,1,0,0,0,0,1,0,0,0,0,1,0,0.0,6.635946555686647,0.0,0.6931471805599453,0.0,6.637258031284457
0,22.0,0,57.0,1,2,0,1,0,1,0,0,1,1,0,0,0,0,0,0.0,7.3343293503005365,0.0,5.91350300563827,7.996317231796746,8.490849216076635
1,27.0,1,57.0,1,2,0,0,0,1,0,0,1,1,0,0,0,0,0,0.0,0.0,0.0,0.0,0.0,0.0
1,27.0,1,206.0,1,4,0,0,0,0,0,0,0,0,0,0,0,0,1,0.0,0.0,0.0,0.0,0.0,0.0
0,14.0,0,261.0,1,4,0,1,1,0,0,0,1,0,0,0,0,1,0,7.306531398939505,1.0986122886681096,4.844187086458591,6.133398042996649,4.290459441148391,7.673223121121708
0,42.0,0,206.0,1,4,0,1,0,0,0,1,0,0,0,0,0,0,1,6.198478716492308,4.672828834461906,2.1972245773362196,5.313205979041787,0.0,6.694562058521095
1,19.0,0,206.0,1,4,0,0,0,0,0,1,0,0,0,0,0,0,1,0.0,0.0,0.0,0.0,0.0,0.0
0,22.0,0,202.0,0,1,1,0,0,0,0,0,1,0,0,0,0,0,1,0.0,0.0,0.0,0.0,0.0,0.0
0,31.0,0,272.0,0,1,1,1,0,0,1,0,1,0,0,0,0,1,0,3.784189633918261,6.663132695990803,0.6931471805599453,6.493753839851687,0.0,7.304515946460155
0,10.0,1,262.0,1,4,0,0,1,0,1,0,1,0,0,0,0,1,0,0.0,0.0,0.0,0.0,0.0,0.0
0,39.0,0,262.0,1,4,0,1,0,0,1,0,1,0,0,0,0,1,0,7.336936913707618,0.0,5.831882477283517,0.0,6.584791392385716,7.8628820346414905
1,41.0,1,262.0,1,4,0,0,0,0,1,0,1,0,0,0,0,1,0,0.0,0.0,0.0,0.0,0.0,0.0
0,0.0,1,262.0,1,4,0,0,1,0,1,0,1,0,0,0,0,1,0,0.0,0.0,0.0,0.0,0.0,0.0
1,22.0,1,203.0,0,1,1,0,0,0,0,1,0,0,0,0,0,0,1,0.0,0.0,0.0,0.0,0.0,0.0
0,21.0,0,207.0,1,1,1,1,0,0,0,0,1,0,0,0,0,0,1,0.0,3.6888794541139363,0.0,5.739792912179234,6.29156913955832,6.790097235513905
1,40.0,1,48.0,1,1,1,0,0,0,1,0,1,0,0,1,0,0,0,0.0,0.0,0.0,0.0,0.0,0.0
0,25.0,1,100.0,1,1,1,1,0,0,0,0,1,0,0,0,1,0,0,0.0,6.905753276311464,0.0,0.0,0.0,6.905753276311464
0,23.0,0,265.0,1,1,1,1,0,0,0,0,1,0,0,0,0,1,0,0.0,7.1459844677143876,0.0,4.787491742782046,1.0986122886681096,7.237059026124737
0,33.0,0,58.0,1,2,0,1,0,1,0,0,0,1,0,0,0,0,0,4.356708826689592,7.775695749915245,0.0,8.204398418149381,5.017279836814924,8.742733867330168
1,20.0,1,58.0,1,2,0,0,0,1,0,0,1,1,0,0,0,0,0,0.0,0.0,0.0,0.0,0.0,0.0
1,40.0,1,206.0,0,1,1,0,0,0,0,0,0,0,0,0,0,0,1,0.0,0.0,0.0,0.0,0.0,0.0
1,27.0,0,208.0,0,1,1,0,0,0,0,0,1,0,0,0,0,0,1,0.0,0.0,0.0,0.0,0.0,0.0
0,21.0,0,102.0,1,1,1,1,0,0,0,0,1,0,0,0,1,0,0,6.873163834212518,0.0,3.1780538303479458,1.3862943611198906,0.0,6.899723107284872
0,25.0,0,44.0,0,1,1,1,0,0,1,0,1,0,0,1,0,0,0,6.3835066348840055,6.1463292576688975,0.0,0.0,0.0,6.964135612418245
0,2.0,0,208.0,1,2,0,0,1,0,0,0,1,0,0,0,0,0,1,0.0,0.0,0.0,0.0,0.0,0.0
0,19.0,0,267.0,1,2,0,1,0,0,0,0,1,0,0,0,0,1,0,0.0,1.3862943611198906,6.853299093186078,0.0,0.0,6.856461984594587
1,41.0,0,211.0,0,1,1,0,0,0,0,0,1,0,0,0,0,0,1,0.0,0.0,0.0,0.0,0.0,0.0
0,43.0,1,52.0,0,1,1,1,0,1,0,0,1,0,1,0,0,0,0,0.0,7.938088726896952,6.2878585601617845,3.7612001156935624,4.976733742420574,8.16763571524637
0,19.0,0,212.0,0,2,0,1,0,0,0,0,1,0,0,0,0,0,1,5.5053315359323625,3.7376696182833684,6.311734809152915,0.0,0.0,6.729824070489475
0,22.0,1,275.0,0,2,0,1,0,0,0,0,1,0,0,0,0,1,0,6.831953565565855,0.0,0.0,0.0,4.3694478524670215,6.912742820493176
0,16.0,0,268.0,1,1,1,1,0,0,0,0,1,0,0,0,0,1,0,0.0,3.4339872044851463,0.0,6.646390514847729,1.6094379124341003,6.6895992691789665
0,42.0,0,53.0,1,1,1,1,0,1,0,0,0,0,1,0,0,0,0,0.0,3.091042453358316,0.0,7.914252278742441,8.190077049719049,8.757940876678804
1,20.0,1,209.0,1,1,1,0,0,0,0,1,0,0,0,0,0,0,1,0.0,0.0,0.0,0.0,0.0,0.0
0,35.0,0,104.0,1,1,1,1,0,0,0,0,1,0,0,0,1,0,0,0.0,7.026426808699636,6.063785208687608,0.0,4.02535169073515,7.383989457978509
1,53.0,1,49.0,1,1,1,0,0,1,0,0,1,0,0,1,0,0,0,0.0,0.0,0.0,0.0,0.0,0.0
0,17.0,0,105.0,1,5,0,1,0,0,0,0,1,0,0,0,1,0,0,3.091042453358316,0.0,6.53813982376767,5.564520407322694,1.791759469228055,6.884486652042782
1,6.0,0,210.0,1,5,0,0,1,0,0,0,1,0,0,0,0,0,1,0.0,0.0,0.0,0.0,0.0,0.0
0,22.0,1,269.0,1,5,0,1,0,0,0,0,1,0,0,0,0,1,0,0.0,6.093569770045136,0.0,0.0,5.910796644040527,6.698268054115413
0,41.0,1,269.0,1,5,0,1,0,0,0,0,1,0,0,0,0,1,0,5.82600010738045,0.0,5.934894195619588,1.0986122886681096,4.465908118654584,6.6895992691789665
0,19.0,1,105.0,1,5,0,1,0,0,0,0,1,0,0,0,1,0,0,5.247024072160486,6.236369590203704,0.0,0.0,0.0,6.551080335043404
0,39.0,0,213.0,0,1,1,1,0,0,0,0,1,0,0,0,0,0,1,6.559615237493242,1.3862943611198906,0.0,0.0,0.0,6.5638555265321274
1,23.0,1,214.0,0,1,1,0,0,0,0,0,1,0,0,0,0,0,1,0.0,0.0,0.0,0.0,0.0,0.0
0,31.0,0,85.0,0,1,1,1,0,0,1,0,1,0,0,0,1,0,0,6.9930151229329605,0.0,5.638354669333745,0.0,0.0,7.221835825288449
1,38.0,1,212.0,1,1,1,0,0,0,0,0,0,0,0,0,0,0,1,0.0,0.0,0.0,0.0,0.0,0.0
1,1.0,1,215.0,0,1,1,0,1,0,0,1,0,0,0,0,0,0,1,0.0,0.0,0.0,0.0,0.0,0.0
1,13.0,1,276.0,0,3,0,0,1,0,1,0,1,0,0,0,0,1,0,0.0,0.0,0.0,0.0,0.0,0.0
0,21.0,0,276.0,0,3,0,1,0,0,1,0,1,0,0,0,0,1,0,6.9782137426306985,4.382026634673881,3.8501476017100584,2.833213344056216,0.0,7.101675971619444
0,44.0,0,276.0,0,3,0,1,0,0,1,0,1,0,0,0,0,1,0,6.186208623900494,1.0986122886681096,5.351858133476067,0.0,5.863631175598097,6.955592608396297
0,36.0,0,270.0,1,2,0,1,0,0,1,0,1,0,0,0,0,1,0,3.7612001156935624,0.0,5.3612921657094255,5.0238805208462765,7.5251007461258,7.7226775164680035
0,19.0,0,270.0,1,2,0,1,0,0,1,0,1,0,0,0,0,1,0,7.629975707027789,0.0,5.41610040220442,5.700443573390686,2.995732273553991,7.8632667240095735
0,7.0,1,214.0,1,1,1,0,1,0,0,0,1,0,0,0,0,0,1,0.0,0.0,0.0,0.0,0.0,0.0
0,39.0,0,271.0,1,1,1,1,0,0,0,0,1,0,0,0,0,1,0,5.958424693029782,5.25227342804663,0.0,6.194405391104672,0.0,6.97166860472579
0,28.0,1,216.0,0,1,1,1,0,0,0,0,1,0,0,0,0,0,1,0.0,6.2324480165505225,5.814130531825066,0.0,3.8501476017100584,6.790097235513905
0,28.0,0,272.0,1,1,1,1,0,0,0,0,1,0,0,0,0,1,0,0.0,0.0,6.272877006546167,6.329720905522696,4.110873864173311,7.047517221357296
1,14.0,1,217.0,0,1,1,0,1,0,0,0,0,0,0,0,0,0,1,0.0,0.0,0.0,0.0,0.0,0.0
0,18.0,0,218.0,0,1,1,1,0,0,0,0,1,0,0,0,0,0,1,0.0,0.0,6.396929655216146,4.0943445622221,5.030437921392435,6.698268054115413
1,23.0,1,215.0,1,2,0,0,0,0,0,1,0,0,0,0,0,0,1,0.0,0.0,0.0,0.0,0.0,0.0
1,33.0,1,215.0,1,2,0,0,0,0,0,0,0,0,0,0,0,0,1,0.0,0.0,0.0,0.0,0.0,0.0
0,18.0,0,86.0,0,1,1,1,0,0,0,0,1,0,0,0,1,0,0,7.4127640174265625,0.0,0.0,0.0,0.0,7.4127640174265625
0,47.0,0,60.0,1,2,0,1,0,1,0,0,1,1,0,0,0,0,0,0.6931471805599453,6.5998704992128365,3.367295829986474,4.3694478524670215,8.15248607578024,8.369388996647842
0,42.0,0,933.5,1,2,0,1,0,1,0,0,1,0,0,0,0,1,0,0.0,3.9512437185814275,0.0,8.335911094196945,2.639057329615259,8.351138607086154
0,17.0,0,106.0,1,1,1,1,0,0,1,0,1,0,0,0,1,0,0,3.6109179126442243,0.0,6.921658184151129,0.0,0.0,6.956545443151569
0,21.0,0,278.0,0,2,0,1,0,0,0,0,1,0,0,0,0,1,0,6.6039438246004725,1.6094379124341003,3.332204510175204,2.1972245773362196,0.0,6.655440350367647
0,17.0,1,278.0,0,2,0,1,0,0,0,1,0,0,0,0,0,1,0,2.1972245773362196,5.407171771460119,1.3862943611198906,5.996452088619021,0.0,6.453624998892692
0,26.0,0,216.0,1,1,1,1,0,0,0,1,0,0,0,0,0,0,1,1.6094379124341003,6.647688373563329,0.0,0.0,0.0,6.652863029353347
0,23.0,0,279.0,0,1,1,1,0,0,0,0,1,0,0,0,0,1,0,0.0,6.342121418721152,6.799055862058796,0.0,4.812184355372417,7.368970402194793
0,15.0,0,217.0,1,1,1,1,0,0,0,0,0,0,0,0,0,0,1,0.0,0.0,0.0,0.0,6.725033642166843,6.725033642166843
1,18.0,0,218.0,1,1,1,0,0,0,0,1,0,0,0,0,0,0,1,0.0,0.0,0.0,0.0,0.0,0.0
0,65.0,0,280.0,0,1,1,1,0,0,0,0,1,0,0,0,0,1,0,5.560681631015528,0.0,0.0,0.0,7.558516743045645,7.685243607975833
0,33.0,1,45.0,0,1,1,1,0,1,0,0,0,0,0,1,0,0,0,2.639057329615259,0.0,7.60688453121963,2.8903717578961645,3.4965075614664802,7.637234388789473
1,27.0,0,219.0,0,1,1,0,0,0,0,0,1,0,0,0,0,0,1,0.0,0.0,0.0,0.0,0.0,0.0
0,41.0,0,54.0,1,1,1,1,0,1,0,0,1,0,1,0,0,0,0,0.0,5.220355825078325,0.0,7.327123292259293,8.119398589612294,8.529714471969909
0,42.0,0,273.0,1,1,1,1,0,0,1,0,1,0,0,0,0,1,0,7.231287004327616,0.0,7.126087273299125,0.0,0.0,7.872836175025724
1,27.0,0,108.0,1,1,1,0,0,0,1,0,1,0,0,0,1,0,0,0.0,0.0,0.0,0.0,0.0,0.0
0,37.0,0,274.0,1,2,0,1,0,0,1,0,1,0,0,0,0,1,0,5.796057750765372,8.724857555881988,0.0,3.295836866004329,6.710523109452428,8.899457906353966
0,17.0,0,274.0,1,2,0,1,0,0,1,0,0,0,0,0,0,1,0,6.79346613258001,0.0,5.497168225293202,0.0,1.791759469228055,7.038783541388542
1,24.0,1,61.0,1,3,0,0,0,1,0,0,1,1,0,0,0,0,0,0.0,0.0,0.0,0.0,0.0,0.0
1,39.0,1,61.0,1,3,0,0,0,1,0,0,1,1,0,0,0,0,0,0.0,0.0,0.0,0.0,0.0,0.0
1,59.0,1,61.0,1,3,0,0,0,1,0,0,0,1,0,0,0,0,0,0.0,0.0,0.0,0.0,0.0,0.0
1,32.0,1,47.0,0,5,0,0,0,1,0,0,1,1,0,0,0,0,0,0.0,0.0,0.0,0.0,0.0,0.0
0,29.0,0,47.0,0,5,0,1,0,1,0,0,0,1,0,0,0,0,0,8.002694162283937,7.672292455628756,0.0,0.0,7.484368643286131,8.841448244098858
0,8.0,1,47.0,0,5,0,0,1,1,0,0,1,1,0,0,0,0,0,0.0,0.0,0.0,0.0,0.0,0.0
0,28.0,1,47.0,0,5,0,1,0,1,0,0,0,1,0,0,0,0,0,0.0,8.385032287813898,0.0,6.541029999189903,0.0,8.53168763756669
1,35.0,1,47.0,0,5,0,0,0,1,0,0,1,1,0,0,0,0,0,0.0,0.0,0.0,0.0,0.0,0.0
0,24.0,0,282.0,0,3,0,1,0,0,0,0,1,0,0,0,0,1,0,6.568077911411976,0.0,0.0,4.0943445622221,4.060443010546419,6.71901315438526
1,1.0,1,220.0,0,3,0,0,1,0,0,0,1,0,0,0,0,0,1,0.0,0.0,0.0,0.0,0.0,0.0
1,4.0,1,220.0,0,3,0,0,1,0,0,0,1,0,0,0,0,0,1,0.0,0.0,0.0,0.0,0.0,0.0
1,28.0,1,46.0,0,1,1,0,0,1,0,0,0,0,0,1,0,0,0,0.0,0.0,0.0,0.0,0.0,0.0
1,46.0,1,275.0,1,2,0,0,0,0,1,0,1,0,0,0,0,1,0,0.0,0.0,0.0,0.0,0.0,0.0
0,67.0,0,275.0,1,2,0,1,0,0,1,0,1,0,0,0,0,1,0,6.095824562432225,0.0,7.451241684987676,5.5254529391317835,1.0986122886681096,7.790282380703483
0,44.0,0,109.0,1,1,1,1,0,0,0,0,1,0,0,0,1,0,0,0.0,5.303304908059076,4.859812404361672,6.133398042996649,0.0,6.670766320845874
0,14.0,0,283.0,0,1,1,1,1,0,0,0,1,0,0,0,0,1,0,5.8888779583328805,0.0,7.6577552711348655,0.6931471805599453,2.1972245773362196,7.818430272070656
0,23.0,1,221.0,0,1,1,1,0,0,0,0,1,0,0,0,0,0,1,0.0,0.0,1.6094379124341003,0.0,6.873163834212518,6.877296071497429
1,51.0,0,219.0,1,1,1,0,0,0,0,0,1,0,0,0,0,0,1,0.0,0.0,0.0,0.0,0.0,0.0
0,20.0,0,222.0,0,3,0,1,0,0,0,0,1,0,0,0,0,0,1,0.0,5.556828061699537,5.805134968916488,4.897839799950911,0.0,6.583409222158765
0,0.0,1,933.5,1,3,0,0,1,0,0,0,1,0,0,0,0,1,0,0.0,0.0,0.0,0.0,0.0,0.0
1,0.0,0,222.0,0,3,0,0,1,0,0,0,1,0,0,0,0,0,1,0.0,0.0,0.0,0.0,0.0,0.0
0,23.0,0,223.0,0,1,1,1,0,0,0,0,1,0,0,0,0,0,1,0.0,3.044522437723423,3.295836866004329,0.0,6.492239835020471,6.559615237493242
0,24.0,0,89.0,0,1,1,1,0,0,0,0,1,0,0,0,1,0,0,5.204006687076795,5.41610040220442,0.0,5.278114659230518,5.2574953720277815,6.674561391814426
0,41.0,0,279.0,1,2,0,1,0,0,1,0,1,0,0,0,0,1,0,4.727387818712341,5.231108616854587,5.43372200355424,6.634633357861686,0.0,7.160069207596127
0,30.0,0,52.0,1,2,0,1,0,0,1,0,1,0,0,1,0,0,0,6.693323668269949,4.61512051684126,2.302585092994046,0.0,3.8712010109078907,6.870053411798126
0,27.0,0,280.0,1,1,1,1,0,0,0,0,1,0,0,0,0,1,0,0.0,7.510430556378006,3.6888794541139363,2.4849066497880004,6.476972362889683,7.8343923029104365
1,13.0,1,220.0,1,1,1,0,1,0,0,1,0,0,0,0,0,0,1,0.0,0.0,0.0,0.0,0.0,0.0
1,16.0,1,225.0,0,1,1,0,0,0,0,0,1,0,0,0,0,0,1,0.0,0.0,0.0,0.0,0.0,0.0
0,30.0,1,55.0,1,1,1,1,0,1,0,0,1,0,1,0,0,0,0,3.9318256327243257,7.130098510125578,0.0,0.6931471805599453,6.816735880594968,7.701652362642226
0,8.0,1,221.0,1,1,1,0,1,0,0,1,0,0,0,0,0,0,1,0.0,0.0,0.0,0.0,0.0,0.0
0,59.0,0,227.0,0,1,1,1,0,0,0,0,1,0,0,0,0,0,1,0.0,0.0,0.0,0.0,6.628041376179533,6.628041376179533
1,43.0,1,53.0,1,2,0,0,0,1,0,0,0,0,0,1,0,0,0,0.0,0.0,0.0,0.0,0.0,0.0
0,30.0,0,53.0,1,2,0,1,0,1,0,0,0,0,0,1,0,0,0,0.0,4.9344739331306915,0.0,8.60666819784384,4.727387818712341,8.651374372882257
0,46.0,0,56.0,1,2,0,1,0,1,0,0,0,0,1,0,0,0,0,5.313205979041787,6.184148890937483,0.0,8.073714641109857,7.818430272070656,8.760923376338836
1,39.0,1,56.0,1,2,0,0,0,1,0,0,1,0,1,0,0,0,0,0.0,0.0,0.0,0.0,0.0,0.0
0,21.0,0,53.0,0,5,0,1,0,1,0,0,1,0,1,0,0,0,0,1.791759469228055,5.529429087511423,2.3978952727983707,3.295836866004329,8.127109185346375,8.209852481301272
1,70.0,1,933.5,1,5,0,0,0,1,0,0,1,0,0,0,0,1,0,0.0,0.0,0.0,0.0,0.0,0.0
0,34.0,0,53.0,0,5,0,1,0,1,0,0,0,0,1,0,0,0,0,0.0,7.4067107301776405,0.0,3.9512437185814275,7.288244401020124,8.058327306580958
0,33.0,0,53.0,0,5,0,1,0,1,0,0,1,0,1,0,0,0,0,0.0,6.652863029353347,0.0,8.741296282225147,1.9459101490553132,8.85879510585745
1,44.0,1,53.0,0,5,0,0,0,1,0,0,0,0,1,0,0,0,0,0.0,0.0,0.0,0.0,0.0,0.0
0,16.0,0,229.0,0,2,0,1,0,0,0,0,0,0,0,0,0,0,1,0.0,7.951207156472972,3.4965075614664802,1.791759469228055,8.133000218583613,8.745125259462244
0,63.0,1,229.0,0,2,0,1,0,0,0,0,1,0,0,0,0,0,1,1.3862943611198906,6.687108607866515,0.0,0.0,1.791759469228055,6.697034247666484
0,37.0,0,54.0,1,1,1,1,0,1,0,0,1,0,0,1,0,0,0,0.0,9.515027043243787,2.772588722239781,8.309184527686298,4.290459441148391,9.7818282639088
1,29.0,1,62.0,1,5,0,0,0,1,0,0,0,1,0,0,0,0,0,0.0,0.0,0.0,0.0,0.0,0.0
0,29.0,1,62.0,1,5,0,1,0,1,0,0,1,1,0,0,0,0,0,0.0,7.828038032125829,0.0,2.833213344056216,6.54965074223381,8.07837810362652
1,22.0,1,62.0,1,5,0,0,0,1,0,0,0,1,0,0,0,0,0,0.0,0.0,0.0,0.0,0.0,0.0
0,26.0,1,62.0,1,5,0,1,0,1,0,0,1,1,0,0,0,0,0,0.0,6.280395838960195,7.659171367666058,2.3978952727983707,6.22455842927536,8.06054004653864
0,76.0,0,62.0,1,5,0,1,0,1,0,0,0,1,0,0,0,0,0,0.0,7.913155185928068,6.0473721790462776,9.716856724154075,5.802118375377063,9.907429771768753
0,61.0,0,110.0,1,1,1,1,0,0,0,0,1,0,0,0,1,0,0,0.0,5.910796644040527,1.3862943611198906,8.394573477868327,0.0,8.475120414994329
0,46.0,0,223.0,1,1,1,1,0,0,0,0,1,0,0,0,0,0,1,0.0,0.0,7.611347717403621,5.780743515792329,0.0,7.759614150696903
0,19.0,1,285.0,0,2,0,1,0,0,0,0,1,0,0,0,0,1,0,0.0,6.80903930604298,5.961005339623274,0.0,0.0,7.164720378771857
1,13.0,1,230.0,0,2,0,0,1,0,0,1,0,0,0,0,0,0,1,0.0,0.0,0.0,0.0,0.0,0.0
1,27.0,0,224.0,1,1,1,0,0,0,0,0,1,0,0,0,0,0,1,0.0,0.0,0.0,0.0,0.0,0.0
1,30.0,1,231.0,0,1,1,0,0,0,0,0,1,0,0,0,0,0,1,0.0,0.0,0.0,0.0,0.0,0.0
0,23.0,0,282.0,1,1,1,1,0,0,0,1,0,0,0,0,0,1,0,5.303304908059076,6.028278520230698,4.304065093204169,0.6931471805599453,0.6931471805599453,6.536691597591305
0,63.0,0,233.0,0,1,1,1,0,0,0,1,0,0,0,0,0,0,1,5.877735781779639,5.662960480135946,0.0,0.0,5.517452896464707,6.79346613258001
0,21.0,0,111.0,1,1,1,1,0,0,0,0,1,0,0,0,1,0,0,6.796823718274855,0.6931471805599453,0.0,4.127134385045092,3.295836866004329,6.890609120147166
1,32.0,1,287.0,0,1,1,0,0,0,1,0,1,0,0,0,0,1,0,0.0,0.0,0.0,0.0,0.0,0.0
0,33.0,0,289.0,0,2,0,1,0,0,0,0,1,0,0,0,0,1,0,0.0,0.0,0.0,6.035481432524756,7.771910256435763,7.933796874815411
0,39.0,0,289.0,0,2,0,1,0,0,0,1,0,0,0,0,0,1,0,0.0,2.995732273553991,6.598509028614515,0.0,6.553933404025811,7.282073658093465
1,49.0,1,290.0,0,1,1,0,0,0,1,0,1,0,0,0,0,1,0,0.0,0.0,0.0,0.0,0.0,0.0
0,27.0,0,91.0,0,1,1,1,0,0,1,0,1,0,0,0,1,0,0,6.320768294250582,0.0,6.61338421837956,0.0,0.0,7.170119543449628
0,16.0,0,93.0,0,1,1,1,0,0,0,0,1,0,0,0,1,0,0,4.532599493153256,0.6931471805599453,6.785587645007929,0.0,0.0,6.885509670034818
1,38.0,1,291.0,0,1,1,0,0,0,1,0,1,0,0,0,0,1,0,0.0,0.0,0.0,0.0,0.0,0.0
1,42.0,1,94.0,0,1,1,0,0,0,1,0,1,0,0,0,1,0,0,0.0,0.0,0.0,0.0,0.0,0.0
0,19.0,0,229.0,1,1,1,1,0,0,0,0,1,0,0,0,0,0,1,4.304065093204169,0.0,0.0,6.70196036600254,1.0986122886681096,6.790097235513905
0,26.0,0,47.0,0,1,1,1,0,1,0,0,0,0,0,1,0,0,0,0.0,5.720311776607412,0.0,8.293799608846818,0.0,8.3670677328386
0,32.0,1,240.0,0,3,0,1,0,0,0,0,0,0,0,0,0,0,1,0.0,0.0,0.0,6.706862336602747,2.1972245773362196,6.716594773520978
0,56.0,0,292.0,0,3,0,1,0,0,0,0,1,0,0,0,0,1,0,0.0,3.9512437185814275,0.0,1.0986122886681096,6.561030665896573,6.633318433280377
0,0.0,1,240.0,0,3,0,0,1,0,0,0,1,0,0,0,0,0,1,0.0,0.0,0.0,0.0,0.0,0.0
0,38.0,0,285.0,1,1,1,1,0,0,0,0,1,0,0,0,0,1,0,3.58351893845611,0.0,0.0,0.0,6.570882962339584,6.618738983517219
0,30.0,0,295.0,0,1,1,1,0,0,0,0,1,0,0,0,0,1,0,0.0,6.206575926724928,0.0,0.0,5.0369526024136295,6.47543271670409
0,21.0,0,287.0,1,1,1,1,0,0,0,0,1,0,0,0,0,1,0,1.791759469228055,0.0,0.0,1.0986122886681096,6.967909201801884,6.974478911025045
0,11.0,0,230.0,1,7,0,0,1,0,0,0,1,0,0,0,0,0,1,0.0,0.0,0.0,0.0,0.0,0.0
0,3.0,0,230.0,1,7,0,0,1,0,0,0,1,0,0,0,0,0,1,0.0,0.0,0.0,0.0,0.0,0.0
0,17.0,1,230.0,1,7,0,1,0,0,0,0,0,0,0,0,0,0,1,0.0,4.02535169073515,6.81783057145415,0.0,4.02535169073515,6.931471805599453
0,35.0,1,230.0,1,7,0,0,0,0,0,0,0,0,0,0,0,0,1,0.0,0.0,0.0,0.0,0.0,0.0
0,17.0,0,288.0,1,7,0,1,0,0,0,0,0,0,0,0,0,1,0,5.768320995793772,5.220355825078325,0.0,0.0,5.932245187448011,6.779921907472252
1,0.0,1,230.0,1,7,0,0,1,0,0,0,1,0,0,0,0,0,1,0.0,0.0,0.0,0.0,0.0,0.0
1,46.0,1,230.0,1,7,0,0,0,0,0,0,1,0,0,0,0,0,1,0.0,0.0,0.0,0.0,0.0,0.0
0,63.0,0,243.0,0,1,1,1,0,0,0,0,1,0,0,0,0,0,1,0.0,5.37989735354046,0.0,6.38856140554563,0.0,6.698268054115413
0,35.0,0,48.0,0,2,0,1,0,0,1,0,1,0,0,1,0,0,0,7.544861068658458,0.0,6.210600077024653,0.6931471805599453,0.0,7.77863014732581
0,61.0,0,48.0,0,2,0,1,0,0,1,0,1,0,0,1,0,0,0,7.016609683894219,0.0,4.23410650459726,0.0,0.0,7.075808863978387
0,19.0,1,298.0,0,1,1,1,0,0,0,0,1,0,0,0,0,1,0,0.0,3.2188758248682006,6.423246963533519,2.302585092994046,0.0,6.47543271670409
0,43.0,1,289.0,1,4,0,1,0,0,0,0,1,0,0,0,0,1,0,0.0,0.0,7.1049654482698426,1.0986122886681096,0.0,7.106606137727303
0,14.0,0,289.0,1,4,0,1,1,0,0,0,1,0,0,0,0,1,0,0.6931471805599453,0.6931471805599453,6.52795791762255,6.040254711277414,0.0,7.007600613951853
0,78.0,0,231.0,1,4,0,1,0,0,0,0,1,0,0,0,0,0,1,0.0,0.0,0.0,6.091309882077698,1.6094379124341003,6.100318952020064
0,21.0,0,289.0,1,4,0,1,0,0,0,0,1,0,0,0,0,1,0,5.988961416889864,6.19644412779452,0.0,0.0,0.0,6.790097235513905
0,32.0,0,95.0,0,1,1,1,0,0,1,0,1,0,0,0,1,0,0,7.123672785204607,0.0,4.07753744390572,0.0,0.0,7.1693500166706
0,31.0,0,291.0,1,1,1,1,0,0,1,0,1,0,0,0,0,1,0,7.112327444710911,0.0,0.6931471805599453,0.0,0.0,7.113142108707088
0,40.0,1,63.0,1,4,0,1,0,1,0,0,1,1,0,0,0,0,0,6.914730892718563,0.0,0.0,5.652489180268651,5.799092654460526,7.3901814282264295
1,13.0,1,63.0,1,4,0,0,1,1,0,0,1,1,0,0,0,0,0,0.0,0.0,0.0,0.0,0.0,0.0
0,36.0,0,63.0,1,4,0,1,0,1,0,0,1,1,0,0,0,0,0,0.0,7.76046702921342,0.0,7.584264818389059,3.332204510175204,8.37539918579835
0,31.0,0,63.0,1,4,0,1,0,1,0,0,0,1,0,0,0,0,0,4.189654742026425,7.660114319173928,0.0,8.769040810858803,0.6931471805599453,9.061724347647399
0,18.0,0,293.0,1,1,1,1,0,0,0,0,1,0,0,0,0,1,0,6.641182169740591,0.0,2.639057329615259,0.0,0.0,6.658011045870748
1,40.0,1,235.0,1,1,1,0,0,0,0,0,1,0,0,0,0,0,1,0.0,0.0,0.0,0.0,0.0,0.0
1,28.0,1,295.0,1,1,1,0,0,0,1,0,1,0,0,0,0,1,0,0.0,0.0,0.0,0.0,0.0,0.0
1,41.0,1,64.0,1,2,0,0,0,1,0,0,0,1,0,0,0,0,0,0.0,0.0,0.0,0.0,0.0,0.0
1,35.0,1,64.0,1,2,0,0,0,1,0,0,1,1,0,0,0,0,0,0.0,0.0,0.0,0.0,0.0,0.0
1,14.0,1,236.0,1,1,1,0,1,0,0,0,1,0,0,0,0,0,1,0.0,0.0,0.0,0.0,0.0,0.0
0,20.0,1,299.0,0,1,1,1,0,0,1,0,1,0,0,0,0,1,0,6.29156913955832,7.146772179452637,3.6635616461296463,0.0,0.0,7.52131798019924
0,23.0,0,300.0,0,1,1,1,0,0,0,0,0,0,0,0,0,1,0,1.6094379124341003,0.0,1.0986122886681096,5.541263545158426,6.257667587882639,6.661854740545311
1,22.0,1,49.0,0,2,0,0,0,1,0,0,0,0,0,1,0,0,0,0.0,0.0,0.0,0.0,0.0,0.0
0,25.0,1,49.0,0,2,0,0,0,1,0,0,1,0,0,1,0,0,0,0.0,0.0,0.0,0.0,0.0,0.0
0,18.0,1,50.0,0,1,1,1,0,0,1,0,0,0,0,1,0,0,0,8.292298107063221,6.513230110912307,7.215975002651466,1.0986122886681096,0.0,8.704170559746386
0,25.0,1,16.0,1,2,0,1,0,1,0,1,0,0,0,0,0,0,0,0.0,8.863615758890619,0.0,3.828641396489095,5.645446897643238,8.908829791587868
0,30.0,1,16.0,1,2,0,0,0,1,0,0,1,0,0,0,0,0,0,0.0,0.0,0.0,0.0,0.0,0.0
0,46.0,0,237.0,1,1,1,1,0,0,0,0,1,0,0,0,0,0,1,0.0,0.0,6.280395838960195,5.627621113690637,0.0,6.698268054115413
0,27.0,0,65.0,1,1,1,1,0,1,0,0,1,1,0,0,0,0,0,0.0,3.4657359027997265,0.0,0.6931471805599453,9.339524830357009,9.34233308143468
0,53.0,0,244.0,0,1,1,1,0,0,0,0,1,0,0,0,0,0,1,6.923628628138427,0.0,0.0,0.0,0.6931471805599453,6.92461239604856
1,21.0,1,297.0,1,1,1,0,0,0,1,0,1,0,0,0,0,1,0,0.0,0.0,0.0,0.0,0.0,0.0
0,32.0,1,17.0,1,1,1,1,0,1,0,0,0,0,0,0,0,0,0,4.007333185232471,8.23827262463303,0.0,3.091042453358316,1.791759469228055,8.259199362666282
0,32.0,0,55.0,0,3,0,1,0,1,0,0,1,0,1,0,0,0,0,0.6931471805599453,6.154858094016418,0.0,7.273092595999522,7.656810091480378,8.300528606199737
0,33.0,1,55.0,0,3,0,1,0,1,0,0,1,0,1,0,0,0,0,0.0,8.87346805533363,3.1354942159291497,0.0,6.317164686747284,8.950921764797261
0,26.0,0,55.0,0,3,0,1,0,1,0,0,1,0,1,0,0,0,0,0.0,5.14166355650266,0.0,8.22121009392507,0.0,8.265907334155747
0,47.0,1,298.0,1,1,1,1,0,0,0,0,1,0,0,0,0,1,0,2.5649493574615367,2.0794415416798357,0.0,6.580639137284949,0.0,6.606650186198215
0,13.0,0,299.0,1,1,1,1,1,0,1,0,1,0,0,0,0,1,0,8.878079256126435,0.0,5.062595033026967,3.044522437723423,0.0,8.902455592206882
1,34.0,1,56.0,0,1,1,0,0,1,0,0,0,0,1,0,0,0,0,0.0,0.0,0.0,0.0,0.0,0.0
0,21.0,0,245.0,0,1,1,1,0,0,0,0,1,0,0,0,0,0,1,2.302585092994046,0.0,0.0,0.0,6.68586094706836,6.697034247666484
0,20.0,1,933.5,1,1,1,1,0,0,1,0,1,0,0,0,0,1,0,5.332718793265369,0.0,6.4457198193855785,4.219507705176107,6.261491684321042,7.262628600974241
0,21.0,0,301.0,1,1,1,1,0,0,0,0,1,0,0,0,0,1,0,5.099866427824199,0.0,6.495265555937008,3.4965075614664802,0.0,6.75343791859778
1,51.0,1,50.0,0,2,0,0,0,1,0,0,0,1,0,0,0,0,0,0.0,0.0,0.0,0.0,0.0,0.0
1,18.0,1,50.0,0,2,0,0,0,1,0,0,1,1,0,0,0,0,0,0.0,0.0,0.0,0.0,0.0,0.0
0,26.0,0,58.0,1,2,0,1,0,1,0,0,1,0,1,0,0,0,0,0.6931471805599453,5.442417710521793,0.0,3.7612001156935624,8.301769763117166,8.36730010184162
0,53.0,0,933.5,1,2,0,1,0,1,0,0,0,0,0,0,0,1,0,8.521782643750045,7.773594467360194,0.0,0.0,5.4638318050256105,8.940367233305174
0,30.0,1,96.0,0,1,1,1,0,1,0,0,1,0,0,0,1,0,0,0.0,7.227662498728655,3.784189633918261,0.0,7.2868764117507,7.965545573129992
1,37.0,0,240.0,1,1,1,0,0,0,0,0,1,0,0,0,0,0,1,0.0,0.0,0.0,0.0,0.0,0.0
0,45.0,0,18.0,1,1,1,1,0,1,0,0,1,0,0,0,0,0,0,0.0,7.237059026124737,0.0,8.002359546252707,0.0,8.384118837190895
0,62.0,0,247.0,0,1,1,1,0,0,0,0,1,0,0,0,0,0,1,6.777646593635117,2.772588722239781,0.0,0.0,0.6931471805599453,6.795705775173515
0,38.0,0,242.0,1,1,1,1,0,0,0,0,1,0,0,0,0,0,1,0.0,0.6931471805599453,3.828641396489095,0.0,6.731018100482083,6.784457062637643
0,24.0,0,305.0,0,1,1,1,0,0,0,0,0,0,0,0,0,1,0,6.93828448401696,0.0,0.0,0.0,7.023758954738443,7.674617497364363
0,18.0,0,306.0,0,1,1,1,0,0,0,0,1,0,0,0,0,1,0,5.834810737062605,0.0,5.808142489980444,4.634728988229636,0.0,6.654152520183219
1,23.0,0,303.0,1,1,1,0,0,0,1,0,1,0,0,0,0,1,0,0.0,0.0,0.0,0.0,0.0,0.0
0,16.0,0,304.0,1,1,1,1,0,0,0,1,0,0,0,0,0,1,0,0.0,7.326465613840322,0.0,0.0,6.642486801367256,7.734558844354756
1,37.0,1,53.0,0,1,1,0,0,1,0,0,1,1,0,0,0,0,0,0.0,0.0,0.0,0.0,0.0,0.0
0,22.0,0,933.5,1,2,0,1,0,0,0,0,1,0,0,0,0,1,0,6.926577033222725,4.61512051684126,0.0,2.302585092994046,0.0,7.028201432058005
1,18.0,1,248.0,0,2,0,0,0,0,0,1,0,0,0,0,0,0,1,0.0,0.0,0.0,0.0,0.0,0.0
1,25.0,1,308.0,0,1,1,0,0,0,1,0,1,0,0,0,0,1,0,0.0,0.0,0.0,0.0,0.0,0.0
0,26.0,0,249.0,0,2,0,1,0,0,0,0,1,0,0,0,0,0,1,6.6320017773956295,2.8903717578961645,2.4849066497880004,0.0,0.0,6.668228248417403
0,25.0,0,309.0,0,2,0,1,0,0,0,0,1,0,0,0,0,1,0,1.6094379124341003,0.0,4.990432586778736,6.584791392385716,0.0,6.773080375655535
0,55.0,0,56.0,1,1,1,1,0,0,1,0,1,0,0,1,0,0,0,6.844815479208263,0.0,4.418840607796598,0.0,5.093750200806762,7.075808863978387
0,28.0,0,97.0,0,1,1,1,0,0,1,0,1,0,0,0,1,0,0,6.464588303689961,0.0,5.921578419643816,0.0,2.833213344056216,6.937314081223682
0,23.0,1,310.0,0,1,1,1,0,0,0,0,1,0,0,0,0,1,0,0.0,5.135798437050262,0.0,0.0,0.0,5.135798437050262
0,22.0,0,98.0,0,1,1,1,0,0,0,0,1,0,0,0,1,0,0,0.0,3.2188758248682006,0.0,5.176149732573829,6.664409020350408,6.891625897052253
0,26.0,1,311.0,0,1,1,1,0,0,0,0,0,0,0,0,0,1,0,5.8111409929767,7.506591780070841,0.0,0.6931471805599453,0.0,7.675081857716334
0,13.0,0,246.0,1,2,0,1,1,0,0,0,1,0,0,0,0,0,1,0.0,0.0,2.1972245773362196,0.0,6.5722825426940075,6.583409222158765
0,18.0,0,246.0,1,2,0,1,0,0,0,0,1,0,0,0,0,0,1,6.061456918928017,0.0,3.6109179126442243,0.0,6.052089168924417,6.790097235513905
1,38.0,1,312.0,0,2,0,0,0,0,1,0,1,0,0,0,0,1,0,0.0,0.0,0.0,0.0,0.0,0.0
1,28.0,1,933.5,1,2,0,0,0,0,1,0,1,0,0,0,0,1,0,0.0,0.0,0.0,0.0,0.0,0.0
0,57.0,0,314.0,0,2,0,1,0,0,0,0,1,0,0,0,0,1,0,6.073044534100405,0.0,0.0,5.918893854273146,0.0,6.690842277418564
1,0.0,0,251.0,0,2,0,0,1,0,0,0,1,0,0,0,0,0,1,0.0,0.0,0.0,0.0,0.0,0.0
1,18.0,1,252.0,0,1,1,0,0,0,0,0,1,0,0,0,0,0,1,0.0,0.0,0.0,0.0,0.0,0.0
1,25.0,1,99.0,0,2,0,0,0,1,0,0,1,0,0,0,1,0,0,0.0,0.0,0.0,0.0,0.0,0.0
0,35.0,1,99.0,0,2,0,1,0,1,0,0,0,0,0,0,1,0,0,0.0,9.763938087586043,0.0,6.586171654854675,0.0,9.804716390436107
0,37.0,1,57.0,1,2,0,1,0,1,0,0,1,0,0,1,0,0,0,0.0,7.198183577101943,1.0986122886681096,2.5649493574615367,2.0794415416798357,7.213768308118642
0,33.0,0,57.0,1,2,0,1,0,1,0,0,0,0,0,1,0,0,0,0.0,3.295836866004329,0.6931471805599453,3.5263605246161616,7.799753318287247,7.824046010856292
0,35.0,1,60.0,1,2,0,1,0,1,0,0,1,0,1,0,0,0,0,5.723585101952381,8.19478163844336,0.0,5.771441123130016,5.834810737062605,8.431199478249262
0,47.0,1,60.0,1,2,0,1,0,1,0,0,0,0,1,0,0,0,0,2.833213344056216,7.662937850461535,7.305188215393037,0.0,5.2832037287379885,8.249836485425702
0,23.0,0,114.0,1,1,1,1,0,0,0,0,1,0,0,0,1,0,0,1.791759469228055,3.9512437185814275,0.0,6.597145701886651,0.0,6.670766320845874
0,27.0,1,253.0,0,1,1,1,0,0,0,0,1,0,0,0,0,0,1,0.0,1.3862943611198906,0.0,1.0986122886681096,6.828712071641684,6.834108738813838
0,27.0,1,57.0,0,1,1,1,0,1,0,0,0,0,1,0,0,0,0,0.0,8.376320632534823,0.0,0.0,3.6109179126442243,8.384575666801398
1,23.0,1,54.0,0,1,1,0,0,1,0,0,1,1,0,0,0,0,0,0.0,0.0,0.0,0.0,0.0,0.0
1,31.0,1,254.0,0,1,1,0,0,0,0,0,1,0,0,0,0,0,1,0.0,0.0,0.0,0.0,0.0,0.0
1,19.0,1,58.0,0,2,0,0,0,1,0,0,1,0,1,0,0,0,0,0.0,0.0,0.0,0.0,0.0,0.0
1,53.0,1,58.0,0,2,0,0,0,1,0,0,0,0,1,0,0,0,0,0.0,0.0,0.0,0.0,0.0,0.0
0,37.0,0,255.0,0,1,1,1,0,0,0,0,1,0,0,0,0,0,1,3.1354942159291497,1.791759469228055,0.0,6.617402977974478,0.0,6.652863029353347
0,18.0,0,307.0,1,1,1,1,0,0,0,0,1,0,0,0,0,1,0,0.0,0.0,0.0,7.894318063841624,4.02535169073515,7.914617709040679
0,42.0,0,317.0,0,3,0,1,0,0,0,0,1,0,0,0,0,1,0,0.0,6.38856140554563,0.0,0.0,4.787491742782046,6.570882962339584
1,7.0,1,256.0,0,3,0,0,1,0,0,0,1,0,0,0,0,0,1,0.0,0.0,0.0,0.0,0.0,0.0
0,7.0,1,256.0,0,3,0,0,1,0,0,0,0,0,0,0,0,0,1,0.0,0.0,0.0,0.0,0.0,0.0
0,24.0,0,257.0,0,1,1,1,0,0,0,0,1,0,0,0,0,0,1,1.0986122886681096,1.3862943611198906,0.0,6.424869023905388,5.087596335232384,6.663132695990803
0,20.0,1,116.0,1,1,1,1,0,1,0,0,1,0,0,0,1,0,0,2.639057329615259,6.706862336602747,0.0,7.269616749608169,3.1354942159291497,7.7354333524996886
0,24.0,0,319.0,0,1,1,1,0,0,0,0,1,0,0,0,0,1,0,7.055312843339752,5.267858159063328,6.683360945766275,1.0986122886681096,0.0,7.674152921281675
0,42.0,1,248.0,1,1,1,1,0,0,0,0,1,0,0,0,0,0,1,0.0,6.763884908562435,0.0,0.0,3.8066624897703196,6.813444599510896
0,49.0,1,101.0,0,2,0,1,0,1,0,0,1,0,0,0,1,0,0,0.0,8.229777750081887,0.0,1.0986122886681096,5.834810737062605,8.317277766221235
1,47.0,1,101.0,0,2,0,0,0,1,0,0,1,0,0,0,1,0,0,0.0,0.0,0.0,0.0,0.0,0.0
0,16.0,0,933.5,1,1,1,1,0,0,0,0,0,0,0,0,0,1,0,6.716594773520978,2.302585092994046,0.0,0.0,3.7612001156935624,6.776506992372183
0,26.0,0,321.0,0,1,1,1,0,0,1,0,1,0,0,0,0,1,0,6.07073772800249,0.0,6.873163834212518,3.58351893845611,0.0,7.267525427828172
0,24.0,0,322.0,0,3,0,1,0,0,0,0,1,0,0,0,0,1,0,0.0,0.0,1.9459101490553132,6.530877627725885,0.0,6.539585955617669
1,38.0,1,259.0,0,3,0,0,0,0,0,0,1,0,0,0,0,0,1,0.0,0.0,0.0,0.0,0.0,0.0
0,0.0,1,259.0,0,3,0,0,1,0,0,0,1,0,0,0,0,0,1,0.0,0.0,0.0,0.0,0.0,0.0
0,37.0,0,53.0,0,1,1,1,0,0,1,1,0,0,0,1,0,0,0,5.69035945432406,7.362645270417825,2.995732273553991,6.246106765481563,0.0,7.785305182539862
1,39.0,1,249.0,1,1,1,0,0,0,0,0,1,0,0,0,0,0,1,0.0,0.0,0.0,0.0,0.0,0.0
0,25.0,1,308.0,1,2,0,1,0,0,0,0,0,0,0,0,0,1,0,6.317164686747284,0.0,0.6931471805599453,5.480638923341991,2.1972245773362196,6.687108607866515
0,25.0,0,308.0,1,2,0,1,0,0,0,1,0,0,0,0,0,1,0,5.153291594497779,4.867534450455582,3.7376696182833684,0.0,5.834810737062605,6.52795791762255
1,35.0,1,323.0,0,1,1,0,0,0,1,0,1,0,0,0,0,1,0,0.0,0.0,0.0,0.0,0.0,0.0
1,0.0,1,250.0,1,3,0,0,1,0,0,1,0,0,0,0,0,0,1,0.0,0.0,0.0,0.0,0.0,0.0
0,46.0,1,250.0,1,3,0,1,0,0,0,0,0,0,0,0,0,0,1,6.418364935936212,0.0,4.143134726391533,0.0,0.0,6.51471269087253
0,4.0,1,250.0,1,3,0,0,1,0,0,0,1,0,0,0,0,0,1,0.0,0.0,0.0,0.0,0.0,0.0
1,19.0,1,59.0,0,2,0,0,0,1,0,0,0,0,1,0,0,0,0,0.0,0.0,0.0,0.0,0.0,0.0
0,29.0,0,59.0,0,2,0,1,0,1,0,0,1,0,1,0,0,0,0,0.0,6.836259277277067,0.0,7.656337166430183,4.59511985013459,8.052614818815567
0,19.0,0,324.0,0,1,1,1,0,0,0,0,1,0,0,0,0,1,0,0.0,2.302585092994046,0.0,0.0,0.6931471805599453,2.3978952727983707
1,47.0,1,71.0,1,1,1,0,0,1,0,0,1,1,0,0,0,0,0,0.0,0.0,0.0,0.0,0.0,0.0
1,1.0,1,252.0,1,3,0,0,1,0,0,1,0,0,0,0,0,0,1,0.0,0.0,0.0,0.0,0.0,0.0
1,4.0,0,252.0,1,3,0,0,1,0,0,0,1,0,0,0,0,0,1,0.0,0.0,0.0,0.0,0.0,0.0
0,37.0,0,309.0,1,3,0,1,0,0,0,0,1,0,0,0,0,1,0,0.0,3.332204510175204,2.4849066497880004,6.597145701886651,1.791759469228055,6.654152520183219
0,61.0,0,118.0,1,1,1,1,0,0,0,0,1,0,0,0,1,0,0,7.103322062526113,3.4965075614664802,0.0,0.0,5.8944028342648505,7.383989457978509
1,32.0,1,62.0,1,1,1,0,0,1,0,0,1,0,1,0,0,0,0,0.0,0.0,0.0,0.0,0.0,0.0
1,4.0,1,261.0,0,2,0,0,1,0,0,0,1,0,0,0,0,0,1,0.0,0.0,0.0,0.0,0.0,0.0
1,16.0,1,261.0,0,2,0,0,0,0,0,0,1,0,0,0,0,0,1,0.0,0.0,0.0,0.0,0.0,0.0
1,25.0,0,253.0,1,1,1,0,0,0,0,0,0,0,0,0,0,0,1,0.0,0.0,0.0,0.0,0.0,0.0
0,22.0,0,325.0,0,1,1,1,0,0,0,0,1,0,0,0,0,1,0,7.170888478512505,0.0,0.0,0.0,7.034387929915503,7.79770203551669
0,41.0,0,254.0,1,1,1,1,0,0,0,0,1,0,0,0,0,0,1,4.941642422609304,6.502790045915623,1.9459101490553132,4.276666119016055,3.258096538021482,6.811244378601294
1,25.0,1,255.0,1,1,1,0,0,0,0,0,1,0,0,0,0,0,1,0.0,0.0,0.0,0.0,0.0,0.0
0,19.0,0,119.0,1,1,1,1,0,0,0,0,1,0,0,0,1,0,0,6.028278520230698,0.0,4.204692619390966,5.730099782973575,0.0,6.669498089857879
0,21.0,1,262.0,0,1,1,1,0,0,0,0,1,0,0,0,0,0,1,5.723585101952381,0.0,0.6931471805599453,6.428105272684596,1.0986122886681096,6.831953565565855
0,14.0,0,327.0,0,1,1,1,1,0,0,0,0,0,0,0,0,1,0,0.0,1.0986122886681096,0.0,0.0,6.678342114654332,6.680854678790215
1,18.0,0,933.5,1,1,1,0,0,0,0,0,0,0,0,0,0,1,0,0.0,0.0,0.0,0.0,0.0,0.0
0,34.0,1,264.0,0,1,1,1,0,0,0,0,1,0,0,0,0,0,1,0.0,0.0,6.786716950605081,0.0,0.0,6.786716950605081
0,33.0,0,328.0,0,1,1,1,0,0,0,0,1,0,0,0,0,1,0,6.86171134048073,0.0,2.3978952727983707,1.3862943611198906,1.0986122886681096,6.877296071497429
1,14.0,0,265.0,0,1,1,0,1,0,0,0,0,0,0,0,0,0,1,0.0,0.0,0.0,0.0,0.0,0.0
1,28.0,1,258.0,1,1,1,0,0,0,0,0,0,0,0,0,0,0,1,0.0,0.0,0.0,0.0,0.0,0.0
1,43.0,0,266.0,0,3,0,0,0,0,0,1,0,0,0,0,0,0,1,0.0,0.0,0.0,0.0,0.0,0.0
0,3.0,1,266.0,0,3,0,0,1,0,0,0,0,0,0,0,0,0,1,0.0,0.0,0.0,0.0,0.0,0.0
1,0.0,1,266.0,0,3,0,0,1,0,0,1,0,0,0,0,0,0,1,0.0,0.0,0.0,0.0,0.0,0.0
0,47.0,0,19.0,1,1,1,1,0,1,0,0,1,0,0,0,0,0,0,1.6094379124341003,7.1731917424865985,6.7226297948554485,6.652863029353347,1.0986122886681096,7.97728198675515
0,28.0,0,933.5,1,2,0,1,0,0,0,0,1,0,0,0,0,1,0,8.071843149609158,0.0,0.0,0.0,1.791759469228055,8.073402968986406
0,40.0,1,310.0,1,2,0,1,0,0,0,0,1,0,0,0,0,1,0,0.0,6.694562058521095,0.0,0.0,0.0,6.694562058521095
0,17.0,0,311.0,1,1,1,1,0,0,0,0,1,0,0,0,0,1,0,0.6931471805599453,5.081404364984463,3.6375861597263857,0.0,0.0,5.293304824724492
0,21.0,0,267.0,0,1,1,1,0,0,0,0,1,0,0,0,0,0,1,0.0,0.0,5.389071729816501,4.700480365792417,8.579604451537634,8.639233817325263
0,27.0,1,312.0,1,1,1,1,0,0,1,0,1,0,0,0,0,1,0,7.048386408721883,0.0,1.9459101490553132,1.6094379124341003,0.0,7.057036981697891
0,41.0,0,313.0,1,1,1,1,0,0,0,0,1,0,0,0,0,1,0,0.0,4.418840607796598,1.3862943611198906,0.0,6.577861357721047,6.6895992691789665
0,20.0,0,122.0,1,1,1,1,0,0,0,0,1,0,0,0,1,0,0,0.0,0.6931471805599453,0.0,6.80903930604298,0.0,6.810142450115136
0,56.0,0,20.0,1,4,0,0,0,1,0,0,1,0,0,0,0,0,0,0.0,0.0,0.0,0.0,0.0,0.0
0,57.0,0,20.0,1,4,0,1,0,1,0,0,1,0,0,0,0,0,0,0.0,4.143134726391533,0.0,7.667158255319148,5.187385805840755,7.773594467360194
1,48.0,1,20.0,1,4,0,0,0,1,0,0,1,0,0,0,0,0,0,0.0,0.0,0.0,0.0,0.0,0.0
0,37.0,0,20.0,1,4,0,1,0,1,0,0,1,0,0,0,0,0,0,0.0,7.779466967458324,0.0,7.175489713624222,0.0,8.215276958936633
0,20.0,0,314.0,1,1,1,1,0,0,0,1,0,0,0,0,0,1,0,4.852030263919617,0.0,0.0,6.297109319933935,0.0,6.507277712385012
1,36.0,1,268.0,0,1,1,0,0,0,0,1,0,0,0,0,0,0,1,0.0,0.0,0.0,0.0,0.0,0.0
0,38.0,1,59.0,1,1,1,1,0,1,0,0,1,0,0,1,0,0,0,5.0689042022202315,6.669498089857879,7.944846711001996,0.0,4.465908118654584,8.256347772918016
0,22.0,0,316.0,1,1,1,1,0,0,0,0,1,0,0,0,0,1,0,1.0986122886681096,0.0,1.9459101490553132,4.624972813284271,6.285998094508865,6.470799503782602
0,31.0,0,317.0,1,3,0,1,0,0,1,0,1,0,0,0,0,1,0,7.798523053625206,0.0,4.997212273764115,2.833213344056216,0.0,7.8632667240095735
1,0.0,1,317.0,1,3,0,0,1,0,1,0,1,0,0,0,0,1,0,0.0,0.0,0.0,0.0,0.0,0.0
0,21.0,0,317.0,1,3,0,1,0,0,1,0,0,0,0,0,0,1,0,7.301147805856032,0.0,6.782192056006791,0.0,0.0,7.767687277186908
0,49.0,0,269.0,0,2,0,1,0,0,0,0,1,0,0,0,0,0,1,0.0,4.219507705176107,5.365976015021851,1.0986122886681096,7.274479558773871,7.45298232946546
1,44.0,0,269.0,0,2,0,0,0,0,0,0,1,0,0,0,0,0,1,0.0,0.0,0.0,0.0,0.0,0.0
0,27.0,0,73.0,1,1,1,1,0,1,0,0,0,1,0,0,0,0,0,0.0,6.756932389247553,0.0,8.81060879571578,4.174387269895637,8.93958096672031
0,29.0,0,318.0,1,1,1,1,0,0,0,0,1,0,0,0,0,1,0,2.0794415416798357,0.0,0.0,6.682108597449809,0.0,6.690842277418564
0,16.0,0,330.0,0,1,1,1,0,0,0,0,0,0,0,0,0,1,0,6.776506992372183,0.0,1.791759469228055,0.6931471805599453,2.833213344056216,6.80128303447162
1,20.0,0,260.0,1,1,1,0,0,0,0,1,0,0,0,0,0,0,1,0.0,0.0,0.0,0.0,0.0,0.0
1,26.0,0,270.0,0,1,1,0,0,0,0,0,1,0,0,0,0,0,1,0.0,0.0,0.0,0.0,0.0,0.0
0,19.0,0,103.0,0,1,1,1,0,0,0,0,1,0,0,0,1,0,0,1.791759469228055,4.477336814478207,0.0,0.0,0.0,4.532599493153256
0,34.0,0,261.0,1,1,1,1,0,0,0,0,1,0,0,0,0,0,1,0.6931471805599453,4.499809670330265,0.0,6.677083461247136,0.0,6.784457062637643
1,38.0,1,331.0,0,1,1,0,0,0,1,0,1,0,0,0,0,1,0,0.0,0.0,0.0,0.0,0.0,0.0
0,51.0,0,933.5,1,3,0,1,0,0,0,0,0,0,0,0,0,1,0,0.0,5.564520407322694,4.5217885770490405,0.0,5.579729825986222,6.423246963533519
0,7.0,0,272.0,0,3,0,0,1,0,0,0,0,0,0,0,0,0,1,0.0,0.0,0.0,0.0,0.0,0.0
1,3.0,1,272.0,0,3,0,0,1,0,0,0,1,0,0,0,0,0,1,0.0,0.0,0.0,0.0,0.0,0.0
0,26.0,0,334.0,0,1,1,1,0,0,1,0,1,0,0,0,0,1,0,6.5722825426940075,6.111467339502679,5.342334251964811,0.0,3.8066624897703196,7.256297239690681
0,27.0,0,124.0,1,3,0,1,0,0,0,0,1,0,0,0,1,0,0,5.455321115357702,6.318968113746434,0.0,0.0,0.0,6.669498089857879
1,7.0,0,933.5,1,3,0,0,1,0,0,0,1,0,0,0,0,1,0,0.0,0.0,0.0,0.0,0.0,0.0
1,19.0,1,262.0,1,3,0,0,0,0,0,0,1,0,0,0,0,0,1,0.0,0.0,0.0,0.0,0.0,0.0
0,28.0,0,335.0,0,1,1,1,0,0,0,0,1,0,0,0,0,1,0,0.0,3.295836866004329,4.48863636973214,1.791759469228055,6.626717749249025,6.773080375655535
0,27.0,0,321.0,1,1,1,1,0,0,1,0,1,0,0,0,0,1,0,8.155649270366002,7.118826249062078,7.052721049232323,0.0,0.0,8.677950570294351
1,31.0,1,263.0,1,1,1,0,0,0,0,1,0,0,0,0,0,0,1,0.0,0.0,0.0,0.0,0.0,0.0
0,26.0,0,264.0,1,1,1,1,0,0,0,0,1,0,0,0,0,0,1,5.783825182329737,0.0,5.308267697401205,1.0986122886681096,5.54907608489522,6.664409020350408
0,43.0,0,55.0,0,1,1,1,0,1,0,0,1,1,0,0,0,0,0,0.0,6.634633357861686,2.8903717578961645,9.637697426500445,6.059123195581797,9.713295101361604
0,23.0,0,274.0,0,1,1,1,0,0,0,0,1,0,0,0,0,0,1,0.0,2.639057329615259,0.0,6.651571873589727,0.0,6.668228248417403
1,14.0,1,125.0,1,1,1,0,1,0,0,1,0,0,0,0,1,0,0,0.0,0.0,0.0,0.0,0.0,0.0
0,47.0,1,336.0,0,1,1,1,0,0,0,0,0,0,0,0,0,1,0,0.0,6.354370040797351,0.0,0.0,4.23410650459726,6.466144724237619
1,17.0,1,74.0,1,2,0,0,0,1,0,0,1,1,0,0,0,0,0,0.0,0.0,0.0,0.0,0.0,0.0
0,64.0,0,74.0,1,2,0,1,0,1,0,0,1,1,0,0,0,0,0,0.0,1.6094379124341003,0.0,8.732465848349879,6.434546518787453,8.82864061741828
0,13.0,0,60.0,1,2,0,1,1,0,1,0,1,0,0,1,0,0,0,7.014814351275545,0.0,6.5337888379333435,0.0,1.3862943611198906,7.497207223203318
0,18.0,1,60.0,1,2,0,1,0,0,1,0,0,0,0,1,0,0,0,4.465908118654584,7.060476365999801,6.248042874508429,0.0,0.0,7.4770384723196965
0,29.0,0,126.0,1,1,1,0,0,0,1,0,1,0,0,0,1,0,0,0.0,0.0,0.0,0.0,0.0,0.0
0,70.0,0,338.0,0,1,1,1,0,0,0,1,0,0,0,0,0,1,0,0.0,1.3862943611198906,0.6931471805599453,1.0986122886681096,7.1631723908466425,7.167809184316444
0,23.0,0,326.0,1,7,0,1,0,0,1,0,1,0,0,0,0,1,0,3.4657359027997265,0.0,7.129297548929373,0.0,3.8712010109078907,7.189922170745808
0,23.0,1,61.0,1,7,0,1,0,0,1,0,1,0,0,1,0,0,0,7.701200180857446,0.0,4.499809670330265,0.0,0.0,7.7406644019172415
0,35.0,0,933.5,1,7,0,1,0,0,1,0,1,0,0,0,0,1,0,7.1808311990445555,0.0,3.2188758248682006,0.0,0.6931471805599453,7.199678345691172
0,17.0,0,127.0,1,7,0,1,0,0,1,0,1,0,0,0,1,0,0,7.4645098346365275,0.0,4.919980925828125,2.1972245773362196,2.1972245773362196,7.5480289699350145
1,26.0,1,326.0,1,7,0,0,0,0,1,0,1,0,0,0,0,1,0,0.0,0.0,0.0,0.0,0.0,0.0
0,15.0,0,61.0,1,7,0,1,0,0,1,0,1,0,0,1,0,0,0,7.349230824613334,0.0,6.472346294500901,3.044522437723423,7.124478262493424,8.149601735736155
0,19.0,0,326.0,1,7,0,1,0,0,1,0,1,0,0,0,0,1,0,5.655991810819852,4.007333185232471,7.1284959456800365,4.634728988229636,0.0,7.431299675155903
1,20.0,1,276.0,0,1,1,0,0,0,0,1,0,0,0,0,0,0,1,0.0,0.0,0.0,0.0,0.0,0.0
0,51.0,0,327.0,1,1,1,1,0,0,0,0,1,0,0,0,0,1,0,6.082218910376446,5.501258210544727,6.812345094177479,6.716594773520978,0.0,7.789454566086673
0,17.0,0,339.0,0,2,0,1,0,0,1,0,1,0,0,0,0,1,0,4.941642422609304,0.0,6.866933284461882,3.091042453358316,0.0,7.02108396428914
0,27.0,0,339.0,0,2,0,1,0,0,1,0,1,0,0,0,0,1,0,4.6443908991413725,0.6931471805599453,3.912023005428146,7.792348924113037,3.2188758248682006,7.8628820346414905
0,43.0,0,277.0,0,1,1,1,0,0,0,0,1,0,0,0,0,0,1,4.442651256490317,6.588926477533519,1.0986122886681096,0.0,0.0,6.70073110954781
0,5.0,0,265.0,1,1,1,0,1,0,0,0,1,0,0,0,0,0,1,0.0,0.0,0.0,0.0,0.0,0.0
1,17.0,0,266.0,1,1,1,0,0,0,0,0,1,0,0,0,0,0,1,0.0,0.0,0.0,0.0,0.0,0.0
0,40.0,1,105.0,0,2,0,1,0,0,0,0,1,0,0,0,1,0,0,6.70196036600254,0.0,6.161207321695077,5.4680601411351315,0.0,7.328437352895162
0,38.0,0,105.0,0,2,0,1,0,0,0,0,1,0,0,0,1,0,0,1.6094379124341003,0.0,0.0,0.0,7.426549072397305,7.428927194802272
1,20.0,1,933.5,1,1,1,0,0,0,0,0,1,0,0,0,0,1,0,0.0,0.0,0.0,0.0,0.0,0.0
1,13.0,0,278.0,0,1,1,0,1,0,0,0,1,0,0,0,0,0,1,0.0,0.0,0.0,0.0,0.0,0.0
0,15.0,0,341.0,0,1,1,1,0,0,0,0,1,0,0,0,0,1,0,5.771441123130016,3.6109179126442243,1.791759469228055,0.0,6.46302945692067,6.90975328164481
0,15.0,0,128.0,1,1,1,1,0,0,0,0,1,0,0,0,1,0,0,6.748759547491679,0.0,0.0,4.912654885736052,0.0,6.895682697747868
0,59.0,1,21.0,1,1,1,1,0,1,0,0,0,0,0,0,0,0,0,2.1972245773362196,7.355001921105257,0.0,4.304065093204169,3.4657359027997265,7.424165281042028
0,24.0,0,328.0,1,1,1,1,0,0,0,0,1,0,0,0,0,1,0,0.0,5.308267697401205,0.0,0.0,6.403574197934815,6.690842277418564
1,27.0,1,342.0,0,2,0,0,0,0,1,0,1,0,0,0,0,1,0,0.0,0.0,0.0,0.0,0.0,0.0
0,52.0,0,54.0,0,2,0,1,0,0,1,0,0,0,0,1,0,0,0,7.154615356913663,0.0,6.967909201801884,5.886104031450156,0.0,7.90100705199242
0,38.0,0,280.0,0,1,1,1,0,0,0,0,1,0,0,0,0,0,1,6.317164686747284,0.0,0.0,4.477336814478207,5.497168225293202,6.784457062637643
0,26.0,1,343.0,0,1,1,1,0,0,0,0,1,0,0,0,0,1,0,3.091042453358316,0.0,6.214608098422191,6.343880434126331,0.0,6.9930151229329605
0,17.0,1,106.0,0,1,1,1,0,0,0,0,0,0,0,0,1,0,0,4.23410650459726,0.0,0.0,0.0,6.679599185844383,6.761572768804055
1,17.0,1,281.0,0,2,0,0,0,0,0,1,0,0,0,0,0,0,1,0.0,0.0,0.0,0.0,0.0,0.0
0,20.0,1,281.0,0,2,0,1,0,0,0,0,0,0,0,0,0,0,1,0.6931471805599453,6.695798917058491,0.0,0.0,0.0,6.697034247666484
0,15.0,0,344.0,0,1,1,1,0,0,0,0,1,0,0,0,0,1,0,7.198183577101943,4.6913478822291435,0.0,0.0,0.0,7.275864600546533
1,30.0,1,283.0,0,1,1,0,0,0,0,0,1,0,0,0,0,0,1,0.0,0.0,0.0,0.0,0.0,0.0
1,22.0,0,284.0,0,1,1,0,0,0,0,1,0,0,0,0,0,0,1,0.0,0.0,0.0,0.0,0.0,0.0
0,18.0,0,129.0,1,2,0,1,0,0,0,0,1,0,0,0,1,0,0,0.0,0.0,2.995732273553991,6.148468295917647,0.0,6.18826412308259
1,22.0,1,268.0,1,2,0,0,0,0,0,0,0,0,0,0,0,0,1,0.0,0.0,0.0,0.0,0.0,0.0
1,20.0,1,269.0,1,1,1,0,0,0,0,1,0,0,0,0,0,0,1,0.0,0.0,0.0,0.0,0.0,0.0
0,22.0,0,270.0,1,1,1,1,0,0,0,0,1,0,0,0,0,0,1,6.637258031284457,2.639057329615259,2.3978952727983707,0.0,0.0,6.666956792429207
0,34.0,0,55.0,0,1,1,1,0,0,1,1,0,0,0,1,0,0,0,3.912023005428146,6.171700597410915,5.961005339623274,0.0,0.0,6.818924065275521
0,28.0,0,130.0,1,1,1,1,0,1,0,0,1,0,0,0,1,0,0,0.0,7.1785454837637,0.0,5.402677381872279,8.71028982137815,8.935377071932177
1,50.0,1,331.0,1,1,1,0,0,0,1,0,1,0,0,0,0,1,0,0.0,0.0,0.0,0.0,0.0,0.0
0,19.0,1,271.0,1,1,1,1,0,0,0,0,0,0,0,0,0,0,1,0.0,0.0,6.208590026096629,2.639057329615259,0.0,6.234410725718371
0,21.0,0,287.0,0,3,0,1,0,0,0,0,1,0,0,0,0,0,1,0.0,0.0,0.0,1.0986122886681096,6.694562058521095,6.697034247666484
0,0.0,0,287.0,0,3,0,0,1,0,0,0,1,0,0,0,0,0,1,0.0,0.0,0.0,0.0,0.0,0.0
0,4.0,1,287.0,0,3,0,0,1,0,0,0,1,0,0,0,0,0,1,0.0,0.0,0.0,0.0,0.0,0.0
1,59.0,0,288.0,0,1,1,0,0,0,0,1,0,0,0,0,0,0,1,0.0,0.0,0.0,0.0,0.0,0.0
0,15.0,1,333.0,1,1,1,1,0,0,0,0,0,0,0,0,0,1,0,6.914730892718563,0.6931471805599453,0.0,0.0,5.733341276897746,7.182352111885263
1,24.0,1,272.0,1,1,1,0,0,0,0,0,1,0,0,0,0,0,1,0.0,0.0,0.0,0.0,0.0,0.0
1,26.0,0,273.0,1,1,1,0,0,0,0,0,1,0,0,0,0,0,1,0.0,0.0,0.0,0.0,0.0,0.0
0,67.0,0,334.0,1,1,1,1,0,0,0,0,1,0,0,0,0,1,0,3.295836866004329,6.697034247666484,0.0,3.6888794541139363,3.295836866004329,6.803505257608338
0,55.0,0,274.0,1,1,1,1,0,0,0,0,1,0,0,0,0,0,1,6.376726947898627,0.0,0.0,5.765191102784844,1.3862943611198906,6.812345094177479
0,50.0,0,336.0,1,1,1,1,0,0,0,0,1,0,0,0,0,1,0,6.610696044717759,3.091042453358316,2.3978952727983707,3.295836866004329,1.6094379124341003,6.6895992691789665
0,23.0,0,347.0,0,1,1,1,0,0,0,0,0,0,0,0,0,1,0,4.983606621708336,6.19644412779452,2.8903717578961645,3.912023005428146,0.6931471805599453,6.555356891810665
0,21.0,1,132.0,1,2,0,1,0,0,0,1,0,0,0,0,1,0,0,7.783640596221253,2.0794415416798357,0.0,3.044522437723423,0.0,7.794823152179389
0,15.0,0,275.0,1,2,0,1,0,0,0,0,1,0,0,0,0,0,1,4.653960350157523,0.0,0.0,5.1647859739235145,5.537334267018537,6.2766434893416445
0,41.0,1,133.0,1,1,1,1,0,1,0,0,1,0,0,0,1,0,0,0.0,8.083637203141548,0.0,4.0943445622221,0.0,8.101677747454572
1,59.0,1,337.0,1,2,0,0,0,0,1,0,1,0,0,0,0,1,0,0.0,0.0,0.0,0.0,0.0,0.0
0,18.0,0,134.0,1,2,0,0,0,0,1,0,1,0,0,0,1,0,0,0.0,0.0,0.0,0.0,0.0,0.0
0,21.0,0,338.0,1,1,1,1,0,0,0,0,0,0,0,0,0,1,0,4.727387818712341,0.0,0.0,0.0,7.195937226475569,7.27655640271871
1,14.0,1,65.0,1,4,0,0,1,1,0,0,0,0,1,0,0,0,0,0.0,0.0,0.0,0.0,0.0,0.0
0,50.0,1,65.0,1,4,0,1,0,1,0,0,1,0,1,0,0,0,0,8.210124405164267,6.663132695990803,0.0,1.9459101490553132,7.063903961472068,8.636574948436317
0,32.0,1,65.0,1,4,0,1,0,1,0,0,1,0,1,0,0,0,0,7.9976631270201,8.122371243406553,4.8283137373023015,4.060443010546419,3.7612001156935624,8.789507786736896
1,46.0,1,65.0,1,4,0,0,0,1,0,0,1,0,1,0,0,0,0,0.0,0.0,0.0,0.0,0.0,0.0
0,27.0,0,276.0,1,1,1,1,0,0,0,0,1,0,0,0,0,0,1,0.0,3.2188758248682006,0.0,6.597145701886651,0.0,6.6293632534374485
1,58.0,1,339.0,1,1,1,0,0,0,1,0,1,0,0,0,0,1,0,0.0,0.0,0.0,0.0,0.0,0.0
1,15.0,1,75.0,1,1,1,0,0,1,0,0,0,1,0,0,0,0,0,0.0,0.0,0.0,0.0,0.0,0.0
0,35.0,1,291.0,0,1,1,1,0,0,0,0,1,0,0,0,0,0,1,0.0,5.82600010738045,6.07993319509559,0.0,0.0,6.652863029353347
0,30.0,0,348.0,0,1,1,1,0,0,1,0,1,0,0,0,0,1,0,7.107425474110705,0.0,3.912023005428146,3.6888794541139363,0.0,7.1770187659099
1,30.0,1,135.0,1,1,1,0,0,0,1,0,1,0,0,0,1,0,0,0.0,0.0,0.0,0.0,0.0,0.0
0,43.0,1,277.0,1,1,1,1,0,0,0,0,1,0,0,0,0,0,1,0.0,0.0,6.769641976852503,0.0,2.70805020110221,6.785587645007929
0,21.0,0,278.0,1,1,1,1,0,0,0,0,1,0,0,0,0,0,1,0.0,0.0,6.697034247666484,0.0,0.0,6.697034247666484
1,15.0,0,279.0,1,1,1,0,0,0,0,1,0,0,0,0,0,0,1,0.0,0.0,0.0,0.0,0.0,0.0
0,37.0,1,349.0,0,1,1,1,0,0,0,0,0,0,0,0,0,1,0,5.10594547390058,6.403574197934815,0.0,0.0,2.4849066497880004,6.658011045870748
0,28.0,1,66.0,1,1,1,1,0,1,0,0,0,0,1,0,0,0,0,0.0,9.308102089758679,0.0,0.0,2.5649493574615367,9.309189736018352
1,28.0,0,933.5,1,2,0,0,0,0,0,0,1,0,0,0,0,1,0,0.0,0.0,0.0,0.0,0.0,0.0
0,40.0,0,341.0,1,2,0,1,0,0,0,0,1,0,0,0,0,1,0,6.391917113392602,0.0,4.912654885736052,4.304065093204169,0.0,6.690842277418564
0,42.0,0,281.0,1,2,0,1,0,0,0,0,0,0,0,0,0,0,1,3.367295829986474,0.0,0.0,0.0,6.3835066348840055,6.429719478039138
1,21.0,0,281.0,1,2,0,0,0,0,0,1,0,0,0,0,0,0,1,0.0,0.0,0.0,0.0,0.0,0.0
1,31.0,0,107.0,0,1,1,0,0,0,1,0,0,0,0,0,1,0,0,0.0,0.0,0.0,0.0,0.0,0.0
0,51.0,0,342.0,1,1,1,1,0,0,0,0,1,0,0,0,0,1,0,3.367295829986474,4.553876891600541,0.0,3.5553480614894135,6.459904454377535,6.678342114654332
0,73.0,0,352.0,0,1,1,1,0,0,1,0,1,0,0,0,0,1,0,3.332204510175204,1.0986122886681096,4.276666119016055,7.097548850614793,0.0,7.1770187659099
1,26.0,1,67.0,1,1,1,0,0,1,0,0,1,0,1,0,0,0,0,0.0,0.0,0.0,0.0,0.0,0.0
1,33.0,1,57.0,0,1,1,0,0,1,0,0,0,1,0,0,0,0,0,0.0,0.0,0.0,0.0,0.0,0.0
0,39.0,0,137.0,1,1,1,1,0,0,0,0,1,0,0,0,1,0,0,0.6931471805599453,5.62040086571715,3.5263605246161616,5.932245187448011,4.663439094112067,6.673297967767654
0,19.0,0,295.0,0,1,1,1,0,0,0,0,1,0,0,0,0,0,1,1.791759469228055,6.461468176353717,0.0,4.442651256490317,5.198497031265826,6.812345094177479
0,12.0,1,283.0,1,5,0,0,1,0,0,0,0,0,0,0,0,0,1,0.0,0.0,0.0,0.0,0.0,0.0
1,10.0,0,283.0,1,5,0,0,1,0,0,0,0,0,0,0,0,0,1,0.0,0.0,0.0,0.0,0.0,0.0
1,0.0,0,283.0,1,5,0,0,1,0,0,0,1,0,0,0,0,0,1,0.0,0.0,0.0,0.0,0.0,0.0
0,0.0,1,283.0,1,5,0,0,1,0,0,0,1,0,0,0,0,0,1,0.0,0.0,0.0,0.0,0.0,0.0
1,1.0,1,283.0,1,5,0,0,1,0,0,0,1,0,0,0,0,0,1,0.0,0.0,0.0,0.0,0.0,0.0
0,33.0,0,109.0,0,1,1,1,0,0,0,0,1,0,0,0,1,0,0,0.0,0.0,1.0986122886681096,6.669498089857879,0.6931471805599453,6.673297967767654
0,23.0,0,354.0,0,1,1,1,0,0,0,0,0,0,0,0,0,1,0,0.0,5.135798437050262,0.0,6.317164686747284,0.0,6.583409222158765
1,5.0,1,355.0,0,1,1,0,1,0,1,0,1,0,0,0,0,1,0,0.0,0.0,0.0,0.0,0.0,0.0
1,24.0,1,284.0,1,1,1,0,0,0,0,0,1,0,0,0,0,0,1,0.0,0.0,0.0,0.0,0.0,0.0
0,26.0,0,138.0,1,1,1,0,0,0,1,0,1,0,0,0,1,0,0,0.0,0.0,0.0,0.0,0.0,0.0
0,30.0,0,58.0,0,1,1,1,0,1,0,0,0,1,0,0,0,0,0,0.0,8.222285073872717,1.6094379124341003,4.948759890378168,8.305484017727691,8.976135873302548
0,33.0,0,346.0,1,1,1,1,0,0,0,0,1,0,0,0,0,1,0,0.0,6.638567789166521,2.1972245773362196,1.0986122886681096,3.4339872044851463,6.6895992691789665
0,56.0,0,356.0,0,1,1,1,0,0,1,0,1,0,0,0,0,1,0,8.454253391642363,0.0,7.886832998955057,3.9512437185814275,0.0,8.91018077801329
1,25.0,1,285.0,1,2,0,0,0,0,0,1,0,0,0,0,0,0,1,0.0,0.0,0.0,0.0,0.0,0.0
0,27.0,0,347.0,1,2,0,1,0,0,0,0,1,0,0,0,0,1,0,6.834108738813838,3.044522437723423,0.0,0.0,0.0,6.855408798609928
0,25.0,1,357.0,0,1,1,1,0,0,0,0,1,0,0,0,0,1,0,2.302585092994046,6.748759547491679,4.304065093204169,2.5649493574615367,4.060443010546419,6.911747300251674
0,18.0,0,358.0,0,1,1,1,0,0,0,0,0,0,0,0,0,1,0,0.0,0.0,6.12029741895095,0.0,5.575949103146316,6.576469569048224
0,60.0,1,68.0,1,2,0,1,0,1,0,0,1,0,1,0,0,0,0,7.545389749611823,6.46302945692067,0.0,5.8888779583328805,3.970291913552122,7.987524479848767
0,41.0,1,68.0,1,2,0,1,0,1,0,0,1,0,1,0,0,0,0,0.0,7.755767170102998,0.6931471805599453,1.9459101490553132,3.1780538303479458,7.768533300926033
0,16.0,0,349.0,1,1,1,1,0,0,0,1,0,0,0,0,0,1,0,4.727387818712341,0.0,3.6635616461296463,4.356708826689592,6.095824562432225,6.508769136971682
1,17.0,1,297.0,0,1,1,0,0,0,0,0,1,0,0,0,0,0,1,0.0,0.0,0.0,0.0,0.0,0.0
0,26.0,0,298.0,0,1,1,1,0,0,0,0,1,0,0,0,0,0,1,0.0,1.6094379124341003,5.891644211825771,0.0,2.995732273553991,5.953243334287785
0,31.0,1,299.0,0,1,1,1,0,0,0,0,1,0,0,0,0,0,1,1.0986122886681096,6.699500340161678,0.0,0.0,0.0,6.70196036600254
0,67.0,1,933.5,1,1,1,1,0,0,0,0,1,0,0,0,0,1,0,4.969813299576001,4.23410650459726,6.208590026096629,5.209486152841421,2.302585092994046,6.80128303447162
0,16.0,0,351.0,1,1,1,1,0,0,0,0,0,0,0,0,0,1,0,0.0,5.44673737166631,6.345636360828596,1.0986122886681096,0.0,6.688354713946762
0,24.0,0,352.0,1,1,1,1,0,0,0,0,0,0,0,0,0,1,0,0.0,4.553876891600541,0.6931471805599453,4.04305126783455,6.059123195581797,6.361302477572996
0,19.0,1,361.0,0,1,1,1,0,0,0,0,1,0,0,0,0,1,0,0.0,7.195937226475569,1.3862943611198906,6.437751649736401,5.541263545158426,7.703007682479236
0,48.0,1,56.0,0,6,0,1,0,1,0,0,0,0,0,1,0,0,0,0.0,8.182838710766026,4.394449154672439,4.820281565605037,0.0,8.238008249218403
0,30.0,1,56.0,0,6,0,1,0,1,0,0,1,0,0,1,0,0,0,0.6931471805599453,8.76389700713946,0.0,1.0986122886681096,5.69035945432406,8.80941494391005
0,22.0,1,56.0,0,6,0,1,0,1,0,0,1,0,0,1,0,0,0,0.0,9.0918946167697,3.091042453358316,7.6984827878809465,2.995732273553991,9.3171298661577
0,28.0,1,56.0,0,6,0,1,0,1,0,0,1,0,0,1,0,0,0,0.0,8.39502555744203,1.3862943611198906,5.337538079701318,7.360739903058278,8.733432966413652
1,23.0,1,56.0,0,6,0,0,0,1,0,0,0,0,0,1,0,0,0,0.0,0.0,0.0,0.0,0.0,0.0
0,29.0,0,56.0,0,6,0,1,0,1,0,0,1,0,0,1,0,0,0,0.0,6.551080335043404,0.0,0.0,7.578656850594762,7.884199933676039
1,22.0,0,288.0,1,1,1,0,0,0,0,0,1,0,0,0,0,0,1,0.0,0.0,0.0,0.0,0.0,0.0
0,48.0,0,61.0,0,1,1,1,0,1,0,0,0,0,1,0,0,0,0,4.948759890378168,4.852030263919617,0.0,8.319473692442186,6.257667587882639,8.495152060539358
0,26.0,1,354.0,1,1,1,1,0,0,1,0,1,0,0,0,0,1,0,2.8903717578961645,0.0,7.367077059881012,0.0,0.0,7.3777589082278725
0,23.0,1,362.0,0,1,1,1,0,0,0,0,1,0,0,0,0,1,0,7.402451520818244,7.105786129481271,0.0,0.6931471805599453,0.0,7.958227192322312
0,55.0,0,365.0,0,1,1,1,0,0,0,0,1,0,0,0,0,1,0,7.007600613951853,0.0,0.0,0.0,0.0,7.007600613951853
0,46.0,0,112.0,0,1,1,1,0,1,0,0,1,0,0,0,1,0,0,7.718685495198466,5.0369526024136295,4.927253685157205,0.0,5.272999558563747,7.913521017283895
0,38.0,0,355.0,1,3,0,1,0,0,0,1,0,0,0,0,0,1,0,0.0,0.0,0.0,0.0,7.231287004327616,7.231287004327616
1,2.0,1,289.0,1,3,0,0,1,0,0,0,1,0,0,0,0,0,1,0.0,0.0,0.0,0.0,0.0,0.0
1,3.0,1,289.0,1,3,0,0,1,0,0,0,1,0,0,0,0,0,1,0.0,0.0,0.0,0.0,0.0,0.0
0,20.0,0,366.0,0,1,1,1,0,0,0,0,1,0,0,0,0,1,0,0.0,0.0,0.0,6.670766320845874,2.833213344056216,6.690842277418564
0,65.0,0,290.0,1,1,1,1,0,0,0,0,1,0,0,0,0,0,1,1.791759469228055,5.762051382780177,0.0,0.0,4.820281565605037,6.100318952020064
0,27.0,0,291.0,1,1,1,1,0,0,0,0,1,0,0,0,0,0,1,5.204006687076795,0.0,1.0986122886681096,0.0,6.498282149476434,6.741700694652055
0,25.0,0,367.0,0,1,1,1,0,0,0,0,1,0,0,0,0,1,0,4.736198448394496,0.0,0.0,7.1569563646156364,0.0,7.241366283322318
0,54.0,0,356.0,1,2,0,1,0,0,0,1,0,0,0,0,0,1,0,0.0,5.75890177387728,5.552959584921617,0.0,0.0,6.352629396319567
0,25.0,0,356.0,1,2,0,1,0,0,0,0,0,0,0,0,0,1,0,0.0,0.0,0.6931471805599453,6.601230118728877,3.258096538021482,6.635946555686647
1,14.0,1,302.0,0,1,1,0,1,0,0,0,1,0,0,0,0,0,1,0.0,0.0,0.0,0.0,0.0,0.0
0,53.0,1,22.0,1,1,1,1,0,1,0,0,0,0,0,0,0,0,0,0.0,9.512516890578416,0.0,0.0,6.648984550024776,9.567944883732848
1,0.0,1,303.0,0,2,0,0,1,0,0,0,1,0,0,0,0,0,1,0.0,0.0,0.0,0.0,0.0,0.0
0,39.0,0,113.0,0,2,0,1,0,0,0,0,1,0,0,0,1,0,0,0.0,3.784189633918261,6.762729506931879,0.0,4.454347296253507,6.900730664045173
0,22.0,1,368.0,0,1,1,1,0,0,0,0,1,0,0,0,0,1,0,2.1972245773362196,6.566672429803241,0.0,3.332204510175204,0.0,6.61472560020376
0,31.0,0,63.0,1,1,1,1,0,0,1,0,0,0,0,1,0,0,0,4.795790545596741,0.0,6.489204931325317,3.970291913552122,0.0,6.721425700790643
1,24.0,1,357.0,1,1,1,0,0,0,1,0,1,0,0,0,0,1,0,0.0,0.0,0.0,0.0,0.0,0.0
0,35.0,0,13.0,0,2,0,1,0,1,0,0,1,0,0,0,0,0,0,0.0,0.6931471805599453,0.0,0.0,8.057377488557991,8.057694194815587
0,35.0,0,13.0,0,2,0,1,0,1,0,0,0,0,0,0,0,0,0,4.564348191467836,8.143807976771484,0.0,5.971261839790462,5.765191102784844,8.353732642263202
1,32.0,1,358.0,1,2,0,0,0,0,1,0,1,0,0,0,0,1,0,0.0,0.0,0.0,0.0,0.0,0.0
0,61.0,0,358.0,1,2,0,1,0,0,1,0,1,0,0,0,0,1,0,6.860663671448287,6.030685260261263,6.882437470997847,0.0,4.897839799950911,7.814399633804487
0,58.0,1,370.0,0,1,1,1,0,0,0,0,0,0,0,0,0,1,0,2.70805020110221,0.0,6.9865664594064265,0.0,0.0,6.999422467507961
0,26.0,0,64.0,1,1,1,1,0,0,1,0,1,0,0,1,0,0,0,7.469083884921234,3.1354942159291497,0.0,1.6094379124341003,0.0,7.483806687665835
1,4.0,0,292.0,1,6,0,0,1,0,0,0,1,0,0,0,0,0,1,0.0,0.0,0.0,0.0,0.0,0.0
0,1.0,0,292.0,1,6,0,0,1,0,0,0,1,0,0,0,0,0,1,0.0,0.0,0.0,0.0,0.0,0.0
0,8.0,1,292.0,1,6,0,0,1,0,0,0,1,0,0,0,0,0,1,0.0,0.0,0.0,0.0,0.0,0.0
0,7.0,0,292.0,1,6,0,0,1,0,0,0,1,0,0,0,0,0,1,0.0,0.0,0.0,0.0,0.0,0.0
0,25.0,0,292.0,1,6,0,1,0,0,0,0,1,0,0,0,0,0,1,0.0,4.110873864173311,0.0,6.472346294500901,7.017506142941256,7.507690077819904
0,6.0,0,292.0,1,6,0,0,1,0,0,0,1,0,0,0,0,0,1,0.0,0.0,0.0,0.0,0.0,0.0
0,29.0,0,371.0,0,1,1,1,0,0,0,0,1,0,0,0,0,1,0,0.0,0.0,0.0,0.0,6.763884908562435,6.763884908562435
1,64.0,1,372.0,0,1,1,0,0,0,1,0,1,0,0,0,0,1,0,0.0,0.0,0.0,0.0,0.0,0.0
0,31.0,1,70.0,1,1,1,1,0,1,0,0,1,0,1,0,0,0,0,0.0,7.592870287844818,0.0,5.153291594497779,3.970291913552122,7.699842407396986
1,25.0,0,139.0,1,1,1,0,0,0,1,0,1,0,0,0,1,0,0,0.0,0.0,0.0,0.0,0.0,0.0
1,30.0,1,293.0,1,1,1,0,0,0,0,0,1,0,0,0,0,0,1,0.0,0.0,0.0,0.0,0.0,0.0
1,0.0,0,305.0,0,2,0,0,1,0,0,0,1,0,0,0,0,0,1,0.0,0.0,0.0,0.0,0.0,0.0
0,29.0,0,374.0,0,2,0,1,0,0,0,1,0,0,0,0,0,1,0,0.0,0.0,0.0,6.18826412308259,7.299797366758161,7.583756300707112
0,37.0,0,306.0,0,1,1,1,0,0,0,0,1,0,0,0,0,0,1,3.367295829986474,3.258096538021482,3.295836866004329,6.693323668269949,1.3862943611198906,6.790097235513905
0,49.0,0,375.0,0,1,1,1,0,0,0,0,1,0,0,0,0,1,0,0.0,0.0,0.0,6.586171654854675,0.0,6.586171654854675
0,36.0,0,58.0,0,1,1,1,0,1,0,0,1,0,0,1,0,0,0,0.0,6.369900982828227,7.489970898834801,2.995732273553991,6.917705609835305,8.131824785007195
0,20.0,0,376.0,0,1,1,1,0,0,0,0,0,0,0,0,0,1,0,6.154858094016418,4.859812404361672,0.0,0.0,2.302585092994046,6.410174881966167
0,20.0,1,377.0,0,1,1,1,0,0,0,0,1,0,0,0,0,1,0,7.703459047867175,0.0,0.0,4.465908118654584,0.0,7.741533589281828
0,18.0,1,71.0,1,2,0,1,0,1,0,0,0,0,1,0,0,0,0,0.0,9.696709355308183,4.290459441148391,0.0,2.772588722239781,9.702044336534586
1,17.0,1,933.5,1,2,0,0,0,1,0,0,0,0,0,0,0,1,0,0.0,0.0,0.0,0.0,0.0,0.0
1,48.0,0,140.0,1,1,1,0,0,0,1,0,1,0,0,0,1,0,0,0.0,0.0,0.0,0.0,0.0,0.0
0,26.0,0,141.0,1,1,1,1,0,0,0,0,1,0,0,0,1,0,0,0.0,1.3862943611198906,5.176149732573829,6.416732282512326,0.0,6.673297967767654
0,35.0,0,295.0,1,1,1,1,0,0,0,0,1,0,0,0,0,0,1,0.0,4.48863636973214,6.577861357721047,3.8501476017100584,0.0,6.748759547491679
0,30.0,1,361.0,1,1,1,1,0,0,0,0,1,0,0,0,0,1,0,4.762173934797756,0.0,0.0,6.591673732008658,3.4011973816621555,6.773080375655535
0,22.0,0,378.0,0,2,0,1,0,0,0,0,1,0,0,0,0,1,0,0.0,0.0,3.1354942159291497,0.0,6.555356891810665,6.586171654854675
1,5.0,0,307.0,0,2,0,0,1,0,0,0,1,0,0,0,0,0,1,0.0,0.0,0.0,0.0,0.0,0.0
1,43.0,0,308.0,0,1,1,0,0,0,0,0,0,0,0,0,0,0,1,0.0,0.0,0.0,0.0,0.0,0.0
1,52.0,0,142.0,1,1,1,0,0,0,1,0,1,0,0,0,1,0,0,0.0,0.0,0.0,0.0,0.0,0.0
0,50.0,1,59.0,0,3,0,1,0,1,0,0,1,0,0,1,0,0,0,1.791759469228055,6.697034247666484,0.0,5.736572297479192,6.595780513961311,7.5256399750415355
0,29.0,1,933.5,1,3,0,1,0,1,0,0,1,0,0,0,0,1,0,1.6094379124341003,6.7357800142423265,0.0,5.8971538676367405,7.010311867307229,7.7475968386928855
0,19.0,0,59.0,0,3,0,1,0,1,0,0,0,0,0,1,0,0,0,0.0,6.618738983517219,5.0689042022202315,8.524764456912555,3.8066624897703196,8.69751274553952
0,39.0,1,72.0,1,2,0,1,0,1,0,0,0,0,1,0,0,0,0,0.0,9.22562299550734,0.6931471805599453,4.3694478524670215,8.529911963824013,9.635346635291183
0,38.0,1,72.0,1,2,0,1,0,1,0,0,1,0,1,0,0,0,0,0.0,5.872117789475416,0.0,7.499423290592229,0.0,7.6783263565068856
1,21.0,0,296.0,1,1,1,0,0,0,0,0,0,0,0,0,0,0,1,0.0,0.0,0.0,0.0,0.0,0.0
0,25.0,0,297.0,1,1,1,1,0,0,0,1,0,0,0,0,0,0,1,2.4849066497880004,3.8066624897703196,5.986452005284438,0.0,0.0,6.115892125483034
1,42.0,1,14.0,0,2,0,0,0,1,0,0,0,0,0,0,0,0,0,0.0,0.0,0.0,0.0,0.0,0.0
1,36.0,1,14.0,0,2,0,0,0,1,0,0,0,0,0,0,0,0,0,0.0,0.0,0.0,0.0,0.0,0.0
0,19.0,0,298.0,1,1,1,1,0,0,0,0,1,0,0,0,0,0,1,3.7612001156935624,0.0,5.846438775057724,7.266827347520591,0.0,7.506042178518122
1,42.0,0,309.0,0,1,1,0,0,0,0,0,1,0,0,0,0,0,1,0.0,0.0,0.0,0.0,0.0,0.0
0,40.0,0,364.0,1,1,1,1,0,0,0,0,0,0,0,0,0,1,0,7.290292882446597,3.6888794541139363,0.0,0.0,7.111512116496157,7.912056888179006
1,14.0,0,299.0,1,1,1,0,1,0,0,0,1,0,0,0,0,0,1,0.0,0.0,0.0,0.0,0.0,0.0
0,50.0,0,60.0,0,1,1,1,0,1,0,0,1,0,0,1,0,0,0,0.0,7.501634457883413,0.0,4.844187086458591,5.5134287461649825,7.688913336864796
0,18.0,0,115.0,0,1,1,1,0,0,1,0,1,0,0,0,1,0,0,7.105786129481271,0.0,3.5553480614894135,6.999422467507961,0.0,7.761319180947987
0,46.0,0,300.0,1,1,1,1,0,0,0,0,1,0,0,0,0,0,1,2.1972245773362196,6.481577129276431,0.0,1.791759469228055,4.51085950651685,6.628041376179533
0,27.0,0,116.0,0,1,1,1,0,0,0,0,1,0,0,0,1,0,0,0.0,3.9512437185814275,0.0,3.6375861597263857,6.558197802812269,6.675823221634848
1,15.0,1,61.0,0,2,0,0,0,1,0,0,1,0,0,1,0,0,0,0.0,0.0,0.0,0.0,0.0,0.0
0,22.0,0,61.0,0,2,0,1,0,1,0,0,0,0,0,1,0,0,0,7.4645098346365275,4.382026634673881,0.0,2.5649493574615367,7.323170717943469,8.116715624819111
1,0.0,0,23.0,1,3,0,0,1,1,0,0,1,0,0,0,0,0,0,0.0,0.0,0.0,0.0,0.0,0.0
1,52.0,1,23.0,1,3,0,0,0,1,0,0,1,0,0,0,0,0,0,0.0,0.0,0.0,0.0,0.0,0.0
0,38.0,1,23.0,1,3,0,1,0,1,0,0,1,0,0,0,0,0,0,3.5553480614894135,7.622663951323595,0.0,7.200424892944957,0.0,8.136518252115291
0,46.0,0,117.0,0,1,1,1,0,0,1,0,1,0,0,0,1,0,0,6.595780513961311,0.0,5.666426688112432,0.0,1.0986122886681096,6.92951677076365
1,23.0,0,303.0,1,1,1,0,0,0,0,0,0,0,0,0,0,0,1,0.0,0.0,0.0,0.0,0.0,0.0
0,63.0,1,65.0,0,2,0,1,0,1,0,0,1,0,1,0,0,0,0,0.0,8.363342466597977,2.9444389791664403,1.6094379124341003,6.771935555839602,8.552753366814787
1,24.0,1,65.0,0,2,0,0,0,1,0,0,0,0,1,0,0,0,0,0.0,0.0,0.0,0.0,0.0,0.0
1,50.0,0,304.0,1,1,1,0,0,0,0,0,1,0,0,0,0,0,1,0.0,0.0,0.0,0.0,0.0,0.0
1,20.0,0,305.0,1,1,1,0,0,0,0,0,1,0,0,0,0,0,1,0.0,0.0,0.0,0.0,0.0,0.0
0,55.0,0,66.0,1,1,1,1,0,0,1,0,1,0,0,1,0,0,0,7.793586803371584,0.0,0.6931471805599453,0.0,5.652489180268651,7.904703913873747
0,21.0,1,144.0,1,1,1,1,0,0,0,1,0,0,0,0,1,0,0,0.0,0.0,4.68213122712422,5.117993812416755,5.963579343618446,6.495265555937008
1,56.0,1,73.0,1,1,1,0,0,1,0,0,0,0,1,0,0,0,0,0.0,0.0,0.0,0.0,0.0,0.0
0,45.0,1,118.0,0,1,1,1,0,0,0,0,1,0,0,0,1,0,0,2.3978952727983707,0.0,0.0,0.0,0.0,2.3978952727983707
1,18.0,0,307.0,1,1,1,0,0,0,0,0,0,0,0,0,0,0,1,0.0,0.0,0.0,0.0,0.0,0.0
0,47.0,0,368.0,1,1,1,1,0,0,0,0,1,0,0,0,0,1,0,2.0794415416798357,6.777646593635117,2.8903717578961645,0.0,0.0,6.804614520062624
0,36.0,1,369.0,1,1,1,1,0,0,0,0,1,0,0,0,0,1,0,0.0,0.0,7.319202458767849,4.709530201312334,4.770684624465665,7.459338895220295
0,57.0,0,385.0,0,2,0,1,0,0,1,0,1,0,0,0,0,1,0,6.883462586413092,0.0,5.69035945432406,3.6888794541139363,0.0,7.177782416195197
0,13.0,0,62.0,0,2,0,1,1,0,1,0,1,0,0,1,0,0,0,8.018954683155718,2.3978952727983707,3.784189633918261,0.0,0.0,8.036249942132116
0,27.0,0,386.0,0,1,1,1,0,0,1,0,1,0,0,0,0,1,0,4.795790545596741,0.0,7.29776828253138,1.3862943611198906,0.0,7.3777589082278725
0,20.0,0,370.0,1,1,1,1,0,0,0,0,1,0,0,0,0,1,0,6.576469569048224,0.0,0.0,0.0,0.0,6.576469569048224
0,47.0,0,312.0,0,1,1,1,0,0,0,0,1,0,0,0,0,0,1,0.0,6.09807428216624,5.796057750765372,4.04305126783455,0.0,6.720220155135295
0,15.0,0,120.0,0,1,1,1,0,0,0,0,1,0,0,0,1,0,0,0.0,0.0,6.669498089857879,0.0,0.0,6.669498089857879
0,34.0,0,313.0,0,1,1,1,0,0,0,0,1,0,0,0,0,0,1,0.0,0.0,3.9889840465642745,6.595780513961311,0.0,6.665683717782408
0,21.0,0,372.0,1,1,1,1,0,0,0,0,1,0,0,0,0,1,0,6.849066282633458,0.0,0.0,0.0,2.0794415416798357,6.856461984594587
0,51.0,0,374.0,1,1,1,1,0,0,0,0,1,0,0,0,0,1,0,0.0,0.0,0.0,4.624972813284271,7.213768308118642,7.285506548522786
0,23.0,0,121.0,0,1,1,1,0,0,0,0,1,0,0,0,1,0,0,5.948034989180646,0.0,5.988961416889864,2.1972245773362196,0.0,6.670766320845874
0,58.0,0,387.0,0,1,1,1,0,0,0,0,1,0,0,0,0,1,0,0.0,0.0,0.0,0.0,6.576469569048224,6.576469569048224
0,37.0,0,68.0,1,2,0,1,0,0,1,0,1,0,0,1,0,0,0,7.925157512224704,0.0,7.034387929915503,0.0,0.0,8.268731832117737
0,44.0,1,68.0,1,2,0,1,0,0,1,1,0,0,0,1,0,0,0,6.5638555265321274,0.0,1.791759469228055,0.0,4.31748811353631,6.669498089857879
1,25.0,0,309.0,1,1,1,0,0,0,0,0,1,0,0,0,0,0,1,0.0,0.0,0.0,0.0,0.0,0.0
1,15.0,1,66.0,0,3,0,0,0,1,0,0,1,0,1,0,0,0,0,0.0,0.0,0.0,0.0,0.0,0.0
0,40.0,0,66.0,0,3,0,1,0,1,0,0,1,0,1,0,0,0,0,0.0,5.948034989180646,0.0,0.6931471805599453,8.248790733696413,8.344267356262645
0,29.0,1,66.0,0,3,0,1,0,1,0,0,0,0,1,0,0,0,0,0.0,6.073044534100405,8.496990484098719,5.976350909297934,5.564520407322694,8.697178688412643
1,36.0,1,122.0,0,2,0,0,0,0,0,0,1,0,0,0,1,0,0,0.0,0.0,0.0,0.0,0.0,0.0
0,21.0,1,122.0,0,2,0,1,0,0,0,1,0,0,0,0,1,0,0,0.0,0.0,6.519147287940395,1.6094379124341003,0.0,6.525029657843462
0,35.0,1,315.0,0,1,1,1,0,0,0,0,1,0,0,0,0,0,1,5.713732805509369,1.9459101490553132,0.0,1.9459101490553132,6.419994928147142,6.833031732786201
0,24.0,0,390.0,0,3,0,1,0,0,0,0,1,0,0,0,0,1,0,1.3862943611198906,5.891644211825771,4.553876891600541,6.715383386334681,5.081404364984463,7.274479558773871
0,2.0,0,316.0,0,3,0,0,1,0,0,0,0,0,0,0,0,0,1,0.0,0.0,0.0,0.0,0.0,0.0
1,0.0,1,316.0,0,3,0,0,1,0,0,0,1,0,0,0,0,0,1,0.0,0.0,0.0,0.0,0.0,0.0
0,43.0,0,391.0,0,1,1,1,0,0,0,0,1,0,0,0,0,1,0,0.0,0.0,0.0,7.0909098220799835,2.8903717578961645,7.1049654482698426
0,63.0,0,74.0,1,1,1,1,0,1,0,0,1,0,1,0,0,0,0,0.0,6.76849321164863,0.6931471805599453,5.929589143389895,8.125039097367745,8.438799123988225
1,30.0,1,318.0,0,1,1,0,0,0,0,0,1,0,0,0,0,0,1,0.0,0.0,0.0,0.0,0.0,0.0
1,38.0,1,319.0,0,1,1,0,0,0,0,1,0,0,0,0,0,0,1,0.0,0.0,0.0,0.0,0.0,0.0
0,27.0,1,75.0,1,1,1,1,0,1,0,0,0,0,1,0,0,0,0,0.0,9.95546311412647,0.0,7.803435056952168,7.738052297689316,10.15843980036499
0,54.0,0,375.0,1,1,1,1,0,0,0,1,0,0,0,0,0,1,0,1.3862943611198906,0.0,4.04305126783455,6.452048954437226,0.0,6.541029999189903
1,39.0,1,24.0,1,1,1,0,0,1,0,0,0,0,0,0,0,0,0,0.0,0.0,0.0,0.0,0.0,0.0
0,41.0,0,63.0,0,1,1,1,0,0,1,0,1,0,0,1,0,0,0,8.216898580913613,0.0,0.6931471805599453,0.0,2.9444389791664403,8.222016437202196
0,22.0,0,310.0,1,1,1,1,0,0,0,0,1,0,0,0,0,0,1,0.0,0.0,0.0,2.3978952727983707,6.635946555686647,6.648984550024776
0,23.0,1,82.0,1,7,0,1,0,1,0,0,0,1,0,0,0,0,0,0.0,8.991935575009146,0.0,0.6931471805599453,1.0986122886681096,8.99230873254815
0,34.0,1,82.0,1,7,0,1,0,1,0,0,1,1,0,0,0,0,0,2.772588722239781,8.182838710766026,0.0,0.0,6.161207321695077,8.310660905907225
1,26.0,1,82.0,1,7,0,0,0,1,0,0,0,1,0,0,0,0,0,0.0,0.0,0.0,0.0,0.0,0.0
0,39.0,0,82.0,1,7,0,1,0,1,0,0,1,1,0,0,0,0,0,0.6931471805599453,7.997326822998097,0.0,8.063377822367027,0.6931471805599453,8.724207360800564
1,15.0,1,82.0,1,7,0,0,0,1,0,0,0,1,0,0,0,0,0,0.0,0.0,0.0,0.0,0.0,0.0
1,64.0,1,82.0,1,7,0,0,0,1,0,0,1,1,0,0,0,0,0,0.0,0.0,0.0,0.0,0.0,0.0
1,25.0,1,82.0,1,7,0,0,0,1,0,0,1,1,0,0,0,0,0,0.0,0.0,0.0,0.0,0.0,0.0
1,35.0,1,393.0,0,1,1,0,0,0,1,0,1,0,0,0,0,1,0,0.0,0.0,0.0,0.0,0.0,0.0
1,19.0,1,311.0,1,1,1,0,0,0,0,0,1,0,0,0,0,0,1,0.0,0.0,0.0,0.0,0.0,0.0
0,26.0,0,376.0,1,1,1,1,0,0,0,0,1,0,0,0,0,1,0,5.996452088619021,0.0,6.542471960506805,4.143134726391533,0.0,7.053585727193677
1,3.0,1,312.0,1,3,0,0,1,0,0,0,1,0,0,0,0,0,1,0.0,0.0,0.0,0.0,0.0,0.0
0,29.0,0,312.0,1,3,0,1,0,0,0,0,1,0,0,0,0,0,1,7.268920128193722,1.791759469228055,0.0,0.0,0.0,7.272398392570047
1,44.0,1,312.0,1,3,0,0,0,0,0,0,1,0,0,0,0,0,1,0.0,0.0,0.0,0.0,0.0,0.0
0,27.0,0,124.0,0,1,1,1,0,0,0,0,1,0,0,0,1,0,0,5.2832037287379885,6.401917196727186,0.0,0.0,5.293304824724492,6.904750769961838
0,17.0,0,320.0,0,1,1,1,0,0,0,1,0,0,0,0,0,0,1,6.028278520230698,0.0,4.941642422609304,3.367295829986474,5.159055299214529,6.626717749249025
0,37.0,1,933.5,1,1,1,1,0,1,0,0,0,0,0,0,0,1,0,0.0,8.06054004653864,0.0,4.5217885770490405,1.9459101490553132,8.090708716083997
1,19.0,1,394.0,0,1,1,0,0,0,1,0,0,0,0,0,0,1,0,0.0,0.0,0.0,0.0,0.0,0.0
1,44.0,0,321.0,0,1,1,0,0,0,0,0,1,0,0,0,0,0,1,0.0,0.0,0.0,0.0,0.0,0.0
0,22.0,0,378.0,1,2,0,1,0,0,0,0,0,0,0,0,0,1,0,0.0,0.0,3.4339872044851463,6.214608098422191,4.9344739331306915,6.504288173536645
0,22.0,1,146.0,1,2,0,1,0,0,0,0,1,0,0,0,1,0,0,5.365976015021851,4.454347296253507,5.8664680569332965,2.5649493574615367,0.6931471805599453,6.498282149476434
1,21.0,1,379.0,1,1,1,0,0,0,1,0,1,0,0,0,0,1,0,0.0,0.0,0.0,0.0,0.0,0.0
0,31.0,0,380.0,1,1,1,1,0,0,0,0,1,0,0,0,0,1,0,6.968850378341948,0.0,6.688354713946762,4.276666119016055,0.0,7.568379267836522
0,17.0,1,125.0,0,1,1,1,0,0,0,0,1,0,0,0,1,0,0,0.0,0.0,5.521460917862246,6.2878585601617845,1.791759469228055,6.674561391814426
0,30.0,0,314.0,1,1,1,1,0,0,0,1,0,0,0,0,0,0,1,5.44673737166631,0.0,0.0,5.616771097666572,3.295836866004329,6.2766434893416445
0,15.0,0,381.0,1,1,1,1,0,0,0,0,1,0,0,0,0,1,0,2.5649493574615367,3.258096538021482,5.288267030694535,6.448889394146858,0.0,6.763884908562435
0,42.0,1,315.0,1,1,1,1,0,0,0,0,1,0,0,0,0,0,1,3.6375861597263857,7.421177528595393,0.0,0.0,0.0,7.443078374348515
0,55.0,0,383.0,1,1,1,1,0,0,0,0,1,0,0,0,0,1,0,5.924255797414532,0.6931471805599453,0.6931471805599453,6.208590026096629,0.0,6.77078942390898
0,28.0,1,76.0,1,1,1,1,0,1,0,0,0,0,1,0,0,0,0,1.791759469228055,7.892452043520352,2.639057329615259,0.0,5.062595033026967,7.955775781534187
0,33.0,0,396.0,0,1,1,1,0,0,0,0,1,0,0,0,0,1,0,6.513230110912307,5.272999558563747,6.3080984415095305,4.0943445622221,3.713572066704308,7.323170717943469
0,19.0,0,323.0,0,1,1,1,0,0,0,0,1,0,0,0,0,0,1,1.3862943611198906,1.9459101490553132,3.044522437723423,4.110873864173311,6.579251212010101,6.695798917058491
0,24.0,0,386.0,1,3,0,1,0,0,0,0,1,0,0,0,0,1,0,0.0,6.75343791859778,0.0,0.0,1.791759469228055,6.759255270663693
0,4.0,0,317.0,1,3,0,0,1,0,0,0,1,0,0,0,0,0,1,0.0,0.0,0.0,0.0,0.0,0.0
1,2.0,0,317.0,1,3,0,0,1,0,0,0,1,0,0,0,0,0,1,0.0,0.0,0.0,0.0,0.0,0.0
0,30.0,1,25.0,1,1,1,1,0,1,0,0,0,0,0,0,0,0,0,0.0,8.65434302956347,0.0,1.791759469228055,0.6931471805599453,8.655388690167637
0,31.0,0,59.0,0,3,0,0,0,1,0,0,1,1,0,0,0,0,0,0.0,0.0,0.0,0.0,0.0,0.0
1,17.0,1,59.0,0,3,0,0,0,1,0,0,1,1,0,0,0,0,0,0.0,0.0,0.0,0.0,0.0,0.0
1,40.0,1,59.0,0,3,0,0,0,1,0,0,0,1,0,0,0,0,0,0.0,0.0,0.0,0.0,0.0,0.0
1,33.0,1,324.0,0,1,1,0,0,0,0,1,0,0,0,0,0,0,1,0.0,0.0,0.0,0.0,0.0,0.0
1,46.0,0,318.0,1,1,1,0,0,0,0,1,0,0,0,0,0,0,1,0.0,0.0,0.0,0.0,0.0,0.0
0,30.0,0,60.0,0,1,1,1,0,1,0,0,0,1,0,0,0,0,0,7.1316985104669115,6.763884908562435,0.0,8.223090551161533,8.597297435657898,9.328745436354804
0,17.0,0,398.0,0,1,1,1,0,0,0,0,1,0,0,0,0,1,0,0.0,0.0,0.0,0.0,6.690842277418564,6.690842277418564
0,19.0,1,387.0,1,1,1,1,0,0,0,0,1,0,0,0,0,1,0,7.038783541388542,2.9444389791664403,0.0,0.0,6.51025834052315,7.511524648390866
0,22.0,1,83.0,1,2,0,1,0,1,0,0,0,1,0,0,0,0,0,0.0,8.55333223803211,0.0,6.985641817639208,1.0986122886681096,8.742893471512136
0,20.0,0,83.0,1,2,0,1,0,1,0,0,0,1,0,0,0,0,0,0.0,5.093750200806762,0.0,5.003946305945459,8.938531648680692,8.978408314628894
0,36.0,0,390.0,1,1,1,1,0,0,0,1,0,0,0,0,0,1,0,0.0,6.697034247666484,0.0,4.465908118654584,0.0,6.79794041297493
0,0.0,1,322.0,1,2,0,0,1,0,0,0,1,0,0,0,0,0,1,0.0,0.0,0.0,0.0,0.0,0.0
0,17.0,1,150.0,1,2,0,1,0,0,0,0,0,0,0,0,1,0,0,3.8066624897703196,7.336936913707618,2.3978952727983707,3.9512437185814275,0.0,7.403061091090091
1,27.0,1,323.0,1,3,0,0,0,0,0,0,1,0,0,0,0,0,1,0.0,0.0,0.0,0.0,0.0,0.0
1,15.0,1,323.0,1,3,0,0,0,0,0,1,0,0,0,0,0,0,1,0.0,0.0,0.0,0.0,0.0,0.0
0,20.0,0,323.0,1,3,0,1,0,0,0,0,1,0,0,0,0,0,1,0.0,1.6094379124341003,6.063785208687608,0.0,5.662960480135946,6.580639137284949
0,19.0,1,399.0,0,1,1,1,0,0,0,0,0,0,0,0,0,1,0,3.4339872044851463,0.6931471805599453,6.9584483932976555,0.0,1.9459101490553132,6.9930151229329605
0,24.0,0,391.0,1,1,1,1,0,0,0,1,0,0,0,0,0,1,0,6.4967749901858625,0.0,0.0,0.0,2.302585092994046,6.51025834052315
0,43.0,0,400.0,0,1,1,1,0,0,0,0,0,0,0,0,0,1,0,0.0,1.9459101490553132,6.594413459749778,0.6931471805599453,0.0,6.6039438246004725
1,26.0,1,402.0,0,1,1,0,0,0,1,0,1,0,0,0,0,1,0,0.0,0.0,0.0,0.0,0.0,0.0
0,42.0,0,393.0,1,1,1,1,0,0,0,0,1,0,0,0,0,1,0,5.991464547107982,4.330733340286331,3.6635616461296463,6.648984550024776,0.0,7.157735484249907
0,21.0,0,404.0,0,1,1,1,0,0,0,0,1,0,0,0,0,1,0,1.9459101490553132,4.897839799950911,6.222576268071369,0.0,1.0986122886681096,6.4692503167957724
1,50.0,1,85.0,1,2,0,0,0,1,0,0,1,1,0,0,0,0,0,0.0,0.0,0.0,0.0,0.0,0.0
1,25.0,1,85.0,1,2,0,0,0,1,0,0,1,1,0,0,0,0,0,0.0,0.0,0.0,0.0,0.0,0.0
1,64.0,1,327.0,0,1,1,0,0,0,0,0,1,0,0,0,0,0,1,0.0,0.0,0.0,0.0,0.0,0.0
0,50.0,0,394.0,1,1,1,1,0,0,0,0,1,0,0,0,0,1,0,0.0,0.0,0.0,6.666956792429207,2.995732273553991,6.690842277418564
1,24.0,1,395.0,1,1,1,0,0,0,1,0,1,0,0,0,0,1,0,0.0,0.0,0.0,0.0,0.0,0.0
0,27.0,1,396.0,1,1,1,1,0,0,0,0,1,0,0,0,0,1,0,0.0,0.0,6.453624998892692,0.6931471805599453,3.1780538303479458,6.490723534502507
1,42.0,1,324.0,1,1,1,0,0,0,0,0,0,0,0,0,0,0,1,0.0,0.0,0.0,0.0,0.0,0.0
1,30.0,0,328.0,0,1,1,0,0,0,0,0,0,0,0,0,0,0,1,0.0,0.0,0.0,0.0,0.0,0.0
0,20.0,1,126.0,0,1,1,1,0,0,0,0,1,0,0,0,1,0,0,1.0986122886681096,0.0,6.543911845564792,0.0,3.1354942159291497,6.577861357721047
0,31.0,1,151.0,1,1,1,1,0,0,1,0,1,0,0,0,1,0,0,5.093750200806762,7.10002716662926,1.6094379124341003,0.0,0.6931471805599453,7.229113877793302
0,26.0,0,68.0,0,1,1,1,0,1,0,0,0,0,1,0,0,0,0,5.641907070938114,6.60934924316738,2.639057329615259,0.0,8.460622839927844,8.658692753689937
0,39.0,0,69.0,0,1,1,1,0,1,0,0,0,0,1,0,0,0,0,0.0,0.0,0.0,7.332369205929062,7.02108396428914,7.881559917056899
0,27.0,0,330.0,0,6,0,0,0,0,0,0,1,0,0,0,0,0,1,0.0,0.0,0.0,0.0,0.0,0.0
0,32.0,1,330.0,0,6,0,1,0,0,0,1,0,0,0,0,0,0,1,0.0,4.07753744390572,0.0,0.0,6.466144724237619,6.55250788703459
1,25.0,1,330.0,0,6,0,0,0,0,0,0,1,0,0,0,0,0,1,0.0,0.0,0.0,0.0,0.0,0.0
0,6.0,1,330.0,0,6,0,0,1,0,0,0,1,0,0,0,0,0,1,0.0,0.0,0.0,0.0,0.0,0.0
1,3.0,1,330.0,0,6,0,0,1,0,0,0,1,0,0,0,0,0,1,0.0,0.0,0.0,0.0,0.0,0.0
1,11.0,0,330.0,0,6,0,0,1,0,0,0,1,0,0,0,0,0,1,0.0,0.0,0.0,0.0,0.0,0.0
1,52.0,0,331.0,0,4,0,0,0,0,0,0,1,0,0,0,0,0,1,0.0,0.0,0.0,0.0,0.0,0.0
0,14.0,0,407.0,0,4,0,1,1,0,0,0,1,0,0,0,0,1,0,2.833213344056216,0.0,0.0,6.569481420414296,5.0106352940962555,6.777646593635117
0,68.0,0,407.0,0,4,0,1,0,0,0,0,1,0,0,0,0,1,0,0.0,5.659482215759621,0.0,7.461640392208575,2.639057329615259,7.620214770574455
1,18.0,1,331.0,0,4,0,0,0,0,0,1,0,0,0,0,0,0,1,0.0,0.0,0.0,0.0,0.0,0.0
0,55.0,1,333.0,0,1,1,1,0,0,0,0,1,0,0,0,0,0,1,1.0986122886681096,0.0,0.0,0.0,6.811244378601294,6.813444599510896
0,22.0,0,327.0,1,1,1,1,0,0,0,0,0,0,0,0,0,0,1,7.266128779556451,0.0,0.0,0.0,6.049733455231958,7.5251007461258
0,34.0,1,65.0,0,1,1,1,0,1,0,0,1,0,0,1,0,0,0,0.0,8.529911963824013,0.0,4.04305126783455,5.793013608384144,8.602820277383675
0,17.0,0,398.0,1,1,1,1,0,0,1,0,1,0,0,0,0,1,0,6.369900982828227,0.0,6.625392368007956,0.0,0.0,7.198183577101943
1,38.0,0,328.0,1,1,1,0,0,0,0,1,0,0,0,0,0,0,1,0.0,0.0,0.0,0.0,0.0,0.0
0,13.0,0,410.0,0,1,1,1,1,0,0,0,1,0,0,0,0,1,0,2.5649493574615367,0.0,0.0,0.0,7.582738488914411,7.588829878307813
1,19.0,1,329.0,1,1,1,0,0,0,0,0,1,0,0,0,0,0,1,0.0,0.0,0.0,0.0,0.0,0.0
1,30.0,1,70.0,0,2,0,0,0,1,0,0,1,0,1,0,0,0,0,0.0,0.0,0.0,0.0,0.0,0.0
0,27.0,0,70.0,0,2,0,1,0,1,0,0,1,0,1,0,0,0,0,0.0,0.0,4.290459441148391,6.505784060128229,7.906178840394815,8.147288258706624
0,17.0,1,127.0,0,1,1,1,0,0,0,0,1,0,0,0,1,0,0,0.0,0.6931471805599453,6.280395838960195,5.7899601708972535,0.0,6.7580945044277305
0,45.0,0,78.0,1,2,0,1,0,1,0,0,0,0,1,0,0,0,0,0.0,8.177515823846075,0.0,8.193123721512068,5.099866427824199,8.900821604915228
0,28.0,1,78.0,1,2,0,1,0,1,0,0,0,0,1,0,0,0,0,5.123963979403259,7.786136437783072,4.276666119016055,5.648974238161206,6.478509642208569,8.182559264068665
0,23.0,0,401.0,1,1,1,1,0,0,0,0,1,0,0,0,0,1,0,5.181783550292085,0.0,2.0794415416798357,0.0,6.1070228877422545,6.450470422144176
0,24.0,0,69.0,1,2,0,1,0,1,0,0,1,0,0,1,0,0,0,7.162397497355718,8.114922974204593,0.0,8.516593011344206,6.593044534142437,9.245514446983837
0,23.0,1,69.0,1,2,0,1,0,1,0,0,1,0,0,1,0,0,0,2.302585092994046,8.31434234336979,0.0,0.0,2.833213344056216,8.320448113956559
0,29.0,0,402.0,1,1,1,1,0,0,0,0,0,0,0,0,0,1,0,5.602118820879701,0.0,0.0,3.258096538021482,5.840641657373398,6.459904454377535
0,46.0,0,334.0,0,1,1,1,0,0,0,0,1,0,0,0,0,0,1,6.066108090103747,0.0,5.831882477283517,3.970291913552122,4.127134385045092,6.784457062637643
0,17.0,1,411.0,0,1,1,1,0,0,0,1,0,0,0,0,0,1,0,2.1972245773362196,6.815639990074331,0.0,0.0,0.0,6.824373670043086
0,20.0,0,335.0,0,1,1,1,0,0,0,0,1,0,0,0,0,0,1,0.0,0.0,1.6094379124341003,3.58351893845611,6.646390514847729,6.695798917058491
0,24.0,0,407.0,1,1,1,1,0,0,0,0,1,0,0,0,0,1,0,4.804021044733257,3.044522437723423,0.0,4.23410650459726,6.2285110035911835,6.573680166960646
0,40.0,0,16.0,0,2,0,1,0,1,0,0,1,0,0,0,0,0,0,2.995732273553991,2.3978952727983707,0.6931471805599453,8.468002947225466,8.700847193443972,9.28702359674714
1,27.0,1,16.0,0,2,0,0,0,1,0,0,1,0,0,0,0,0,0,0.0,0.0,0.0,0.0,0.0,0.0
0,38.0,0,72.0,0,1,1,1,0,1,0,0,1,0,1,0,0,0,0,0.0,6.3818160174060985,7.878912912297132,8.732788324973118,4.605170185988092,9.162409838218633
0,65.0,1,26.0,1,2,0,1,0,1,0,0,1,0,0,0,0,0,0,3.9512437185814275,8.401108712395436,0.0,3.044522437723423,5.986452005284438,8.501063809486354
0,19.0,1,26.0,1,2,0,1,0,1,0,0,1,0,0,0,0,0,0,0.0,7.202661196523238,0.0,5.030437921392435,6.322565239927284,7.62608275807238
0,54.0,1,408.0,1,1,1,1,0,0,0,0,1,0,0,0,0,1,0,0.0,0.0,6.771935555839602,0.0,0.6931471805599453,6.773080375655535
0,38.0,0,409.0,1,2,0,1,0,0,0,0,0,0,0,0,0,1,0,0.0,6.576469569048224,0.0,0.0,0.0,6.576469569048224
0,40.0,1,331.0,1,2,0,1,0,0,0,0,1,0,0,0,0,0,1,3.9512437185814275,0.0,0.6931471805599453,5.910796644040527,6.234410725718371,6.835184586147301
0,21.0,0,412.0,0,1,1,1,0,0,0,1,0,0,0,0,0,1,0,0.0,1.0986122886681096,4.897839799950911,0.0,6.309918278226516,6.529418838262226
0,22.0,1,413.0,0,1,1,1,0,0,0,0,1,0,0,0,0,1,0,2.1972245773362196,0.0,6.687108607866515,0.0,2.5649493574615367,6.71174039505618
0,33.0,0,414.0,0,1,1,1,0,0,0,0,1,0,0,0,0,1,0,5.877735781779639,0.0,0.0,5.5053315359323625,0.0,6.400257445308821
0,18.0,1,70.0,1,5,0,1,0,0,1,0,1,0,0,1,0,0,0,3.4011973816621555,0.0,7.7475968386928855,0.0,0.6931471805599453,7.76046702921342
0,43.0,0,153.0,1,5,0,1,0,0,1,0,1,0,0,0,1,0,0,6.304448802421981,0.0,3.7376696182833684,6.566672429803241,0.0,7.168579897264035
0,13.0,0,933.5,1,5,0,1,1,0,1,0,1,0,0,0,0,1,0,8.813884558025606,0.0,7.381501894506707,7.144407180321139,0.0,9.169310022418191
0,26.0,0,410.0,1,5,0,1,0,0,1,0,1,0,0,0,0,1,0,7.468513271496337,0.0,0.0,0.0,0.0,7.468513271496337
0,22.0,0,70.0,1,5,0,1,0,0,1,0,1,0,0,1,0,0,0,7.741099090035366,0.0,3.1354942159291497,5.54907608489522,0.0,7.8551570058813445
1,21.0,1,415.0,0,1,1,0,0,0,1,0,1,0,0,0,0,1,0,0.0,0.0,0.0,0.0,0.0,0.0
0,25.0,0,411.0,1,1,1,1,0,0,0,1,0,0,0,0,0,1,0,0.0,2.4849066497880004,0.0,2.639057329615259,7.20414929203594,7.221835825288449
0,29.0,0,412.0,1,2,0,1,0,0,1,0,1,0,0,0,0,1,0,5.37989735354046,2.3978952727983707,6.416732282512326,6.38856140554563,0.0,7.266827347520591
0,49.0,0,412.0,1,2,0,1,0,0,1,0,1,0,0,0,0,1,0,7.393263094763838,0.0,4.23410650459726,0.0,0.0,7.4342573821331355
1,29.0,1,86.0,1,1,1,0,0,1,0,0,0,1,0,0,0,0,0,0.0,0.0,0.0,0.0,0.0,0.0
0,45.0,1,71.0,1,1,1,1,0,0,1,0,1,0,0,1,0,0,0,2.3978952727983707,6.999422467507961,7.29641326877392,0.0,0.0,7.855544677915663
0,45.0,1,413.0,1,1,1,1,0,0,0,1,0,0,0,0,0,1,0,0.0,0.0,6.5998704992128365,1.3862943611198906,1.791759469228055,6.610696044717759
0,30.0,0,79.0,1,1,1,1,0,1,0,0,1,0,1,0,0,0,0,4.1588830833596715,9.13938128303569,5.521460917862246,7.872836175025724,8.420462002456466,9.728479189036397
0,29.0,0,414.0,1,2,0,1,0,0,0,0,1,0,0,0,0,1,0,6.655440350367647,0.0,1.6094379124341003,0.0,3.1780538303479458,6.6895992691789665
0,26.0,0,933.5,1,2,0,0,0,0,0,0,1,0,0,0,0,1,0,0.0,0.0,0.0,0.0,0.0,0.0
1,16.0,0,335.0,1,1,1,0,0,0,0,0,0,0,0,0,0,0,1,0.0,0.0,0.0,0.0,0.0,0.0
0,20.0,0,336.0,1,1,1,1,0,0,0,0,0,0,0,0,0,0,1,0.6931471805599453,0.0,0.0,8.502485562543963,0.6931471805599453,8.502891406705377
0,33.0,0,338.0,0,1,1,1,0,0,0,0,1,0,0,0,0,0,1,5.4638318050256105,1.0986122886681096,0.6931471805599453,6.478509642208569,0.0,6.790097235513905
1,18.0,0,339.0,0,1,1,0,0,0,0,0,1,0,0,0,0,0,1,0.0,0.0,0.0,0.0,0.0,0.0
0,24.0,0,417.0,0,1,1,1,0,0,1,0,1,0,0,0,0,1,0,6.398594934535208,6.386879319362645,7.247792581767846,0.0,0.6931471805599453,7.8628820346414905
0,29.0,0,418.0,0,1,1,1,0,0,1,0,1,0,0,0,0,1,0,6.7580945044277305,5.723585101952381,2.9444389791664403,7.255591274253665,0.0,7.8628820346414905
1,40.0,1,87.0,1,1,1,0,0,1,0,0,0,1,0,0,0,0,0,0.0,0.0,0.0,0.0,0.0,0.0
1,27.0,1,72.0,1,1,1,0,0,1,0,0,1,0,0,1,0,0,0,0.0,0.0,0.0,0.0,0.0,0.0
1,35.0,0,339.0,1,1,1,0,0,0,0,0,1,0,0,0,0,0,1,0.0,0.0,0.0,0.0,0.0,0.0
0,31.0,0,933.5,1,1,1,1,0,1,0,0,1,0,0,0,0,1,0,0.0,9.073259831427816,0.0,9.47554674766278,5.5909869805108565,9.999797232673536
1,26.0,0,340.0,0,1,1,0,0,0,0,1,0,0,0,0,0,0,1,0.0,0.0,0.0,0.0,0.0,0.0
0,49.0,1,73.0,1,1,1,1,0,0,1,0,1,0,0,1,0,0,0,0.0,0.0,6.9650803456014065,0.0,0.0,6.9650803456014065
1,23.0,0,341.0,0,1,1,0,0,0,0,0,1,0,0,0,0,0,1,0.0,0.0,0.0,0.0,0.0,0.0
1,23.0,0,342.0,0,2,0,0,0,0,0,1,0,0,0,0,0,0,1,0.0,0.0,0.0,0.0,0.0,0.0
1,14.0,1,342.0,0,2,0,0,1,0,0,1,0,0,0,0,0,0,1,0.0,0.0,0.0,0.0,0.0,0.0
0,21.0,0,341.0,1,1,1,1,0,0,0,0,0,0,0,0,0,0,1,6.647688373563329,0.0,0.0,3.713572066704308,0.0,6.698268054115413
0,18.0,0,343.0,0,1,1,1,0,0,0,0,1,0,0,0,0,0,1,0.0,0.6931471805599453,0.0,4.394449154672439,6.717804695023691,6.811244378601294
0,27.0,0,415.0,1,1,1,1,0,0,0,0,1,0,0,0,0,1,0,6.576469569048224,0.0,0.0,0.0,0.0,6.576469569048224
0,19.0,1,419.0,0,1,1,1,0,0,0,0,1,0,0,0,0,1,0,6.582025138892826,4.143134726391533,2.0794415416798357,0.0,0.0,6.673297967767654
0,22.0,0,344.0,0,1,1,1,0,0,0,0,1,0,0,0,0,0,1,6.437751649736401,0.0,0.0,0.0,5.225746673713202,6.697034247666484
0,17.0,0,420.0,0,1,1,1,0,0,0,0,1,0,0,0,0,1,0,6.602587892189336,0.0,1.0986122886681096,3.044522437723423,0.0,6.6320017773956295
0,13.0,0,421.0,0,1,1,1,1,0,0,1,0,0,0,0,0,1,0,0.0,1.0986122886681096,6.175867270105761,2.3978952727983707,5.176149732573829,6.505784060128229
0,26.0,0,128.0,0,1,1,1,0,0,0,0,1,0,0,0,1,0,0,0.0,0.0,0.0,4.5217885770490405,6.803505257608338,6.899723107284872
0,27.0,0,74.0,1,2,0,1,0,0,1,0,1,0,0,1,0,0,0,6.961296045910167,0.0,3.784189633918261,4.454347296253507,0.0,7.075808863978387
1,16.0,1,416.0,1,2,0,0,0,0,1,0,1,0,0,0,0,1,0,0.0,0.0,0.0,0.0,0.0,0.0
0,20.0,0,422.0,0,1,1,1,0,0,1,0,1,0,0,0,0,1,0,7.044905117129371,0.0,0.0,0.0,1.3862943611198906,7.047517221357296
0,20.0,0,129.0,0,2,0,1,0,0,0,0,1,0,0,0,1,0,0,4.330733340286331,0.0,0.0,7.343426229147367,0.0,7.390798521735676
0,23.0,0,129.0,0,2,0,1,0,0,0,0,1,0,0,0,1,0,0,6.056784013228625,0.0,5.8944028342648505,0.0,0.0,6.670766320845874
0,61.0,0,343.0,1,1,1,1,0,0,0,0,1,0,0,0,0,0,1,1.0986122886681096,0.0,2.8903717578961645,6.767343125265392,3.367295829986474,6.82001636467413
1,27.0,1,423.0,0,3,0,0,0,0,1,0,1,0,0,0,0,1,0,0.0,0.0,0.0,0.0,0.0,0.0
0,3.0,1,423.0,0,3,0,0,1,0,1,0,0,0,0,0,0,1,0,0.0,0.0,0.0,0.0,0.0,0.0
0,4.0,1,423.0,0,3,0,0,1,0,1,0,0,0,0,0,0,1,0,0.0,0.0,0.0,0.0,0.0,0.0
1,13.0,1,344.0,1,1,1,0,1,0,0,0,0,0,0,0,0,0,1,0.0,0.0,0.0,0.0,0.0,0.0
1,19.0,1,417.0,1,1,1,0,0,0,1,0,1,0,0,0,0,1,0,0.0,0.0,0.0,0.0,0.0,0.0
0,18.0,1,424.0,0,1,1,1,0,0,0,0,1,0,0,0,0,1,0,0.0,0.0,6.54965074223381,0.0,0.0,6.54965074223381
0,66.0,1,130.0,0,1,1,1,0,0,0,0,0,0,0,0,1,0,0,0.0,0.0,7.384610383176974,0.0,0.0,7.384610383176974
1,39.0,1,418.0,1,1,1,0,0,0,1,0,1,0,0,0,0,1,0,0.0,0.0,0.0,0.0,0.0,0.0
0,21.0,0,419.0,1,2,0,1,0,0,0,0,1,0,0,0,0,1,0,0.0,7.2682230211595655,0.0,7.118826249062078,0.0,7.889084407035514
1,7.0,0,345.0,1,2,0,0,1,0,0,0,1,0,0,0,0,0,1,0.0,0.0,0.0,0.0,0.0,0.0
1,56.0,0,933.5,1,1,1,0,0,0,0,0,1,0,0,0,0,1,0,0.0,0.0,0.0,0.0,0.0,0.0
0,15.0,0,425.0,0,1,1,1,0,0,0,0,1,0,0,0,0,1,0,0.0,6.858565034791365,4.859812404361672,0.0,0.0,6.984716320118265
0,27.0,1,155.0,1,1,1,1,0,0,1,0,1,0,0,0,1,0,0,7.044905117129371,0.0,3.8712010109078907,0.0,4.663439094112067,7.1693500166706
0,13.0,0,420.0,1,1,1,1,1,0,0,0,1,0,0,0,0,1,0,6.363028103540465,5.424950017481403,4.127134385045092,0.6931471805599453,2.0794415416798357,6.774223886357614
1,18.0,1,89.0,1,1,1,0,0,1,0,0,1,1,0,0,0,0,0,0.0,0.0,0.0,0.0,0.0,0.0
1,38.0,0,346.0,0,1,1,0,0,0,0,1,0,0,0,0,0,0,1,0.0,0.0,0.0,0.0,0.0,0.0
0,45.0,0,426.0,0,1,1,1,0,0,0,0,1,0,0,0,0,1,0,7.668093709082406,0.0,0.0,6.492239835020471,0.0,7.936660155225426
1,21.0,0,347.0,0,1,1,0,0,0,0,0,1,0,0,0,0,0,1,0.0,0.0,0.0,0.0,0.0,0.0
0,19.0,0,348.0,0,1,1,1,0,0,0,0,1,0,0,0,0,0,1,4.3694478524670215,0.0,0.0,6.311734809152915,0.0,6.444131256700441
0,49.0,0,421.0,1,1,1,1,0,0,0,0,1,0,0,0,0,1,0,6.480044561926653,3.258096538021482,0.0,6.745236349484362,1.0986122886681096,7.331714969726466
0,21.0,1,423.0,1,1,1,1,0,0,0,0,1,0,0,0,0,1,0,0.0,6.710523109452428,0.0,3.828641396489095,0.0,6.763884908562435
0,18.0,1,424.0,1,1,1,1,0,0,0,0,1,0,0,0,0,1,0,0.0,5.998936561946683,7.614805364711073,0.0,0.0,7.795646536334594
1,43.0,1,429.0,0,1,1,0,0,0,1,0,1,0,0,0,0,1,0,0.0,0.0,0.0,0.0,0.0,0.0
1,27.0,1,425.0,1,2,0,0,0,0,1,1,0,0,0,0,0,1,0,0.0,0.0,0.0,0.0,0.0,0.0
0,0.0,1,425.0,1,2,0,0,1,0,1,0,1,0,0,0,0,1,0,0.0,0.0,0.0,0.0,0.0,0.0
0,27.0,0,349.0,0,1,1,1,0,0,0,0,1,0,0,0,0,0,1,0.0,0.0,1.9459101490553132,6.61472560020376,3.1354942159291497,6.651571873589727
1,21.0,1,63.0,0,1,1,0,0,1,0,0,1,1,0,0,0,0,0,0.0,0.0,0.0,0.0,0.0,0.0
0,20.0,0,431.0,0,1,1,1,0,0,0,1,0,0,0,0,0,1,0,3.6635616461296463,5.3981627015177525,6.206575926724928,0.0,0.0,6.625392368007956
1,35.0,1,427.0,1,2,0,0,0,0,1,0,1,0,0,0,0,1,0,0.0,0.0,0.0,0.0,0.0,0.0
0,20.0,0,427.0,1,2,0,1,0,0,1,0,1,0,0,0,0,1,0,5.3612921657094255,0.0,6.899723107284872,0.0,2.639057329615259,7.104144092987527
0,24.0,0,433.0,0,2,0,1,0,0,0,0,1,0,0,0,0,1,0,5.963579343618446,0.0,2.0794415416798357,6.016157159698354,0.0,6.690842277418564
0,41.0,0,351.0,0,2,0,1,0,0,0,0,1,0,0,0,0,0,1,1.0986122886681096,0.0,6.313548046277095,8.626585568187433,4.23410650459726,8.73214326770192
0,23.0,1,347.0,1,1,1,1,0,0,0,1,0,0,0,0,0,0,1,0.0,6.652863029353347,0.0,0.0,0.0,6.652863029353347
1,27.0,1,352.0,0,1,1,0,0,0,0,1,0,0,0,0,0,0,1,0.0,0.0,0.0,0.0,0.0,0.0
1,58.0,1,348.0,1,1,1,0,0,0,0,0,0,0,0,0,0,0,1,0.0,0.0,0.0,0.0,0.0,0.0
1,53.0,1,435.0,0,1,1,0,0,0,1,0,1,0,0,0,0,1,0,0.0,0.0,0.0,0.0,0.0,0.0
0,30.0,0,80.0,1,1,1,1,0,1,0,0,1,0,1,0,0,0,0,6.082218910376446,8.184792654165078,0.0,8.409385238781931,5.641907070938114,9.081597496083457
0,24.0,0,428.0,1,1,1,1,0,0,0,0,0,0,0,0,0,1,0,0.6931471805599453,0.0,0.0,5.765191102784844,5.5134287461649825,6.340359303727752
0,31.0,0,64.0,0,1,1,1,0,1,0,0,1,1,0,0,0,0,0,3.8501476017100584,7.568379267836522,0.0,6.903747257584598,7.134890851565884,8.350193650720067
0,46.0,0,429.0,1,2,0,1,0,0,1,1,0,0,0,0,0,1,0,6.410174881966167,0.0,3.7376696182833684,5.814130531825066,5.529429087511423,7.1180162044653335
0,20.0,0,429.0,1,2,0,1,0,0,1,0,1,0,0,0,0,1,0,6.844815479208263,4.0943445622221,3.4657359027997265,2.5649493574615367,0.0,6.947937068614969
1,20.0,0,350.0,1,1,1,0,0,0,0,0,1,0,0,0,0,0,1,0.0,0.0,0.0,0.0,0.0,0.0
0,30.0,0,437.0,0,1,1,1,0,0,0,0,1,0,0,0,0,1,0,0.0,5.4680601411351315,0.0,7.047517221357296,0.0,7.234177179749849
0,24.0,0,438.0,0,1,1,1,0,0,0,0,0,0,0,0,0,1,0,0.0,6.045005314036012,0.0,5.337538079701318,4.1588830833596715,6.539585955617669
0,34.0,0,354.0,0,1,1,1,0,0,0,0,1,0,0,0,0,0,1,0.0,0.0,0.0,6.444131256700441,0.0,6.444131256700441
0,20.0,0,430.0,1,1,1,1,0,0,0,0,1,0,0,0,0,1,0,7.467942332285852,0.0,6.102558594613569,0.0,4.343805421853684,7.728855823852543
1,48.0,1,431.0,1,1,1,0,0,0,1,0,1,0,0,0,0,1,0,0.0,0.0,0.0,0.0,0.0,0.0
0,25.0,0,439.0,0,1,1,1,0,0,0,1,0,0,0,0,0,1,0,0.0,0.0,6.429719478039138,0.0,4.2626798770413155,6.536691597591305
1,43.0,0,352.0,1,1,1,0,0,0,0,0,1,0,0,0,0,0,1,0.0,0.0,0.0,0.0,0.0,0.0
0,27.0,1,440.0,0,1,1,1,0,0,0,0,1,0,0,0,0,1,0,0.0,5.638354669333745,4.787491742782046,6.472346294500901,1.791759469228055,6.957497370876951
0,47.0,0,65.0,0,4,0,1,0,1,0,0,1,1,0,0,0,0,0,0.0,3.4965075614664802,0.0,8.301025253838453,7.273092595999522,8.612503371220562
0,26.0,1,65.0,0,4,0,1,0,1,0,0,0,1,0,0,0,0,0,3.295836866004329,8.431199478249262,0.0,4.634728988229636,0.0,8.458716261657262
1,37.0,1,65.0,0,4,0,0,0,1,0,0,1,1,0,0,0,0,0,0.0,0.0,0.0,0.0,0.0,0.0
0,42.0,0,65.0,0,4,0,1,0,1,0,0,0,1,0,0,0,0,0,0.0,7.074116816197362,0.0,7.8928255262511176,5.648974238161206,8.328692583545568
0,61.0,1,156.0,1,1,1,1,0,0,0,0,0,0,0,0,1,0,0,0.0,6.484635235635252,6.805722553416985,0.0,4.23410650459726,7.393263094763838
0,29.0,0,442.0,0,1,1,1,0,0,1,0,1,0,0,0,0,1,0,7.275172319452771,7.011213987350367,3.8712010109078907,0.0,0.0,7.8628820346414905
0,32.0,1,75.0,1,1,1,1,0,1,0,0,0,0,0,1,0,0,0,0.0,7.585281078639126,2.639057329615259,6.9584483932976555,0.0,8.017307507688582
0,51.0,0,443.0,0,1,1,1,0,0,1,0,1,0,0,0,0,1,0,7.421775793644647,0.0,2.8903717578961645,0.0,0.0,7.4318919168078
0,43.0,0,76.0,1,1,1,1,0,0,1,0,1,0,0,1,0,0,0,7.61085279039525,0.0,6.329720905522696,0.0,0.0,7.855544677915663
1,25.0,1,90.0,1,1,1,0,0,1,0,0,0,1,0,0,0,0,0,0.0,0.0,0.0,0.0,0.0,0.0
0,31.0,0,157.0,1,1,1,1,0,0,0,0,1,0,0,0,1,0,0,0.0,0.0,5.236441962829949,6.401917196727186,0.0,6.672032945461067
0,13.0,0,432.0,1,1,1,1,1,0,0,1,0,0,0,0,0,1,0,0.0,2.70805020110221,6.754604099487962,0.0,4.290459441148391,6.8501261661455
0,20.0,0,354.0,1,1,1,1,0,0,0,0,1,0,0,0,0,0,1,6.304448802421981,0.0,5.43372200355424,0.0,0.0,6.652863029353347
0,29.0,0,433.0,1,1,1,1,0,0,0,0,1,0,0,0,0,1,0,7.213031659834869,3.044522437723423,0.0,2.639057329615259,0.0,7.237059026124737
1,16.0,0,355.0,1,1,1,0,0,0,0,0,1,0,0,0,0,0,1,0.0,0.0,0.0,0.0,0.0,0.0
0,15.0,1,434.0,1,1,1,1,0,0,0,0,1,0,0,0,0,1,0,0.0,7.761319180947987,0.0,5.942799375126701,0.0,7.911324018963352
0,50.0,0,445.0,0,1,1,1,0,0,0,0,1,0,0,0,0,1,0,0.0,1.791759469228055,0.0,7.682943169878292,0.0,7.685243607975833
0,41.0,1,27.0,1,4,0,1,0,1,0,0,0,0,0,0,0,0,0,0.0,10.302733360830375,0.0,7.1372784372603855,1.9459101490553132,10.344223274726211
0,43.0,1,27.0,1,4,0,1,0,1,0,0,1,0,0,0,0,0,0,1.0986122886681096,7.709756864454165,3.5263605246161616,1.9459101490553132,5.293304824724492,7.81156848934518
1,32.0,1,27.0,1,4,0,0,0,1,0,0,1,0,0,0,0,0,0,0.0,0.0,0.0,0.0,0.0,0.0
0,36.0,0,27.0,1,4,0,1,0,1,0,0,1,0,0,0,0,0,0,0.0,8.073091199693154,0.0,6.54965074223381,4.290459441148391,8.28828304520769
1,18.0,1,933.5,1,1,1,0,0,0,0,0,0,0,0,0,0,1,0,0.0,0.0,0.0,0.0,0.0,0.0
0,47.0,1,357.0,1,1,1,1,0,0,0,0,1,0,0,0,0,0,1,0.0,0.0,6.78105762593618,0.0,1.0986122886681096,6.78332520060396
1,29.0,1,355.0,0,1,1,0,0,0,0,1,0,0,0,0,0,0,1,0.0,0.0,0.0,0.0,0.0,0.0
0,27.0,0,358.0,1,1,1,1,0,0,0,0,1,0,0,0,0,0,1,0.0,4.465908118654584,0.0,5.53338948872752,6.3473892096560105,6.812345094177479
0,14.0,1,435.0,1,1,1,1,1,0,0,0,1,0,0,0,0,1,0,0.0,6.398594934535208,0.0,5.3230099791384085,0.0,6.690842277418564
1,25.0,0,356.0,0,1,1,0,0,0,0,1,0,0,0,0,0,0,1,0.0,0.0,0.0,0.0,0.0,0.0
0,63.0,0,158.0,1,1,1,1,0,0,1,0,1,0,0,0,1,0,0,7.067319848653476,0.0,0.6931471805599453,0.0,0.0,7.068172000388042
0,22.0,0,437.0,1,1,1,1,0,0,0,0,1,0,0,0,0,1,0,3.8918202981106265,5.799092654460526,5.209486152841421,3.295836866004329,5.043425116919247,6.606650186198215
0,32.0,0,159.0,1,1,1,1,0,0,1,0,1,0,0,0,1,0,0,1.0986122886681096,6.0330862217988015,3.295836866004329,6.236369590203704,0.0,6.86171134048073
0,31.0,0,438.0,1,2,0,1,0,0,0,0,0,0,0,0,0,1,0,0.0,2.70805020110221,6.51025834052315,0.6931471805599453,1.3862943611198906,6.536691597591305
0,24.0,0,438.0,1,2,0,1,0,0,0,0,1,0,0,0,0,1,0,0.0,7.107425474110705,0.0,4.948759890378168,0.0,7.215975002651466
0,39.0,0,359.0,0,1,1,1,0,0,0,0,1,0,0,0,0,0,1,2.302585092994046,2.9444389791664403,0.0,1.0986122886681096,6.778784897685177,6.811244378601294
1,20.0,1,448.0,0,7,0,0,0,0,1,0,0,0,0,0,0,1,0,0.0,0.0,0.0,0.0,0.0,0.0
1,20.0,1,448.0,0,7,0,0,0,0,1,0,0,0,0,0,0,1,0,0.0,0.0,0.0,0.0,0.0,0.0
0,19.0,0,134.0,0,7,0,0,0,0,1,0,1,0,0,0,1,0,0,0.0,0.0,0.0,0.0,0.0,0.0
0,20.0,0,134.0,0,7,0,1,0,0,1,0,0,0,0,0,1,0,0,6.315358001522335,2.1972245773362196,7.207118856207756,1.791759469228055,0.0,7.5569505720129
0,31.0,0,66.0,0,7,0,1,0,0,1,0,1,0,0,1,0,0,0,3.091042453358316,0.0,6.939253946041508,0.0,0.0,6.959398512133975
1,17.0,1,448.0,0,7,0,0,0,0,1,0,0,0,0,0,0,1,0,0.0,0.0,0.0,0.0,0.0,0.0
0,24.0,0,448.0,0,7,0,1,0,0,1,0,1,0,0,0,0,1,0,7.839525581704678,0.0,4.127134385045092,0.0,0.0,7.8632667240095735
0,27.0,0,449.0,0,1,1,1,0,0,0,0,1,0,0,0,0,1,0,5.318119993844216,6.29156913955832,0.0,0.0,0.0,6.610696044717759
0,28.0,1,83.0,1,2,0,1,0,1,0,0,0,0,1,0,0,0,0,0.0,5.093750200806762,6.60934924316738,8.225235324101668,4.605170185988092,8.462948176563842
1,41.0,1,83.0,1,2,0,0,0,1,0,0,1,0,1,0,0,0,0,0.0,0.0,0.0,0.0,0.0,0.0
1,25.0,1,28.0,1,1,1,0,0,1,0,0,0,0,0,0,0,0,0,0.0,0.0,0.0,0.0,0.0,0.0
0,26.0,1,439.0,1,1,1,1,0,0,0,1,0,0,0,0,0,1,0,4.543294782270004,0.0,6.152732694704104,0.0,0.0,6.333279628139691
0,27.0,0,451.0,0,1,1,1,0,0,0,0,1,0,0,0,0,1,0,6.186208623900494,7.01211529430638,6.826545223556594,0.0,0.6931471805599453,7.830822995135316
0,22.0,1,362.0,0,1,1,1,0,0,0,0,1,0,0,0,0,0,1,3.6635616461296463,6.182084906716632,4.394449154672439,3.8712010109078907,4.804021044733257,6.646390514847729
0,62.0,0,29.0,1,2,0,1,0,1,0,0,0,0,0,0,0,0,0,5.771441123130016,7.07326971745971,6.6293632534374485,8.516593011344206,4.454347296253507,8.900685318713995
0,58.0,0,29.0,1,2,0,1,0,1,0,0,1,0,0,0,0,0,0,1.0986122886681096,0.6931471805599453,2.70805020110221,1.0986122886681096,7.050989447068045,7.067319848653476
0,37.0,0,363.0,0,1,1,1,0,0,0,0,1,0,0,0,0,0,1,0.0,7.221835825288449,0.0,0.0,6.8679744089702925,7.753194269884341
0,54.0,0,359.0,1,1,1,1,0,0,0,0,1,0,0,0,0,0,1,6.553933404025811,3.4965075614664802,5.147494476813453,2.1972245773362196,0.0,6.816735880594968
0,26.0,0,455.0,0,1,1,1,0,0,0,0,1,0,0,0,0,1,0,0.0,2.3978952727983707,0.0,6.555356891810665,0.6931471805599453,6.570882962339584
1,44.0,1,75.0,0,2,0,0,0,1,0,0,0,0,1,0,0,0,0,0.0,0.0,0.0,0.0,0.0,0.0
1,34.0,1,75.0,0,2,0,0,0,1,0,0,1,0,1,0,0,0,0,0.0,0.0,0.0,0.0,0.0,0.0
1,47.0,1,360.0,1,1,1,0,0,0,0,0,1,0,0,0,0,0,1,0.0,0.0,0.0,0.0,0.0,0.0
0,27.0,1,76.0,0,2,0,1,0,1,0,0,1,0,1,0,0,0,0,0.0,8.114324709155339,0.0,4.394449154672439,6.484635235635252,8.312871394342615
1,22.0,1,66.0,0,2,0,0,0,1,0,0,0,1,0,0,0,0,0,0.0,0.0,0.0,0.0,0.0,0.0
1,46.0,1,364.0,0,1,1,0,0,0,0,0,1,0,0,0,0,0,1,0.0,0.0,0.0,0.0,0.0,0.0
0,29.0,1,441.0,1,1,1,1,0,0,0,0,1,0,0,0,0,1,0,0.0,0.0,6.786716950605081,0.0,0.0,6.786716950605081
0,43.0,0,365.0,0,1,1,1,0,0,0,0,0,0,0,0,0,0,1,6.186208623900494,1.6094379124341003,4.919980925828125,3.8918202981106265,0.0,6.513230110912307
0,42.0,0,456.0,0,1,1,1,0,0,0,0,1,0,0,0,0,1,0,0.0,0.0,3.4965075614664802,6.650279048587422,0.0,6.690842277418564
0,39.0,1,442.0,1,1,1,1,0,0,0,0,1,0,0,0,0,1,0,0.0,0.0,2.639057329615259,0.0,6.767343125265392,6.782192056006791
0,30.0,0,457.0,0,1,1,1,0,0,1,0,1,0,0,0,0,1,0,6.424869023905388,0.0,5.225746673713202,5.351858133476067,6.16541785423142,7.304515946460155
0,43.0,1,161.0,1,1,1,1,0,0,1,0,1,0,0,0,1,0,0,7.7488913372555315,0.0,6.473890696352274,4.406719247264253,0.0,8.021912778985708
1,19.0,0,366.0,0,1,1,0,0,0,0,0,1,0,0,0,0,0,1,0.0,0.0,0.0,0.0,0.0,0.0
1,26.0,1,458.0,0,1,1,0,0,0,1,0,1,0,0,0,0,1,0,0.0,0.0,0.0,0.0,0.0,0.0
0,46.0,1,459.0,0,1,1,1,0,0,1,0,1,0,0,0,0,1,0,5.147494476813453,0.0,7.1372784372603855,1.791759469228055,0.0,7.2682230211595655
0,3.0,1,367.0,0,3,0,0,1,0,0,0,1,0,0,0,0,0,1,0.0,0.0,0.0,0.0,0.0,0.0
1,21.0,1,933.5,1,3,0,0,0,0,0,0,0,0,0,0,0,1,0,0.0,0.0,0.0,0.0,0.0,0.0
0,1.0,1,367.0,0,3,0,0,1,0,0,0,1,0,0,0,0,0,1,0.0,0.0,0.0,0.0,0.0,0.0
0,22.0,0,162.0,1,1,1,1,0,0,0,0,1,0,0,0,1,0,0,0.0,0.0,0.0,2.3978952727983707,6.658011045870748,6.670766320845874
1,27.0,1,79.0,0,2,0,0,0,1,0,0,0,0,1,0,0,0,0,0.0,0.0,0.0,0.0,0.0,0.0
1,28.0,1,79.0,0,2,0,0,0,1,0,0,0,0,1,0,0,0,0,0.0,0.0,0.0,0.0,0.0,0.0
0,36.0,0,460.0,0,1,1,1,0,0,1,1,0,0,0,0,0,1,0,5.488937726156687,0.0,6.508769136971682,0.0,0.0,6.815639990074331
0,19.0,0,362.0,1,1,1,1,0,0,0,0,1,0,0,0,0,0,1,3.295836866004329,5.749392985908253,6.154858094016418,0.0,0.0,6.697034247666484
1,18.0,1,80.0,0,1,1,0,0,1,0,0,0,0,1,0,0,0,0,0.0,0.0,0.0,0.0,0.0,0.0
0,47.0,0,91.0,1,1,1,1,0,1,0,0,0,1,0,0,0,0,0,0.0,4.948759890378168,0.0,4.454347296253507,8.286773231131251,8.341886969516187
0,18.0,0,92.0,1,1,1,1,0,1,0,0,1,1,0,0,0,0,0,3.044522437723423,6.970730078143525,0.0,0.0,9.362546304865514,9.451559570017622
0,6.0,1,136.0,0,1,1,0,1,0,0,0,1,0,0,0,1,0,0,0.0,0.0,0.0,0.0,0.0,0.0
0,20.0,0,461.0,0,1,1,1,0,0,0,0,1,0,0,0,0,1,0,0.0,6.300785794663244,0.6931471805599453,0.0,5.937536205082426,6.828712071641684
0,18.0,0,463.0,0,1,1,1,0,0,1,0,1,0,0,0,0,1,0,5.572154032177765,5.713732805509369,7.028201432058005,8.349011198176003,0.0,8.685584842676693
0,37.0,0,464.0,0,1,1,1,0,0,0,0,1,0,0,0,0,1,0,0.0,0.6931471805599453,0.0,5.393627546352361,0.0,5.3981627015177525
0,22.0,0,163.0,1,1,1,1,0,0,0,0,1,0,0,0,1,0,0,2.5649493574615367,6.616065185132817,6.688354713946762,4.07753744390572,0.0,7.389563953677635
0,37.0,1,465.0,0,1,1,1,0,0,1,0,1,0,0,0,0,1,0,3.044522437723423,0.0,7.847762537473608,3.044522437723423,0.0,7.8632667240095735
0,6.0,0,365.0,1,3,0,0,1,0,0,0,0,0,0,0,0,0,1,0.0,0.0,0.0,0.0,0.0,0.0
0,36.0,0,365.0,1,3,0,1,0,0,0,0,1,0,0,0,0,0,1,1.3862943611198906,0.0,6.077642243349034,2.1972245773362196,5.627621113690637,6.584791392385716
0,46.0,0,445.0,1,3,0,1,0,0,0,0,0,0,0,0,0,1,0,6.056784013228625,3.6375861597263857,0.0,0.0,6.343880434126331,6.939253946041508
0,75.0,0,466.0,0,2,0,1,0,0,0,0,1,0,0,0,0,1,0,0.0,0.0,7.110696122978827,0.0,7.478734825567875,8.004365564979574
0,37.0,0,466.0,0,2,0,1,0,0,0,0,1,0,0,0,0,1,0,0.0,2.1972245773362196,4.2626798770413155,5.8888779583328805,5.556828061699537,6.546785410760524
1,22.0,1,369.0,0,1,1,0,0,0,0,0,1,0,0,0,0,0,1,0.0,0.0,0.0,0.0,0.0,0.0
0,33.0,0,467.0,0,1,1,1,0,0,0,1,0,0,0,0,0,1,0,5.602118820879701,6.023447592961033,0.6931471805599453,0.0,1.791759469228055,6.535241271013659
0,35.0,0,448.0,1,1,1,1,0,0,1,0,1,0,0,0,0,1,0,5.1647859739235145,0.0,5.945420608606575,0.0,4.143134726391533,6.42648845745769
0,19.0,0,81.0,0,2,0,1,0,1,0,0,0,0,1,0,0,0,0,0.0,0.0,0.0,0.0,9.011401509358791,9.011401509358791
0,34.0,0,81.0,0,2,0,1,0,1,0,0,0,0,1,0,0,0,0,0.0,3.1354942159291497,0.0,8.015987811027237,8.234564993267135,8.827468112520652
0,23.0,1,449.0,1,3,0,1,0,0,0,0,1,0,0,0,0,1,0,6.918695219020472,0.0,3.5263605246161616,2.3978952727983707,0.0,6.960347729101308
0,37.0,0,367.0,1,3,0,1,0,0,0,0,0,0,0,0,0,0,1,7.319202458767849,0.0,0.0,0.6931471805599453,0.0,7.31986492980897
0,24.0,0,449.0,1,3,0,1,0,0,0,0,0,0,0,0,0,1,0,7.221105098182496,0.0,0.6931471805599453,0.0,0.0,7.221835825288449
0,54.0,0,18.0,0,1,1,1,0,1,0,0,1,0,0,0,0,0,0,0.0,8.126222529458525,0.0,8.403800504061147,3.5553480614894135,8.971956271245688
0,52.0,1,468.0,0,1,1,1,0,0,1,0,0,0,0,0,0,1,0,7.228388451573604,0.0,3.4965075614664802,3.1354942159291497,0.0,7.266827347520591
1,60.0,0,368.0,1,1,1,0,0,0,0,0,1,0,0,0,0,0,1,0.0,0.0,0.0,0.0,0.0,0.0
0,1.0,1,82.0,0,6,0,0,1,1,0,0,1,0,1,0,0,0,0,0.0,0.0,0.0,0.0,0.0,0.0
0,27.0,1,82.0,0,6,0,0,0,1,0,0,1,0,1,0,0,0,0,0.0,0.0,0.0,0.0,0.0,0.0
0,22.0,0,82.0,0,6,0,1,0,1,0,0,1,0,1,0,0,0,0,0.0,5.697093486505405,1.3862943611198906,6.517671272912275,7.981049759665957,8.268988209506656
0,27.0,1,82.0,0,6,0,1,0,1,0,0,0,0,1,0,0,0,0,0.0,9.399140894867847,0.0,4.330733340286331,0.0,9.4053313318708
1,48.0,1,82.0,0,6,0,0,0,1,0,0,0,0,1,0,0,0,0,0.0,0.0,0.0,0.0,0.0,0.0
0,47.0,0,82.0,0,6,0,1,0,1,0,0,0,0,1,0,0,0,0,7.186144304522325,6.061456918928017,1.6094379124341003,3.2188758248682006,0.0,7.482681828154651
1,25.0,1,77.0,1,4,0,0,0,1,0,0,1,0,0,1,0,0,0,0.0,0.0,0.0,0.0,0.0,0.0
0,49.0,0,77.0,1,4,0,1,0,1,0,0,0,0,0,1,0,0,0,2.302585092994046,7.794411205726601,4.564348191467836,7.1308988302963465,5.1298987149230735,8.280964400553373
0,33.0,0,77.0,1,4,0,1,0,1,0,0,1,0,0,1,0,0,0,0.0,7.607381425639791,0.6931471805599453,9.118773178450692,1.6094379124341003,9.31847703058076
0,67.0,1,77.0,1,4,0,1,0,1,0,0,1,0,0,1,0,0,0,0.0,8.458716261657262,0.0,6.396929655216146,1.9459101490553132,8.579416534596369
1,5.0,0,371.0,0,1,1,0,1,0,0,1,0,0,0,0,0,0,1,0.0,0.0,0.0,0.0,0.0,0.0
1,60.0,1,68.0,0,4,0,0,0,1,0,0,0,0,0,1,0,0,0,0.0,0.0,0.0,0.0,0.0,0.0
1,56.0,1,68.0,0,4,0,0,0,1,0,0,1,0,0,1,0,0,0,0.0,0.0,0.0,0.0,0.0,0.0
0,59.0,0,68.0,0,4,0,1,0,1,0,0,1,0,0,1,0,0,0,0.0,7.701200180857446,0.0,8.315321775377567,2.4849066497880004,8.749415406663651
1,44.0,1,68.0,0,4,0,0,0,1,0,0,1,0,0,1,0,0,0,0.0,0.0,0.0,0.0,0.0,0.0
0,33.0,0,372.0,0,1,1,1,0,0,0,0,1,0,0,0,0,0,1,0.0,6.638567789166521,0.6931471805599453,4.204692619390966,4.442651256490317,6.818924065275521
1,28.0,0,369.0,1,1,1,0,0,0,0,0,1,0,0,0,0,0,1,0.0,0.0,0.0,0.0,0.0,0.0
0,29.0,0,469.0,0,1,1,1,0,0,1,0,1,0,0,0,0,1,0,7.2196420401307355,0.0,6.674561391814426,5.351858133476067,0.0,7.769378609513984
1,13.0,0,370.0,1,1,1,0,1,0,0,0,1,0,0,0,0,0,1,0.0,0.0,0.0,0.0,0.0,0.0
1,34.0,1,67.0,0,1,1,0,0,1,0,0,0,1,0,0,0,0,0,0.0,0.0,0.0,0.0,0.0,0.0
1,45.0,1,371.0,1,1,1,0,0,0,0,1,0,0,0,0,0,0,1,0.0,0.0,0.0,0.0,0.0,0.0
0,39.0,0,372.0,1,1,1,1,0,0,0,0,1,0,0,0,0,0,1,0.0,6.12029741895095,0.0,6.12029741895095,0.0,6.812345094177479
0,18.0,0,470.0,0,1,1,1,0,0,0,0,1,0,0,0,0,1,0,4.859812404361672,3.6375861597263857,6.440946540632921,0.0,1.791759469228055,6.680854678790215
1,57.0,0,373.0,0,1,1,0,0,0,0,1,0,0,0,0,0,0,1,0.0,0.0,0.0,0.0,0.0,0.0
0,27.0,0,450.0,1,1,1,1,0,0,0,0,0,0,0,0,0,1,0,0.0,6.634633357861686,0.0,3.091042453358316,3.1780538303479458,6.690842277418564
1,25.0,1,373.0,1,1,1,0,0,0,0,1,0,0,0,0,0,0,1,0.0,0.0,0.0,0.0,0.0,0.0
1,22.0,0,374.0,1,1,1,0,0,0,0,1,0,0,0,0,0,0,1,0.0,0.0,0.0,0.0,0.0,0.0
0,32.0,1,68.0,0,1,1,1,0,1,0,0,1,1,0,0,0,0,0,0.0,8.320448113956559,5.963579343618446,6.794586580876499,1.0986122886681096,8.592115117933497
1,29.0,1,472.0,0,1,1,0,0,0,1,0,1,0,0,0,0,1,0,0.0,0.0,0.0,0.0,0.0,0.0
0,21.0,0,453.0,1,1,1,1,0,0,0,0,1,0,0,0,0,1,0,6.322565239927284,0.0,3.044522437723423,7.371489295214277,0.0,7.680637427560936
0,16.0,0,137.0,0,1,1,0,0,0,1,0,1,0,0,0,1,0,0,0.0,0.0,0.0,0.0,0.0,0.0
1,45.0,1,30.0,1,2,0,0,0,1,0,0,0,0,0,0,0,0,0,0.0,0.0,0.0,0.0,0.0,0.0
0,44.0,0,30.0,1,2,0,1,0,1,0,0,1,0,0,0,0,0,0,7.251344983372214,6.814542897259958,2.8903717578961645,7.2813856635702825,8.23827262463303,8.932080438103307
1,27.0,1,376.0,0,2,0,0,0,0,0,0,0,0,0,0,0,0,1,0.0,0.0,0.0,0.0,0.0,0.0
0,26.0,0,474.0,0,2,0,1,0,0,0,0,1,0,0,0,0,1,0,2.70805020110221,0.0,0.0,6.754604099487962,0.0,6.77078942390898
0,46.0,0,475.0,0,1,1,1,0,0,1,0,1,0,0,0,0,1,0,7.1631723908466425,0.0,4.060443010546419,0.0,0.0,7.206377291472252
0,24.0,0,454.0,1,1,1,1,0,0,0,1,0,0,0,0,0,1,0,0.0,0.0,6.47543271670409,0.0,0.0,6.47543271670409
0,15.0,1,455.0,1,1,1,1,0,0,0,0,1,0,0,0,0,1,0,0.0,6.666956792429207,0.0,0.0,0.0,6.666956792429207
1,53.0,0,378.0,1,1,1,0,0,0,0,1,0,0,0,0,0,0,1,0.0,0.0,0.0,0.0,0.0,0.0
0,28.0,0,477.0,0,7,0,1,0,0,0,0,0,0,0,0,0,1,0,6.419994928147142,3.1354942159291497,0.0,0.0,0.0,6.455198563340122
1,11.0,1,377.0,0,7,0,0,1,0,0,0,1,0,0,0,0,0,1,0.0,0.0,0.0,0.0,0.0,0.0
1,7.0,0,377.0,0,7,0,0,1,0,0,0,1,0,0,0,0,0,1,0.0,0.0,0.0,0.0,0.0,0.0
1,0.0,1,377.0,0,7,0,0,1,0,0,1,0,0,0,0,0,0,1,0.0,0.0,0.0,0.0,0.0,0.0
1,15.0,1,377.0,0,7,0,0,0,0,0,0,0,0,0,0,0,0,1,0.0,0.0,0.0,0.0,0.0,0.0
0,31.0,0,377.0,0,7,0,1,0,0,0,0,0,0,0,0,0,0,1,0.6931471805599453,0.0,1.0986122886681096,6.406879986069314,0.0,6.411818267709897
0,9.0,0,377.0,0,7,0,0,1,0,0,0,1,0,0,0,0,0,1,0.0,0.0,0.0,0.0,0.0,0.0
0,44.0,0,78.0,1,1,1,1,0,1,0,0,0,0,0,1,0,0,0,0.0,7.1098794630722715,4.3694478524670215,7.257707677160043,7.122866658599083,8.28374674710613
0,35.0,0,379.0,1,1,1,1,0,0,0,0,1,0,0,0,0,0,1,0.0,6.583409222158765,0.0,0.0,5.225746673713202,6.811244378601294
0,30.0,1,380.0,1,2,0,1,0,0,0,0,1,0,0,0,0,0,1,3.332204510175204,8.596558746796978,4.465908118654584,0.0,0.0,8.617219505483362
0,13.0,0,457.0,1,2,0,1,1,0,0,0,0,0,0,0,0,1,0,6.78105762593618,0.0,0.0,0.0,0.0,6.78105762593618
0,45.0,0,80.0,1,3,0,1,0,0,1,0,1,0,0,1,0,0,0,6.651571873589727,4.418840607796598,0.0,1.9459101490553132,0.0,6.759255270663693
1,4.0,1,80.0,1,3,0,0,1,0,1,0,1,0,0,1,0,0,0,0.0,0.0,0.0,0.0,0.0,0.0
1,21.0,1,80.0,1,3,0,0,0,0,1,0,1,0,0,1,0,0,0,0.0,0.0,0.0,0.0,0.0,0.0
0,20.0,0,139.0,0,1,1,1,0,0,0,0,1,0,0,0,1,0,0,0.0,6.016157159698354,6.902742737158593,5.375278407684165,0.0,7.389563953677635
1,24.0,1,379.0,0,1,1,0,0,0,0,0,1,0,0,0,0,0,1,0.0,0.0,0.0,0.0,0.0,0.0
1,3.0,0,380.0,0,2,0,0,1,0,0,1,0,0,0,0,0,0,1,0.0,0.0,0.0,0.0,0.0,0.0
0,29.0,1,481.0,0,2,0,1,0,0,0,0,1,0,0,0,0,1,0,0.0,0.0,6.675823221634848,0.0,0.0,6.675823221634848
0,28.0,1,85.0,1,1,1,1,0,1,0,0,1,0,1,0,0,0,0,7.790282380703483,9.096835671179361,3.7376696182833684,0.6931471805599453,6.137727054086234,9.37982994995476
0,44.0,1,381.0,0,1,1,1,0,0,0,0,1,0,0,0,0,0,1,0.0,1.6094379124341003,1.9459101490553132,6.762729506931879,3.5263605246161616,6.811244378601294
1,50.0,1,71.0,0,1,1,0,0,1,0,0,1,0,0,1,0,0,0,0.0,0.0,0.0,0.0,0.0,0.0
1,35.0,0,482.0,0,1,1,0,0,0,1,0,1,0,0,0,0,1,0,0.0,0.0,0.0,0.0,0.0,0.0
0,19.0,0,483.0,0,1,1,1,0,0,0,0,1,0,0,0,0,1,0,0.0,0.0,0.6931471805599453,6.4692503167957724,0.0,6.470799503782602
0,22.0,0,141.0,0,1,1,1,0,0,1,0,1,0,0,0,1,0,0,6.363028103540465,0.0,5.5909869805108565,0.0,4.6913478822291435,6.86171134048073
0,30.0,0,484.0,0,1,1,1,0,0,0,0,1,0,0,0,0,1,0,1.3862943611198906,0.0,6.78105762593618,0.0,3.713572066704308,6.828712071641684
0,36.0,0,81.0,1,1,1,1,0,1,0,0,1,0,0,1,0,0,0,0.0,8.467372496432281,0.0,8.964311948124514,4.574710978503383,9.447071196798909
0,20.0,1,166.0,1,1,1,1,0,0,1,0,1,0,0,0,1,0,0,6.142037405587356,0.0,7.267525427828172,0.0,0.0,7.5480289699350145
0,22.0,1,383.0,0,1,1,1,0,0,0,0,0,0,0,0,0,0,1,0.0,0.0,6.492239835020471,4.553876891600541,0.0,6.625392368007956
0,22.0,0,459.0,1,1,1,1,0,0,0,0,0,0,0,0,0,1,0,0.0,3.4339872044851463,0.0,0.0,6.513230110912307,6.556778356158042
1,32.0,1,83.0,0,1,1,0,0,1,0,1,0,0,1,0,0,0,0,0.0,0.0,0.0,0.0,0.0,0.0
0,35.0,0,487.0,0,1,1,1,0,0,0,0,1,0,0,0,0,1,0,5.272999558563747,0.0,6.520621127558696,0.0,0.0,6.771935555839602
0,41.0,0,488.0,0,1,1,1,0,0,0,0,0,0,0,0,0,1,0,0.0,3.5263605246161616,0.0,7.1891677384203225,0.0,7.213768308118642
1,57.0,0,383.0,1,7,0,0,0,0,0,0,1,0,0,0,0,0,1,0.0,0.0,0.0,0.0,0.0,0.0
1,3.0,0,383.0,1,7,0,0,1,0,0,1,0,0,0,0,0,0,1,0.0,0.0,0.0,0.0,0.0,0.0
0,11.0,1,383.0,1,7,0,0,1,0,0,0,0,0,0,0,0,0,1,0.0,0.0,0.0,0.0,0.0,0.0
0,4.0,1,383.0,1,7,0,0,1,0,0,0,1,0,0,0,0,0,1,0.0,0.0,0.0,0.0,0.0,0.0
1,17.0,0,383.0,1,7,0,0,0,0,0,0,1,0,0,0,0,0,1,0.0,0.0,0.0,0.0,0.0,0.0
0,30.0,0,383.0,1,7,0,0,0,0,0,0,1,0,0,0,0,0,1,0.0,0.0,0.0,0.0,0.0,0.0
1,11.0,1,933.5,1,7,0,0,1,0,0,0,1,0,0,0,0,1,0,0.0,0.0,0.0,0.0,0.0,0.0
0,23.0,0,461.0,1,1,1,1,0,0,1,0,1,0,0,0,0,1,0,7.480992162869525,0.0,4.3694478524670215,0.0,1.3862943611198906,7.5256399750415355
0,58.0,1,142.0,0,1,1,1,0,0,0,0,1,0,0,0,1,0,0,0.0,5.993961427306569,0.0,6.53813982376767,6.19644412779452,7.3658128372094716
0,22.0,0,384.0,1,1,1,1,0,0,0,0,1,0,0,0,0,0,1,0.0,3.8501476017100584,0.0,6.517671272912275,0.0,6.583409222158765
0,24.0,0,385.0,0,1,1,1,0,0,0,0,1,0,0,0,0,0,1,0.0,0.0,0.0,4.0943445622221,8.323851131338817,8.338066525518801
0,20.0,0,143.0,0,1,1,1,0,0,0,0,1,0,0,0,1,0,0,6.645090969505644,2.995732273553991,0.0,0.6931471805599453,0.0,6.670766320845874
1,37.0,1,386.0,0,1,1,0,0,0,0,0,1,0,0,0,0,0,1,0.0,0.0,0.0,0.0,0.0,0.0
0,49.0,0,387.0,0,1,1,1,0,0,0,0,1,0,0,0,0,0,1,6.569481420414296,0.6931471805599453,0.0,0.0,0.0,6.570882962339584
0,46.0,0,168.0,1,2,0,1,0,0,0,0,1,0,0,0,1,0,0,0.0,6.324358962381311,0.0,5.662960480135946,6.661854740545311,7.3938782901077555
0,30.0,0,386.0,1,2,0,1,0,0,0,0,1,0,0,0,0,0,1,6.75110146893676,0.0,3.4339872044851463,0.0,0.0,6.785587645007929
0,36.0,0,387.0,1,1,1,1,0,0,0,0,0,0,0,0,0,0,1,0.0,6.698268054115413,0.0,0.0,0.0,6.698268054115413
0,21.0,0,490.0,0,1,1,1,0,0,0,0,1,0,0,0,0,1,0,0.0,6.660575149839686,3.8066624897703196,0.0,1.791759469228055,6.721425700790643
0,25.0,0,169.0,1,1,1,1,0,0,1,0,1,0,0,0,1,0,0,6.75110146893676,0.0,5.768320995793772,0.0,0.0,7.068172000388042
1,42.0,1,388.0,0,1,1,0,0,0,0,1,0,0,0,0,0,0,1,0.0,0.0,0.0,0.0,0.0,0.0
1,13.0,0,389.0,0,1,1,0,1,0,0,0,1,0,0,0,0,0,1,0.0,0.0,0.0,0.0,0.0,0.0
0,25.0,0,388.0,1,1,1,1,0,0,0,0,1,0,0,0,0,0,1,2.0794415416798357,0.0,0.0,6.777646593635117,0.0,6.785587645007929
0,29.0,0,86.0,1,4,0,1,0,1,0,0,1,0,1,0,0,0,0,0.0,6.300785794663244,2.0794415416798357,7.8826922062890254,7.3537223303996315,8.46863300080086
1,17.0,1,86.0,1,4,0,0,0,1,0,0,1,0,1,0,0,0,0,0.0,0.0,0.0,0.0,0.0,0.0
0,36.0,1,86.0,1,4,0,1,0,1,0,0,0,0,1,0,0,0,0,6.720220155135295,8.622273667866745,4.875197323201151,3.8712010109078907,7.066466970136958,8.952864141581468
1,44.0,1,86.0,1,4,0,0,0,1,0,0,1,0,1,0,0,0,0,0.0,0.0,0.0,0.0,0.0,0.0
1,18.0,1,465.0,1,1,1,0,0,0,1,0,1,0,0,0,0,1,0,0.0,0.0,0.0,0.0,0.0,0.0
0,22.0,0,492.0,0,2,0,1,0,0,0,0,0,0,0,0,0,1,0,5.680172609017068,5.981414211254481,0.0,0.0,1.3862943611198906,6.53813982376767
1,22.0,1,390.0,0,2,0,0,0,0,0,0,1,0,0,0,0,0,1,0.0,0.0,0.0,0.0,0.0,0.0
1,43.0,1,391.0,0,1,1,0,0,0,0,0,1,0,0,0,0,0,1,0.0,0.0,0.0,0.0,0.0,0.0
0,29.0,1,493.0,0,1,1,1,0,0,0,0,1,0,0,0,0,1,0,2.995732273553991,7.65728279297819,2.8903717578961645,0.0,0.0,7.674152921281675
1,24.0,1,392.0,0,1,1,0,0,0,0,0,1,0,0,0,0,0,1,0.0,0.0,0.0,0.0,0.0,0.0
1,18.0,1,390.0,1,1,1,0,0,0,0,1,0,0,0,0,0,0,1,0.0,0.0,0.0,0.0,0.0,0.0
0,42.0,0,1.0,0,1,1,1,0,1,0,0,1,0,0,1,0,0,0,0.0,7.512071245835466,1.0986122886681096,8.050065422915965,7.803026643632217,8.91085558740525
0,43.0,0,391.0,1,1,1,1,0,0,0,0,1,0,0,0,0,0,1,2.302585092994046,0.0,6.984716320118265,0.0,6.593044534142437,7.505492274737424
0,32.0,0,393.0,0,1,1,1,0,0,0,0,1,0,0,0,0,0,1,2.4849066497880004,3.4657359027997265,0.0,6.729824070489475,2.302585092994046,6.78897174299217
1,15.0,1,394.0,0,1,1,0,0,0,0,0,1,0,0,0,0,0,1,0.0,0.0,0.0,0.0,0.0,0.0
0,22.0,1,145.0,0,1,1,0,0,0,1,0,1,0,0,0,1,0,0,0.0,0.0,0.0,0.0,0.0,0.0
1,20.0,0,395.0,0,1,1,0,0,0,0,0,1,0,0,0,0,0,1,0.0,0.0,0.0,0.0,0.0,0.0
0,34.0,1,393.0,1,1,1,1,0,0,0,0,1,0,0,0,0,0,1,3.5553480614894135,5.4116460518550396,7.352441100243583,0.0,0.0,7.504942068396171
1,70.0,1,466.0,1,2,0,0,0,0,1,0,1,0,0,0,0,1,0,0.0,0.0,0.0,0.0,0.0,0.0
1,18.0,1,466.0,1,2,0,0,0,0,1,0,1,0,0,0,0,1,0,0.0,0.0,0.0,0.0,0.0,0.0
1,26.0,1,94.0,1,1,1,0,0,1,0,0,1,1,0,0,0,0,0,0.0,0.0,0.0,0.0,0.0,0.0
0,17.0,0,497.0,0,1,1,1,0,0,0,0,1,0,0,0,0,1,0,4.727387818712341,4.04305126783455,5.808142489980444,0.0,6.408528791059498,7.009408932708637
0,13.0,0,498.0,0,1,1,1,1,0,0,0,1,0,0,0,0,1,0,0.0,1.0986122886681096,0.0,6.340359303727752,5.342334251964811,6.655440350367647
0,19.0,0,499.0,0,1,1,1,0,0,0,0,1,0,0,0,0,1,0,0.0,0.0,4.382026634673881,0.0,0.0,4.382026634673881
1,32.0,1,84.0,0,1,1,0,0,1,0,0,1,0,1,0,0,0,0,0.0,0.0,0.0,0.0,0.0,0.0
0,33.0,0,467.0,1,1,1,1,0,0,0,0,1,0,0,0,0,1,0,1.6094379124341003,0.0,3.367295829986474,0.0,7.922261058353247,7.933796874815411
0,21.0,0,501.0,0,1,1,1,0,0,0,0,1,0,0,0,0,1,0,6.633318433280377,0.0,0.0,0.0,3.713572066704308,6.684611727667927
1,23.0,1,503.0,0,1,1,0,0,0,1,0,1,0,0,0,0,1,0,0.0,0.0,0.0,0.0,0.0,0.0
0,24.0,1,504.0,0,1,1,1,0,0,0,0,1,0,0,0,0,1,0,5.429345628954441,6.2878585601617845,2.639057329615259,0.0,0.0,6.656726524178391
0,17.0,0,468.0,1,1,1,1,0,0,0,0,0,0,0,0,0,1,0,0.0,2.4849066497880004,6.202535517187923,0.0,5.921578419643816,6.776506992372183
1,34.0,1,505.0,0,1,1,0,0,0,1,0,1,0,0,0,0,1,0,0.0,0.0,0.0,0.0,0.0,0.0
0,31.0,0,72.0,0,1,1,1,0,0,0,0,1,0,0,1,0,0,0,7.285506548522786,6.045005314036012,4.343805421853684,0.0,0.0,7.578656850594762
0,43.0,0,506.0,0,1,1,1,0,0,0,0,0,0,0,0,0,1,0,1.9459101490553132,5.4680601411351315,1.3862943611198906,6.1070228877422545,4.007333185232471,6.617402977974478
0,43.0,0,170.0,1,1,1,1,0,0,0,0,1,0,0,0,1,0,0,6.401917196727186,1.3862943611198906,3.332204510175204,4.499809670330265,4.248495242049359,6.673297967767654
0,33.0,1,507.0,0,1,1,1,0,0,0,0,1,0,0,0,0,1,0,0.0,0.0,6.495265555937008,0.0,4.553876891600541,6.628041376179533
1,28.0,1,508.0,0,3,0,0,0,0,1,0,1,0,0,0,0,1,0,0.0,0.0,0.0,0.0,0.0,0.0
1,27.0,0,146.0,0,3,0,0,0,0,1,0,1,0,0,0,1,0,0,0.0,0.0,0.0,0.0,0.0,0.0
1,7.0,1,508.0,0,3,0,0,1,0,1,0,1,0,0,0,0,1,0,0.0,0.0,0.0,0.0,0.0,0.0
1,16.0,0,395.0,1,1,1,0,0,0,0,1,0,0,0,0,0,0,1,0.0,0.0,0.0,0.0,0.0,0.0
0,42.0,0,470.0,1,1,1,1,0,0,0,0,0,0,0,0,0,1,0,6.267200548541362,1.0986122886681096,3.367295829986474,5.087596335232384,0.0,6.576469569048224
1,27.0,1,147.0,0,1,1,0,0,0,1,0,1,0,0,0,1,0,0,0.0,0.0,0.0,0.0,0.0,0.0
0,19.0,0,510.0,0,1,1,1,0,0,0,0,1,0,0,0,0,1,0,0.0,0.0,0.0,5.062595033026967,6.4692503167957724,6.687108607866515
0,42.0,0,471.0,1,1,1,1,0,0,1,0,1,0,0,0,0,1,0,6.318968113746434,0.0,7.063903961472068,0.0,5.62040086571715,7.599901959208498
1,13.0,0,399.0,0,1,1,0,1,0,0,1,0,0,0,0,0,0,1,0.0,0.0,0.0,0.0,0.0,0.0
1,16.0,1,400.0,0,1,1,0,0,0,0,0,1,0,0,0,0,0,1,0.0,0.0,0.0,0.0,0.0,0.0
0,21.0,1,511.0,0,1,1,1,0,0,0,0,1,0,0,0,0,1,0,3.4657359027997265,4.543294782270004,6.361302477572996,0.0,0.0,6.555356891810665
1,28.0,1,402.0,0,1,1,0,0,0,0,1,0,0,0,0,0,0,1,0.0,0.0,0.0,0.0,0.0,0.0
1,69.0,0,396.0,1,1,1,0,0,0,0,0,1,0,0,0,0,0,1,0.0,0.0,0.0,0.0,0.0,0.0
1,15.0,0,397.0,1,1,1,0,0,0,0,1,0,0,0,0,0,0,1,0.0,0.0,0.0,0.0,0.0,0.0
0,48.0,0,171.0,1,1,1,1,0,0,0,0,1,0,0,0,1,0,0,4.07753744390572,0.0,2.5649493574615367,0.0,0.0,4.2626798770413155
0,42.0,0,472.0,1,1,1,1,0,0,0,0,1,0,0,0,0,1,0,0.0,0.6931471805599453,4.127134385045092,6.8001700683022,0.0,6.866933284461882
0,42.0,0,83.0,1,1,1,1,0,0,1,0,1,0,0,1,0,0,0,6.907755278982137,0.0,3.912023005428146,0.0,2.4849066497880004,6.966024187106113
0,23.0,0,398.0,1,2,0,1,0,0,0,0,1,0,0,0,0,0,1,4.941642422609304,0.0,0.0,6.342121418721152,0.0,6.561030665896573
0,26.0,0,398.0,1,2,0,1,0,0,0,0,1,0,0,0,0,0,1,0.0,0.0,0.0,6.298949246855942,0.0,6.298949246855942
0,45.0,0,403.0,0,1,1,1,0,0,0,0,1,0,0,0,0,0,1,0.0,0.0,6.111467339502679,4.553876891600541,5.8998973535824915,6.812345094177479
0,30.0,0,173.0,1,1,1,1,0,0,0,0,1,0,0,0,1,0,0,6.6293632534374485,1.6094379124341003,3.4339872044851463,0.0,0.0,6.673297967767654
1,36.0,1,475.0,1,1,1,0,0,0,1,0,1,0,0,0,0,1,0,0.0,0.0,0.0,0.0,0.0,0.0
0,27.0,0,85.0,0,1,1,1,0,1,0,0,1,0,1,0,0,0,0,0.0,3.332204510175204,0.0,8.181440695719374,8.200837258379849,8.887928819003305
0,35.0,0,512.0,0,1,1,1,0,0,0,0,1,0,0,0,0,1,0,0.0,0.0,0.6931471805599453,0.0,7.142827401161621,7.143617602704121
1,21.0,1,86.0,0,2,0,0,0,1,0,0,1,0,1,0,0,0,0,0.0,0.0,0.0,0.0,0.0,0.0
1,50.0,1,86.0,0,2,0,0,0,1,0,0,0,0,1,0,0,0,0,0.0,0.0,0.0,0.0,0.0,0.0
1,52.0,0,404.0,0,1,1,0,0,0,0,0,1,0,0,0,0,0,1,0.0,0.0,0.0,0.0,0.0,0.0
1,21.0,0,933.5,1,1,1,0,0,0,0,1,0,0,0,0,0,1,0,0.0,0.0,0.0,0.0,0.0,0.0
0,41.0,0,476.0,1,1,1,1,0,0,0,0,0,0,0,0,0,1,0,6.52649485957079,0.0,0.0,0.0,2.8903717578961645,6.551080335043404
0,35.0,0,477.0,1,1,1,1,0,0,0,0,0,0,0,0,0,1,0,7.861341795599989,5.278114659230518,0.0,0.0,0.0,7.933796874815411
0,26.0,0,513.0,0,2,0,1,0,0,0,0,1,0,0,0,0,1,0,6.315358001522335,5.262690188904886,3.4339872044851463,0.0,0.6931471805599453,6.654152520183219
0,17.0,0,513.0,0,2,0,1,0,0,0,0,1,0,0,0,0,1,0,6.371611847231857,6.6052979209482015,4.007333185232471,0.0,6.432940092739179,7.599901959208498
0,69.0,0,85.0,1,1,1,1,0,0,1,0,1,0,0,1,0,0,0,8.40827078419205,0.0,6.26530121273771,0.0,6.2166061010848646,8.614138397472717
1,27.0,1,72.0,0,1,1,0,0,1,0,0,1,1,0,0,0,0,0,0.0,0.0,0.0,0.0,0.0,0.0
0,25.0,0,401.0,1,1,1,1,0,0,0,1,0,0,0,0,0,0,1,1.0986122886681096,7.924072324923417,6.315358001522335,0.0,7.238496840894365,8.457018468380168
1,27.0,1,480.0,1,1,1,0,0,0,1,0,1,0,0,0,0,1,0,0.0,0.0,0.0,0.0,0.0,0.0
0,25.0,0,481.0,1,1,1,1,0,0,0,0,1,0,0,0,0,1,0,4.174387269895637,0.0,0.0,6.493753839851687,0.0,6.586171654854675
0,36.0,0,933.5,1,1,1,1,0,0,0,0,0,0,0,0,0,1,0,0.0,0.0,0.0,3.5263605246161616,6.429719478039138,6.481577129276431
0,14.0,0,176.0,1,1,1,1,1,0,0,0,1,0,0,0,1,0,0,5.003946305945459,0.0,3.5553480614894135,6.695798917058491,0.0,6.898714534329988
1,27.0,1,89.0,1,1,1,0,0,1,0,0,0,0,1,0,0,0,0,0.0,0.0,0.0,0.0,0.0,0.0
0,22.0,0,403.0,1,1,1,1,0,0,0,0,1,0,0,0,0,0,1,5.60947179518496,3.8066624897703196,0.0,6.970730078143525,6.037870919922137,7.494986233950533
0,24.0,0,404.0,1,1,1,1,0,0,0,0,1,0,0,0,0,0,1,6.773080375655535,2.5649493574615367,0.6931471805599453,0.0,1.3862943611198906,6.7912214627261855
0,27.0,0,516.0,0,2,0,1,0,0,1,0,1,0,0,0,0,1,0,5.7430031878094825,0.0,6.61472560020376,5.4510384535657,0.0,7.161622002939187
0,4.0,1,516.0,0,2,0,0,1,0,1,0,1,0,0,0,0,1,0,0.0,0.0,0.0,0.0,0.0,0.0
0,19.0,0,149.0,0,2,0,1,0,0,0,0,1,0,0,0,1,0,0,0.0,2.639057329615259,5.676753802268282,6.1779441140506,1.0986122886681096,6.669498089857879
0,19.0,0,149.0,0,2,0,1,0,0,0,0,1,0,0,0,1,0,0,0.0,1.791759469228055,1.6094379124341003,6.295266001439646,5.476463551931511,6.670766320845874
0,38.0,0,19.0,0,3,0,1,0,1,0,0,0,0,0,0,0,0,0,0.0,7.826842098158293,3.8501476017100584,9.305832353435404,1.791759469228055,9.51480581246231
1,39.0,1,19.0,0,3,0,0,0,1,0,0,0,0,0,0,0,0,0,0.0,0.0,0.0,0.0,0.0,0.0
0,23.0,0,19.0,0,3,0,1,0,1,0,0,0,0,0,0,0,0,0,3.6109179126442243,7.811163385025279,0.0,5.945420608606575,6.6895992691789665,8.212839584676484
1,57.0,1,86.0,1,2,0,0,0,1,0,0,0,0,0,1,0,0,0,0.0,0.0,0.0,0.0,0.0,0.0
1,18.0,1,86.0,1,2,0,0,0,1,0,0,1,0,0,1,0,0,0,0.0,0.0,0.0,0.0,0.0,0.0
0,43.0,0,483.0,1,1,1,1,0,0,0,0,1,0,0,0,0,1,0,0.0,2.302585092994046,7.044032897274685,0.0,0.0,7.051855622955894
0,28.0,1,517.0,0,1,1,1,0,0,1,0,1,0,0,0,0,1,0,3.5553480614894135,0.0,7.202661196523238,4.5217885770490405,0.0,7.291656209174461
0,33.0,0,91.0,1,2,0,1,0,1,0,0,0,0,1,0,0,0,0,0.0,9.077951183930438,0.0,7.933438387627489,8.414938957377482,9.684149252062896
1,37.0,1,91.0,1,2,0,0,0,1,0,0,0,0,1,0,0,0,0,0.0,0.0,0.0,0.0,0.0,0.0
0,28.0,0,933.5,1,1,1,1,0,0,0,0,1,0,0,0,0,1,0,0.0,4.02535169073515,0.0,6.487684018484611,0.0,6.568077911411976
0,28.0,0,96.0,1,2,0,1,0,1,0,0,0,1,0,0,0,0,0,1.0986122886681096,7.6708948313621175,0.0,6.077642243349034,8.67812085552252,9.042394981126735
1,18.0,1,96.0,1,2,0,0,0,1,0,0,0,1,0,0,0,0,0,0.0,0.0,0.0,0.0,0.0,0.0
0,29.0,0,406.0,0,1,1,1,0,0,0,0,0,0,0,0,0,0,1,4.330733340286331,2.8903717578961645,0.0,5.356586274672012,6.2285110035911835,6.697034247666484
1,29.0,1,87.0,0,2,0,0,0,1,0,0,1,0,1,0,0,0,0,0.0,0.0,0.0,0.0,0.0,0.0
1,28.0,1,87.0,0,2,0,0,0,1,0,0,0,0,1,0,0,0,0,0.0,0.0,0.0,0.0,0.0,0.0
0,24.0,1,485.0,1,1,1,1,0,0,0,0,1,0,0,0,0,1,0,5.153291594497779,6.654152520183219,5.84354441703136,0.0,0.0,7.163946684342547
0,59.0,0,88.0,0,1,1,1,0,1,0,0,1,0,1,0,0,0,0,0.0,8.5956346177228,0.0,5.655991810819852,7.035268599281097,8.828787083914332
1,43.0,0,151.0,0,1,1,0,0,0,1,0,1,0,0,0,1,0,0,0.0,0.0,0.0,0.0,0.0,0.0
1,20.0,1,520.0,0,1,1,0,0,0,1,0,1,0,0,0,0,1,0,0.0,0.0,0.0,0.0,0.0,0.0
1,23.0,1,73.0,0,1,1,0,0,1,0,0,0,1,0,0,0,0,0,0.0,0.0,0.0,0.0,0.0,0.0
1,27.0,1,74.0,0,1,1,0,0,1,0,0,0,0,0,1,0,0,0,0.0,0.0,0.0,0.0,0.0,0.0
1,38.0,1,74.0,0,1,1,0,0,1,0,0,0,1,0,0,0,0,0,0.0,0.0,0.0,0.0,0.0,0.0
1,38.0,1,405.0,1,1,1,0,0,0,0,1,0,0,0,0,0,0,1,0.0,0.0,0.0,0.0,0.0,0.0
0,48.0,1,487.0,1,1,1,1,0,0,1,0,1,0,0,0,0,1,0,6.461468176353717,6.023447592961033,4.709530201312334,0.0,0.0,7.057897937411856
0,25.0,0,488.0,1,1,1,1,0,0,1,0,1,0,0,0,0,1,0,7.45876269238096,0.6931471805599453,5.247024072160486,0.6931471805599453,0.0,7.563200592358071
1,25.0,1,407.0,0,1,1,0,0,0,0,1,0,0,0,0,0,0,1,0.0,0.0,0.0,0.0,0.0,0.0
0,24.0,0,489.0,1,2,0,1,0,0,1,0,1,0,0,0,0,1,0,6.6039438246004725,3.6375861597263857,7.428333194190806,0.0,0.0,7.806696372521179
1,69.0,1,489.0,1,2,0,0,0,0,1,0,1,0,0,0,0,1,0,0.0,0.0,0.0,0.0,0.0,0.0
0,20.0,0,75.0,0,2,0,1,0,1,0,0,0,1,0,0,0,0,0,0.0,6.472346294500901,0.0,0.0,7.262628600974241,7.6362696033793735
1,18.0,1,75.0,0,2,0,0,0,1,0,0,0,1,0,0,0,0,0,0.0,0.0,0.0,0.0,0.0,0.0
1,28.0,0,409.0,0,1,1,0,0,0,0,0,1,0,0,0,0,0,1,0.0,0.0,0.0,0.0,0.0,0.0
0,23.0,1,152.0,0,1,1,1,0,0,0,1,0,0,0,0,1,0,0,0.0,2.302585092994046,5.680172609017068,3.58351893845611,5.857933154483459,6.530877627725885
0,24.0,0,177.0,1,1,1,1,0,0,1,0,1,0,0,0,1,0,0,5.846438775057724,0.0,6.113682179832232,0.0,6.368187186350492,7.229113877793302
0,44.0,0,77.0,0,1,1,1,0,1,0,0,1,1,0,0,0,0,0,0.0,7.301822342137932,4.852030263919617,7.349873704738337,7.1372784372603855,8.394347361417392
0,29.0,0,153.0,0,1,1,1,0,0,1,0,1,0,0,0,1,0,0,6.727431724850855,0.0,3.367295829986474,4.770684624465665,3.7376696182833684,6.928537818164665
0,6.0,1,97.0,1,2,0,0,1,1,0,0,0,1,0,0,0,0,0,0.0,0.0,0.0,0.0,0.0,0.0
0,42.0,0,97.0,1,2,0,1,0,1,0,0,1,1,0,0,0,0,0,3.7376696182833684,7.556427969440253,0.0,7.549609165154532,3.784189633918261,8.267705664762426
1,78.0,0,410.0,0,1,1,0,0,0,0,0,0,0,0,0,0,0,1,0.0,0.0,0.0,0.0,0.0,0.0
0,36.0,0,491.0,1,1,1,1,0,0,0,0,1,0,0,0,0,1,0,6.3080984415095305,5.19295685089021,3.2188758248682006,0.0,4.356708826689592,6.720220155135295
0,37.0,0,933.5,1,2,0,1,0,1,0,0,0,0,0,0,0,1,0,0.0,4.61512051684126,0.0,7.246368080102461,7.288244401020124,7.994632311431825
0,41.0,1,20.0,0,2,0,1,0,1,0,0,0,0,0,0,0,0,0,0.0,9.45798139489078,1.0986122886681096,7.950149887652018,7.323170717943469,9.750394646402302
0,18.0,0,407.0,1,1,1,1,0,0,0,0,1,0,0,0,0,0,1,6.748759547491679,3.8918202981106265,0.0,2.0794415416798357,0.0,6.811244378601294
0,62.0,0,522.0,0,3,0,1,0,0,1,0,1,0,0,0,0,1,0,7.416979621381154,0.0,3.1780538303479458,1.0986122886681096,2.5649493574615367,7.438971592395862
0,0.0,1,522.0,0,3,0,0,1,0,1,0,1,0,0,0,0,1,0,0.0,0.0,0.0,0.0,0.0,0.0
0,55.0,0,522.0,0,3,0,1,0,0,1,0,1,0,0,0,0,1,0,7.156176637480615,0.0,2.0794415416798357,0.6931471805599453,0.0,7.162397497355718
1,16.0,1,411.0,0,1,1,0,0,0,0,0,1,0,0,0,0,0,1,0.0,0.0,0.0,0.0,0.0,0.0
0,32.0,0,523.0,0,1,1,1,0,0,0,0,1,0,0,0,0,1,0,5.476463551931511,5.056245805348308,1.3862943611198906,1.0986122886681096,5.783825182329737,6.584791392385716
0,19.0,1,492.0,1,3,0,1,0,0,0,0,1,0,0,0,0,1,0,0.0,7.025538314638521,1.6094379124341003,0.0,0.0,7.029087564149662
0,7.0,1,408.0,1,3,0,0,1,0,0,0,0,0,0,0,0,0,1,0.0,0.0,0.0,0.0,0.0,0.0
0,4.0,1,408.0,1,3,0,0,1,0,0,0,0,0,0,0,0,0,1,0.0,0.0,0.0,0.0,0.0,0.0
1,30.0,1,87.0,1,1,1,0,0,1,0,0,1,0,0,1,0,0,0,0.0,0.0,0.0,0.0,0.0,0.0
1,24.0,1,78.0,0,2,0,0,0,1,0,0,0,1,0,0,0,0,0,0.0,0.0,0.0,0.0,0.0,0.0
1,34.0,1,78.0,0,2,0,0,0,1,0,0,1,1,0,0,0,0,0,0.0,0.0,0.0,0.0,0.0,0.0
1,30.0,1,92.0,1,1,1,0,0,1,0,0,1,0,1,0,0,0,0,0.0,0.0,0.0,0.0,0.0,0.0
0,3.0,1,525.0,0,4,0,0,1,0,1,0,1,0,0,0,0,1,0,0.0,0.0,0.0,0.0,0.0,0.0
0,32.0,1,525.0,0,4,0,0,0,0,1,0,1,0,0,0,0,1,0,0.0,0.0,0.0,0.0,0.0,0.0
0,55.0,1,525.0,0,4,0,1,0,0,1,0,1,0,0,0,0,1,0,6.0014148779611505,0.0,6.827629234502852,0.0,0.0,7.189922170745808
1,0.0,1,525.0,0,4,0,0,1,0,1,0,1,0,0,0,0,1,0,0.0,0.0,0.0,0.0,0.0,0.0
0,51.0,0,933.5,1,1,1,1,0,1,0,0,1,0,0,0,0,1,0,0.0,7.575584651557793,0.0,7.843848638152472,3.6888794541139363,8.420241665339788
1,0.0,1,412.0,0,3,0,0,1,0,0,1,0,0,0,0,0,0,1,0.0,0.0,0.0,0.0,0.0,0.0
0,21.0,0,412.0,0,3,0,1,0,0,0,0,1,0,0,0,0,0,1,6.78332520060396,0.0,0.0,0.0,0.0,6.78332520060396
0,2.0,0,412.0,0,3,0,0,1,0,0,0,1,0,0,0,0,0,1,0.0,0.0,0.0,0.0,0.0,0.0
0,19.0,0,178.0,1,1,1,1,0,0,0,0,1,0,0,0,1,0,0,5.272999558563747,3.8066624897703196,0.0,6.309918278226516,0.6931471805599453,6.670766320845874
1,24.0,1,526.0,0,2,0,0,0,0,1,0,1,0,0,0,0,1,0,0.0,0.0,0.0,0.0,0.0,0.0
0,20.0,0,526.0,0,2,0,1,0,0,1,0,1,0,0,0,0,1,0,7.8252452914317745,0.0,4.574710978503383,0.0,0.0,7.8628820346414905
0,42.0,1,179.0,1,1,1,1,0,1,0,0,1,0,0,0,1,0,0,1.0986122886681096,8.014666370464942,0.0,4.499809670330265,2.3978952727983707,8.047509510981422
1,17.0,1,527.0,0,2,0,0,0,0,1,0,1,0,0,0,0,1,0,0.0,0.0,0.0,0.0,0.0,0.0
0,32.0,0,155.0,0,2,0,1,0,0,1,0,1,0,0,0,1,0,0,6.395261598115449,0.0,4.9344739331306915,0.0,6.437751649736401,7.215975002651466
0,28.0,1,414.0,0,1,1,1,0,0,0,0,1,0,0,0,0,0,1,4.983606621708336,2.1972245773362196,6.324358962381311,0.0,4.31748811353631,6.665683717782408
1,21.0,1,93.0,1,2,0,0,0,1,0,0,0,0,1,0,0,0,0,0.0,0.0,0.0,0.0,0.0,0.0
1,56.0,1,93.0,1,2,0,0,0,1,0,0,0,0,1,0,0,0,0,0.0,0.0,0.0,0.0,0.0,0.0
1,28.0,1,90.0,0,1,1,0,0,1,0,0,0,0,1,0,0,0,0,0.0,0.0,0.0,0.0,0.0,0.0
0,42.0,0,496.0,1,1,1,1,0,0,0,0,1,0,0,0,0,1,0,2.3978952727983707,5.717027701406222,2.5649493574615367,0.0,6.171700597410915,6.6895992691789665
0,18.0,0,498.0,1,1,1,1,0,0,0,0,1,0,0,0,0,1,0,7.050989447068045,0.0,0.0,7.251344983372214,5.278114659230518,7.922261058353247
0,24.0,0,412.0,1,1,1,1,0,0,0,0,1,0,0,0,0,0,1,2.995732273553991,6.517671272912275,0.0,3.295836866004329,0.0,6.582025138892826
0,20.0,0,156.0,0,2,0,1,0,0,0,0,1,0,0,0,1,0,0,6.208590026096629,3.044522437723423,2.833213344056216,0.0,5.541263545158426,6.668228248417403
0,22.0,0,531.0,0,2,0,1,0,0,0,0,1,0,0,0,0,1,0,3.295836866004329,0.0,0.0,0.0,6.598509028614515,6.633318433280377
0,22.0,0,415.0,0,1,1,1,0,0,0,0,1,0,0,0,0,0,1,4.59511985013459,0.0,3.8501476017100584,6.464588303689961,0.0,6.666956792429207
0,21.0,0,417.0,0,1,1,0,0,0,0,1,0,0,0,0,0,0,1,0.0,0.0,0.0,0.0,0.0,0.0
0,28.0,1,419.0,0,1,1,1,0,0,0,0,1,0,0,0,0,0,1,1.6094379124341003,5.117993812416755,6.612041034833092,0.0,0.0,6.81783057145415
1,26.0,1,91.0,0,5,0,0,0,1,0,0,1,0,1,0,0,0,0,0.0,0.0,0.0,0.0,0.0,0.0
1,50.0,1,91.0,0,5,0,0,0,1,0,0,0,0,1,0,0,0,0,0.0,0.0,0.0,0.0,0.0,0.0
0,26.0,0,91.0,0,5,0,1,0,1,0,0,1,0,1,0,0,0,0,0.0,9.005895898094458,0.0,8.163086375583216,4.605170185988092,9.3722891389622
0,30.0,0,91.0,0,5,0,1,0,1,0,0,1,0,1,0,0,0,0,0.0,6.450470422144176,0.0,6.513230110912307,7.728855823852543,8.182559264068665
1,29.0,1,91.0,0,5,0,0,0,1,0,0,1,0,1,0,0,0,0,0.0,0.0,0.0,0.0,0.0,0.0
0,8.0,0,420.0,0,3,0,0,1,0,0,0,1,0,0,0,0,0,1,0.0,0.0,0.0,0.0,0.0,0.0
0,45.0,0,420.0,0,3,0,1,0,0,0,0,1,0,0,0,0,0,1,6.008813185442595,5.003946305945459,5.655991810819852,0.0,0.0,6.733401891837359
1,35.0,1,420.0,0,3,0,0,0,0,0,1,0,0,0,0,0,0,1,0.0,0.0,0.0,0.0,0.0,0.0
0,18.0,0,499.0,1,2,0,1,0,0,0,1,0,0,0,0,0,1,0,2.302585092994046,6.040254711277414,0.0,5.308267697401205,2.0794415416798357,6.456769655572163
0,23.0,0,413.0,1,2,0,1,0,0,0,0,1,0,0,0,0,0,1,0.0,4.804021044733257,0.0,6.343880434126331,4.859812404361672,6.706862336602747
0,29.0,0,75.0,0,2,0,1,0,0,1,0,1,0,0,1,0,0,0,6.6895992691789665,0.0,0.0,4.07753744390572,0.0,6.759255270663693
0,18.0,0,75.0,0,2,0,1,0,0,1,0,1,0,0,1,0,0,0,7.005789019253503,2.302585092994046,7.874358824729881,0.0,0.0,8.226840890408578
0,28.0,0,421.0,0,1,1,1,0,0,0,0,1,0,0,0,0,0,1,6.690842277418564,1.0986122886681096,2.639057329615259,0.0,4.143134726391533,6.782192056006791
1,34.0,1,98.0,1,1,1,0,0,1,0,0,1,1,0,0,0,0,0,0.0,0.0,0.0,0.0,0.0,0.0
0,0.0,1,533.0,0,4,0,0,1,0,1,0,0,0,0,0,0,1,0,0.0,0.0,0.0,0.0,0.0,0.0
0,4.0,1,533.0,0,4,0,0,1,0,1,0,1,0,0,0,0,1,0,0.0,0.0,0.0,0.0,0.0,0.0
0,28.0,0,76.0,0,4,0,1,0,0,1,0,1,0,0,1,0,0,0,6.844815479208263,4.127134385045092,0.0,3.9889840465642745,1.6094379124341003,6.963189985870238
0,8.0,1,533.0,0,4,0,0,1,0,1,0,1,0,0,0,0,1,0,0.0,0.0,0.0,0.0,0.0,0.0
0,20.0,0,77.0,0,2,0,1,0,0,1,0,1,0,0,1,0,0,0,4.0943445622221,0.0,7.4067107301776405,7.4133673356952405,0.0,8.12058871174027
1,20.0,1,534.0,0,2,0,0,0,0,1,0,1,0,0,0,0,1,0,0.0,0.0,0.0,0.0,0.0,0.0
1,25.0,1,500.0,1,2,0,0,0,0,1,0,1,0,0,0,0,1,0,0.0,0.0,0.0,0.0,0.0,0.0
0,31.0,0,500.0,1,2,0,1,0,0,1,0,0,0,0,0,0,1,0,6.903747257584598,2.0794415416798357,7.101675971619444,0.0,6.5337888379333435,7.97349996402463
0,37.0,0,535.0,0,1,1,1,0,0,1,0,1,0,0,0,0,1,0,3.332204510175204,0.0,7.0317412587631285,0.0,7.1846291527173145,7.814803429489359
1,21.0,0,933.5,1,1,1,0,0,0,0,0,1,0,0,0,0,1,0,0.0,0.0,0.0,0.0,0.0,0.0
1,24.0,1,536.0,0,1,1,0,0,0,1,0,1,0,0,0,0,1,0,0.0,0.0,0.0,0.0,0.0,0.0
1,34.0,0,158.0,0,3,0,0,0,0,1,0,1,0,0,0,1,0,0,0.0,0.0,0.0,0.0,0.0,0.0
0,0.0,1,158.0,0,3,0,0,1,0,1,0,0,0,0,0,1,0,0,0.0,0.0,0.0,0.0,0.0,0.0
1,25.0,0,158.0,0,3,0,0,0,0,1,0,1,0,0,0,1,0,0,0.0,0.0,0.0,0.0,0.0,0.0
1,43.0,1,88.0,1,1,1,0,0,0,1,0,0,0,0,1,0,0,0,0.0,0.0,0.0,0.0,0.0,0.0
0,27.0,0,537.0,0,2,0,1,0,0,0,0,1,0,0,0,0,1,0,6.803505257608338,0.0,0.0,0.0,0.6931471805599453,6.804614520062624
0,45.0,0,537.0,0,2,0,1,0,0,0,0,1,0,0,0,0,1,0,2.3978952727983707,2.833213344056216,6.687108607866515,4.304065093204169,0.0,6.803505257608338
1,63.0,1,99.0,1,4,0,0,0,1,0,0,1,1,0,0,0,0,0,0.0,0.0,0.0,0.0,0.0,0.0
1,17.0,1,99.0,1,4,0,0,0,1,0,0,1,1,0,0,0,0,0,0.0,0.0,0.0,0.0,0.0,0.0
0,35.0,1,99.0,1,4,0,1,0,1,0,0,0,1,0,0,0,0,0,0.0,7.294377299288821,1.0986122886681096,6.100318952020064,6.280395838960195,7.804659297056102
0,12.0,1,99.0,1,4,0,0,1,1,0,0,1,1,0,0,0,0,0,0.0,0.0,0.0,0.0,0.0,0.0
1,27.0,1,416.0,1,1,1,0,0,0,0,1,0,0,0,0,0,0,1,0.0,0.0,0.0,0.0,0.0,0.0
0,17.0,0,541.0,0,1,1,1,0,0,0,0,1,0,0,0,0,1,0,0.0,6.405228458030842,0.0,0.0,5.389071729816501,6.71295620067707
0,32.0,0,424.0,0,1,1,1,0,0,0,1,0,0,0,0,0,0,1,4.0943445622221,0.0,6.152732694704104,0.0,0.0,6.270988431858299
1,23.0,1,159.0,0,1,1,0,0,0,0,0,1,0,0,0,1,0,0,0.0,0.0,0.0,0.0,0.0,0.0
0,17.0,0,504.0,1,1,1,1,0,0,0,0,0,0,0,0,0,1,0,7.601402334583733,0.0,0.0,0.0,0.0,7.601402334583733
0,34.0,0,505.0,1,1,1,1,0,0,0,0,0,0,0,0,0,1,0,6.20050917404269,0.0,2.639057329615259,4.02535169073515,0.0,6.329720905522696
0,15.0,0,542.0,0,1,1,1,0,0,0,0,1,0,0,0,0,1,0,0.0,0.0,6.775366090936392,1.3862943611198906,0.0,6.778784897685177
1,14.0,1,426.0,0,2,0,0,1,0,0,0,1,0,0,0,0,0,1,0.0,0.0,0.0,0.0,0.0,0.0
0,22.0,0,160.0,0,2,0,1,0,0,0,0,1,0,0,0,1,0,0,0.0,0.6931471805599453,5.605802066295998,0.0,7.207118856207756,7.390798521735676
0,19.0,0,543.0,0,1,1,1,0,0,0,0,1,0,0,0,0,1,0,5.4510384535657,0.0,6.173786103901937,0.0,1.791759469228055,6.57507584059962
0,40.0,0,544.0,0,1,1,1,0,0,0,1,0,0,0,0,0,1,0,0.0,5.43372200355424,1.791759469228055,6.12029741895095,0.6931471805599453,6.535241271013659
1,25.0,1,21.0,0,2,0,0,0,1,0,0,0,0,0,0,0,0,0,0.0,0.0,0.0,0.0,0.0,0.0
0,51.0,0,21.0,0,2,0,1,0,1,0,0,0,0,0,0,0,0,0,0.0,1.9459101490553132,0.0,7.643003635560718,4.219507705176107,7.677400430514807
0,22.0,0,427.0,0,1,1,1,0,0,0,0,1,0,0,0,0,0,1,4.5217885770490405,1.9459101490553132,0.0,2.8903717578961645,6.542471960506805,6.694562058521095
1,50.0,1,545.0,0,1,1,0,0,0,1,0,0,0,0,0,0,1,0,0.0,0.0,0.0,0.0,0.0,0.0
0,26.0,0,428.0,0,1,1,0,0,0,0,0,0,0,0,0,0,0,1,0.0,0.0,0.0,0.0,0.0,0.0
1,39.0,1,508.0,1,1,1,0,0,0,1,0,1,0,0,0,0,1,0,0.0,0.0,0.0,0.0,0.0,0.0
0,18.0,1,78.0,0,1,1,1,0,0,1,0,1,0,0,1,0,0,0,7.532623618788788,0.0,3.4011973816621555,4.290459441148391,0.0,7.585281078639126
0,22.0,0,419.0,1,1,1,1,0,0,0,0,1,0,0,0,0,0,1,0.0,0.0,4.927253685157205,6.51025834052315,0.0,6.695798917058491
0,26.0,0,181.0,1,1,1,1,0,0,0,0,1,0,0,0,1,0,0,0.0,3.4011973816621555,0.0,6.633318433280377,0.0,6.670766320845874
0,19.0,0,510.0,1,1,1,1,0,0,0,0,1,0,0,0,0,1,0,0.0,0.0,0.0,0.0,6.9584483932976555,6.9584483932976555
1,16.0,0,420.0,1,1,1,0,0,0,0,1,0,0,0,0,0,0,1,0.0,0.0,0.0,0.0,0.0,0.0
0,24.0,0,430.0,0,1,1,1,0,0,0,0,1,0,0,0,0,0,1,0.0,0.0,2.8903717578961645,0.0,6.677083461247136,6.698268054115413
0,34.0,0,511.0,1,1,1,1,0,0,0,1,0,0,0,0,0,1,0,4.812184355372417,0.0,1.9459101490553132,6.606650186198215,0.0,6.7661917146603505
0,55.0,1,95.0,1,5,0,1,0,1,0,0,1,0,1,0,0,0,0,0.0,6.704414354964107,7.351799869057777,1.3862943611198906,7.19668657083435,8.219056661060598
0,42.0,0,95.0,1,5,0,1,0,1,0,0,1,0,1,0,0,0,0,1.3862943611198906,7.684783943522785,0.0,9.292933670280036,7.84971375760487,9.655154390148258
1,14.0,1,95.0,1,5,0,0,1,1,0,0,1,0,1,0,0,0,0,0.0,0.0,0.0,0.0,0.0,0.0
0,28.0,1,95.0,1,5,0,1,0,1,0,0,0,0,1,0,0,0,0,0.0,8.024207485778577,0.0,6.733401891837359,7.675081857716334,8.707152175339404
1,26.0,1,95.0,1,5,0,0,0,1,0,0,0,0,1,0,0,0,0,0.0,0.0,0.0,0.0,0.0,0.0
0,33.0,0,80.0,0,1,1,1,0,1,0,0,0,1,0,0,0,0,0,0.0,5.659482215759621,7.493317248862145,6.569481420414296,8.859647499714997,9.19370273082316
0,24.0,0,547.0,0,1,1,1,0,0,0,0,1,0,0,0,0,1,0,0.0,0.0,0.0,6.456769655572163,4.23410650459726,6.558197802812269
0,23.0,0,421.0,1,1,1,1,0,0,0,0,1,0,0,0,0,0,1,6.19644412779452,5.749392985908253,0.0,1.9459101490553132,0.0,6.697034247666484
0,16.0,0,79.0,0,1,1,1,0,0,1,0,1,0,0,1,0,0,0,3.8501476017100584,0.0,7.598399329323964,0.0,6.519147287940395,7.907651594711089
1,36.0,0,431.0,0,1,1,0,0,0,0,0,1,0,0,0,0,0,1,0.0,0.0,0.0,0.0,0.0,0.0
1,44.0,1,100.0,1,1,1,0,0,1,0,0,0,1,0,0,0,0,0,0.0,0.0,0.0,0.0,0.0,0.0
0,22.0,1,513.0,1,1,1,1,0,0,0,0,1,0,0,0,0,1,0,0.0,0.0,6.508769136971682,0.0,3.4965075614664802,6.555356891810665
1,30.0,0,422.0,1,1,1,0,0,0,0,0,1,0,0,0,0,0,1,0.0,0.0,0.0,0.0,0.0,0.0
0,20.0,0,514.0,1,1,1,1,0,0,0,0,1,0,0,0,0,1,0,0.0,3.332204510175204,0.6931471805599453,6.532334292222349,0.6931471805599453,6.573680166960646
0,21.0,0,549.0,0,1,1,1,0,0,0,0,1,0,0,0,0,1,0,5.905361848054571,7.036148493750536,6.679599185844383,4.890349128221754,0.0,7.795646536334594
0,14.0,1,182.0,1,1,1,0,1,0,1,0,1,0,0,0,1,0,0,0.0,0.0,0.0,0.0,0.0,0.0
0,27.0,0,550.0,0,1,1,1,0,0,0,0,1,0,0,0,0,1,0,0.0,0.0,0.0,1.0986122886681096,7.103322062526113,7.1049654482698426
0,19.0,0,515.0,1,2,0,1,0,0,0,0,1,0,0,0,0,1,0,0.6931471805599453,1.6094379124341003,0.0,6.621405651764134,1.3862943611198906,6.6320017773956295
1,21.0,1,423.0,1,2,0,0,0,0,0,0,1,0,0,0,0,0,1,0.0,0.0,0.0,0.0,0.0,0.0
0,27.0,0,551.0,0,1,1,1,0,0,1,0,0,0,0,0,0,1,0,7.45182223652793,1.6094379124341003,6.843749949006225,0.0,0.0,7.88758403166028
0,13.0,1,552.0,0,1,1,1,1,0,0,0,0,0,0,0,0,1,0,0.0,0.0,0.0,1.6094379124341003,6.699500340161678,6.704414354964107
1,71.0,1,183.0,1,1,1,0,0,0,1,1,0,0,0,0,1,0,0,0.0,0.0,0.0,0.0,0.0,0.0
1,28.0,0,184.0,1,2,0,0,0,0,1,0,1,0,0,0,1,0,0,0.0,0.0,0.0,0.0,0.0,0.0
0,18.0,0,184.0,1,2,0,1,0,0,1,0,0,0,0,0,1,0,0,7.536363938404511,0.0,5.564520407322694,0.0,0.0,7.666221925662725
0,23.0,0,516.0,1,2,0,1,0,0,0,0,0,0,0,0,0,1,0,3.4011973816621555,3.5553480614894135,0.6931471805599453,7.951207156472972,0.0,7.97349996402463
0,34.0,0,424.0,1,2,0,1,0,0,0,0,0,0,0,0,0,0,1,0.0,5.948034989180646,0.0,4.477336814478207,5.4680601411351315,6.559615237493242
0,20.0,0,432.0,0,1,1,1,0,0,0,0,1,0,0,0,0,0,1,1.6094379124341003,6.673297967767654,0.0,2.772588722239781,0.0,6.697034247666484
0,17.0,0,554.0,0,1,1,1,0,0,0,0,0,0,0,0,0,1,0,0.0,3.5263605246161616,0.0,4.04305126783455,6.5638555265321274,6.682108597449809
0,21.0,0,555.0,0,1,1,1,0,0,0,1,0,0,0,0,0,1,0,6.878326468291325,0.0,5.365976015021851,2.1972245773362196,4.465908118654584,7.15305163493748
0,33.0,1,97.0,1,1,1,1,0,1,0,0,1,0,1,0,0,0,0,0.0,7.349230824613334,8.246433786160365,0.0,7.269616749608169,8.825118970345061
0,34.0,1,81.0,0,1,1,1,0,1,0,0,0,1,0,0,0,0,0,8.17526610411206,7.158513997329321,7.531552381407289,4.51085950651685,0.0,8.823353485113792
0,51.0,0,90.0,1,1,1,1,0,1,0,0,1,0,0,1,0,0,0,0.0,5.713732805509369,0.0,7.221105098182496,6.507277712385012,7.757478766584179
0,21.0,1,517.0,1,1,1,1,0,0,0,0,1,0,0,0,0,1,0,0.0,6.523562306149512,0.0,2.3978952727983707,0.0,6.53813982376767
1,27.0,0,426.0,1,1,1,0,0,0,0,0,1,0,0,0,0,0,1,0.0,0.0,0.0,0.0,0.0,0.0
0,31.0,0,434.0,0,1,1,1,0,0,0,0,1,0,0,0,0,0,1,6.78105762593618,0.0,0.0,2.1972245773362196,0.0,6.790097235513905
0,36.0,1,32.0,1,1,1,1,0,1,0,0,1,0,0,0,0,0,0,1.0986122886681096,7.168579897264035,0.0,1.6094379124341003,0.0,7.1731917424865985
0,39.0,0,83.0,0,1,1,1,0,1,0,0,1,1,0,0,0,0,0,0.0,8.87024156729927,0.0,9.488653694423864,7.323830566202317,9.991498429858842
0,26.0,0,435.0,0,1,1,1,0,0,0,0,1,0,0,0,0,0,1,6.787844982309579,0.0,0.0,0.0,3.091042453358316,6.811244378601294
0,51.0,1,556.0,0,1,1,1,0,0,0,0,1,0,0,0,0,1,0,0.0,7.206377291472252,0.0,3.784189633918261,0.0,7.237778191923443
0,24.0,0,557.0,0,1,1,1,0,0,0,0,1,0,0,0,0,1,0,2.639057329615259,5.267858159063328,0.0,0.0,6.3835066348840055,6.682108597449809
0,27.0,1,185.0,1,1,1,1,0,0,0,0,0,0,0,0,1,0,0,5.8289456176102075,4.653960350157523,4.762173934797756,5.081404364984463,0.0,6.579251212010101
0,31.0,0,558.0,0,1,1,1,0,0,0,0,1,0,0,0,0,1,0,0.0,5.497168225293202,0.6931471805599453,6.327936783729195,0.0,6.6895992691789665
0,24.0,0,933.5,1,1,1,1,0,0,0,0,1,0,0,0,0,1,0,0.0,0.0,3.091042453358316,0.0,6.54534966033442,6.57507584059962
0,57.0,0,22.0,0,4,0,1,0,1,0,0,1,0,0,0,0,0,0,0.0,7.323170717943469,0.0,4.290459441148391,7.2399325913204695,7.9996785794994505
0,36.0,0,22.0,0,4,0,1,0,1,0,0,0,0,0,0,0,0,0,2.4849066497880004,4.382026634673881,0.0,5.351858133476067,7.547501682814967,7.694392802629421
0,55.0,0,22.0,0,4,0,1,0,1,0,0,1,0,0,0,0,0,0,0.0,6.741700694652055,0.0,5.575949103146316,7.613324979540639,8.050065422915965
1,27.0,0,22.0,0,4,0,0,0,1,0,0,0,0,0,0,0,0,0,0.0,0.0,0.0,0.0,0.0,0.0
0,18.0,0,186.0,1,1,1,1,0,0,1,0,1,0,0,0,1,0,0,6.854354502255021,0.0,1.6094379124341003,1.6094379124341003,0.0,6.862757913051401
0,27.0,0,91.0,1,1,1,1,0,0,1,0,1,0,0,1,0,0,0,7.546446273746024,6.1903154058531475,1.6094379124341003,0.0,0.0,7.776954403322442
0,50.0,0,94.0,0,1,1,1,0,1,0,0,1,0,1,0,0,0,0,0.0,7.895436006942965,0.0,5.0369526024136295,7.468513271496337,8.431417414394833
0,24.0,0,520.0,1,1,1,1,0,0,0,0,1,0,0,0,0,1,0,3.828641396489095,4.9344739331306915,0.6931471805599453,0.0,6.274762021241939,6.5722825426940075
1,20.0,1,428.0,1,1,1,0,0,0,0,1,0,0,0,0,0,0,1,0.0,0.0,0.0,0.0,0.0,0.0
1,24.0,1,437.0,0,1,1,0,0,0,0,0,1,0,0,0,0,0,1,0.0,0.0,0.0,0.0,0.0,0.0
0,18.0,0,429.0,1,1,1,1,0,0,0,0,1,0,0,0,0,0,1,0.0,6.42648845745769,0.0,0.0,2.3978952727983707,6.4425401664681985
0,44.0,0,521.0,1,1,1,1,0,0,0,0,1,0,0,0,0,1,0,7.072421900537371,0.6931471805599453,5.855071922202427,0.0,0.0,7.331714969726466
1,27.0,1,102.0,1,1,1,0,0,1,0,0,0,1,0,0,0,0,0,0.0,0.0,0.0,0.0,0.0,0.0
0,58.0,1,103.0,1,2,0,1,0,1,0,0,1,1,0,0,0,0,0,7.01571242048723,7.409136443920128,0.0,5.272999558563747,6.236369590203704,8.151333337900432
1,29.0,1,103.0,1,2,0,0,0,1,0,1,0,1,0,0,0,0,0,0.0,0.0,0.0,0.0,0.0,0.0
0,23.0,1,522.0,1,1,1,1,0,0,0,1,0,0,0,0,0,1,0,1.3862943611198906,6.3080984415095305,3.6375861597263857,0.0,2.5649493574615367,6.398594934535208
1,3.0,1,523.0,1,4,0,0,1,0,1,0,1,0,0,0,0,1,0,0.0,0.0,0.0,0.0,0.0,0.0
0,0.0,1,523.0,1,4,0,0,1,0,1,0,1,0,0,0,0,1,0,0.0,0.0,0.0,0.0,0.0,0.0
0,33.0,0,523.0,1,4,0,1,0,0,1,0,1,0,0,0,0,1,0,5.891644211825771,0.0,5.945420608606575,7.392031567514591,0.0,7.768533300926033
0,12.0,1,523.0,1,4,0,0,1,0,1,0,1,0,0,0,0,1,0,0.0,0.0,0.0,0.0,0.0,0.0
1,44.0,1,105.0,1,1,1,0,0,1,0,0,1,1,0,0,0,0,0,0.0,0.0,0.0,0.0,0.0,0.0
1,20.0,1,438.0,0,1,1,0,0,0,0,0,1,0,0,0,0,0,1,0.0,0.0,0.0,0.0,0.0,0.0
0,59.0,0,561.0,0,1,1,1,0,0,0,0,0,0,0,0,0,1,0,5.598421958998375,7.482681828154651,0.0,0.0,2.5649493574615367,7.629489916393995
0,18.0,0,431.0,1,1,1,1,0,0,0,0,1,0,0,0,0,0,1,4.875197323201151,0.0,2.639057329615259,5.2574953720277815,6.318968113746434,6.790097235513905
1,72.0,1,106.0,1,1,1,0,0,1,0,0,1,1,0,0,0,0,0,0.0,0.0,0.0,0.0,0.0,0.0
0,23.0,0,439.0,0,3,0,1,0,0,0,1,0,0,0,0,0,0,1,5.147494476813453,7.772331575169614,0.6931471805599453,3.4339872044851463,6.893656354602635,8.177796683277778
0,11.0,0,439.0,0,3,0,0,1,0,0,0,1,0,0,0,0,0,1,0.0,0.0,0.0,0.0,0.0,0.0
1,1.0,1,439.0,0,3,0,0,1,0,0,0,1,0,0,0,0,0,1,0.0,0.0,0.0,0.0,0.0,0.0
0,25.0,0,563.0,0,1,1,1,0,0,0,1,0,0,0,0,0,1,0,3.091042453358316,6.616065185132817,4.02535169073515,0.0,1.6094379124341003,6.717804695023691
1,25.0,1,93.0,1,1,1,0,0,0,1,0,0,0,0,1,0,0,0,0.0,0.0,0.0,0.0,0.0,0.0
1,24.0,1,99.0,1,2,0,0,0,1,0,0,1,0,1,0,0,0,0,0.0,0.0,0.0,0.0,0.0,0.0
0,54.0,1,99.0,1,2,0,1,0,1,0,0,1,0,1,0,0,0,0,0.0,8.678801706612651,0.0,0.0,6.818924065275521,8.823353485113792
1,17.0,1,564.0,0,2,0,0,0,0,1,0,0,0,0,0,0,1,0,0.0,0.0,0.0,0.0,0.0,0.0
0,48.0,0,564.0,0,2,0,1,0,0,1,0,1,0,0,0,0,1,0,7.0909098220799835,0.0,3.6635616461296463,3.8918202981106265,0.0,7.160069207596127
0,40.0,0,565.0,0,1,1,1,0,0,0,0,1,0,0,0,0,1,0,0.0,0.0,5.8944028342648505,5.60947179518496,0.0,6.453624998892692
1,2.0,0,440.0,0,1,1,0,1,0,0,0,1,0,0,0,0,0,1,0.0,0.0,0.0,0.0,0.0,0.0
0,32.0,0,525.0,1,1,1,1,0,0,0,0,1,0,0,0,0,1,0,0.0,2.302585092994046,2.4849066497880004,6.665683717782408,4.1588830833596715,6.7661917146603505
1,15.0,1,432.0,1,1,1,0,0,0,0,0,1,0,0,0,0,0,1,0.0,0.0,0.0,0.0,0.0,0.0
1,52.0,1,433.0,1,3,0,0,0,0,0,0,1,0,0,0,0,0,1,0.0,0.0,0.0,0.0,0.0,0.0
0,16.0,0,527.0,1,3,0,1,0,0,0,0,1,0,0,0,0,1,0,0.0,7.017506142941256,0.0,7.423568444259167,4.890349128221754,7.980023592310645
1,16.0,1,433.0,1,3,0,0,0,0,0,0,1,0,0,0,0,0,1,0.0,0.0,0.0,0.0,0.0,0.0
1,16.0,1,435.0,1,2,0,0,0,0,0,0,0,0,0,0,0,0,1,0.0,0.0,0.0,0.0,0.0,0.0
0,6.0,0,435.0,1,2,0,0,1,0,0,0,0,0,0,0,0,0,1,0.0,0.0,0.0,0.0,0.0,0.0
0,10.0,1,567.0,0,1,1,0,1,0,1,0,1,0,0,0,0,1,0,0.0,0.0,0.0,0.0,0.0,0.0
0,27.0,0,81.0,0,1,1,1,0,0,1,0,1,0,0,1,0,0,0,7.444248649496705,1.6094379124341003,3.2188758248682006,0.0,0.0,7.460490305825338
0,45.0,1,100.0,1,2,0,1,0,1,0,0,0,0,1,0,0,0,0,0.0,6.588926477533519,0.0,5.641907070938114,7.1372784372603855,7.725330037917135
0,26.0,0,100.0,1,2,0,1,0,1,0,0,1,0,1,0,0,0,0,7.775695749915245,7.480428306074208,0.0,0.0,7.870547844507712,8.820551743253025
0,29.0,0,187.0,1,1,1,1,0,0,1,0,1,0,0,0,1,0,0,6.956545443151569,0.0,0.0,0.0,0.0,6.956545443151569
1,38.0,1,442.0,0,1,1,0,0,0,0,1,0,0,0,0,0,0,1,0.0,0.0,0.0,0.0,0.0,0.0
0,19.0,1,163.0,0,1,1,1,0,0,0,0,1,0,0,0,1,0,0,0.6931471805599453,4.969813299576001,0.0,5.541263545158426,4.68213122712422,6.226536669287466
0,43.0,0,164.0,0,1,1,1,0,0,1,0,1,0,0,0,1,0,0,6.156978985585555,0.0,4.897839799950911,1.0986122886681096,6.541029999189903,7.1693500166706
0,15.0,0,528.0,1,1,1,1,0,0,0,0,1,0,0,0,0,1,0,6.616065185132817,0.0,1.0986122886681096,0.0,2.4849066497880004,6.633318433280377
0,31.0,0,568.0,0,1,1,1,0,0,1,0,1,0,0,0,0,1,0,7.321188556739479,0.0,5.739792912179234,0.0,0.0,7.507690077819904
0,52.0,0,569.0,0,1,1,1,0,0,1,0,1,0,0,0,0,1,0,6.6320017773956295,0.0,5.877735781779639,1.791759469228055,0.0,7.02108396428914
0,49.0,1,570.0,0,1,1,0,0,0,1,0,1,0,0,0,0,1,0,0.0,0.0,0.0,0.0,0.0,0.0
0,29.0,1,529.0,1,1,1,1,0,0,0,0,0,0,0,0,0,1,0,4.969813299576001,6.3080984415095305,0.0,0.0,0.0,6.539585955617669
0,18.0,1,571.0,0,1,1,1,0,0,0,0,1,0,0,0,0,1,0,6.398594934535208,0.0,0.0,5.19295685089021,2.4849066497880004,6.673297967767654
1,41.0,1,530.0,1,1,1,0,0,0,1,0,1,0,0,0,0,1,0,0.0,0.0,0.0,0.0,0.0,0.0
0,9.0,0,444.0,0,3,0,0,1,0,0,0,1,0,0,0,0,0,1,0.0,0.0,0.0,0.0,0.0,0.0
1,27.0,0,444.0,0,3,0,0,0,0,0,1,0,0,0,0,0,0,1,0.0,0.0,0.0,0.0,0.0,0.0
0,58.0,1,165.0,0,3,0,1,0,0,0,0,1,0,0,0,1,0,0,0.0,4.418840607796598,0.0,6.6320017773956295,0.0,6.734591659972948
0,39.0,0,188.0,1,1,1,1,0,0,0,1,0,0,0,0,1,0,0,0.0,0.0,0.0,0.0,6.811244378601294,6.811244378601294
0,13.0,0,166.0,0,1,1,1,1,0,0,0,1,0,0,0,1,0,0,6.815639990074331,0.6931471805599453,0.0,4.31748811353631,0.0,6.894670039433482
1,36.0,1,85.0,0,1,1,0,0,1,0,0,0,1,0,0,0,0,0,0.0,0.0,0.0,0.0,0.0,0.0
0,23.0,0,572.0,0,1,1,1,0,0,1,0,0,0,0,0,0,1,0,5.537334267018537,0.0,0.0,6.790097235513905,0.0,7.040536390215956
1,24.0,1,446.0,0,1,1,0,0,0,0,1,0,0,0,0,0,0,1,0.0,0.0,0.0,0.0,0.0,0.0
0,33.0,0,167.0,0,1,1,1,0,0,0,0,1,0,0,0,1,0,0,0.0,0.0,5.14166355650266,2.70805020110221,6.698268054115413,6.902742737158593
0,18.0,0,438.0,1,3,0,0,0,0,0,0,1,0,0,0,0,0,1,0.0,0.0,0.0,0.0,0.0,0.0
1,2.0,0,438.0,1,3,0,0,1,0,0,0,1,0,0,0,0,0,1,0.0,0.0,0.0,0.0,0.0,0.0
1,0.0,1,438.0,1,3,0,0,1,0,0,0,1,0,0,0,0,0,1,0.0,0.0,0.0,0.0,0.0,0.0
0,36.0,0,439.0,1,2,0,1,0,0,0,0,1,0,0,0,0,0,1,6.439350371100098,0.0,5.564520407322694,0.0,0.0,6.786716950605081
0,15.0,0,439.0,1,2,0,1,0,0,0,0,0,0,0,0,0,0,1,5.541263545158426,0.0,2.3978952727983707,5.198497031265826,0.0,6.09807428216624
0,31.0,1,168.0,0,1,1,1,0,0,0,0,1,0,0,0,1,0,0,4.5217885770490405,6.6293632534374485,0.0,0.0,2.5649493574615367,6.756932389247553
0,42.0,1,189.0,1,1,1,1,0,0,0,0,1,0,0,0,1,0,0,0.0,0.0,5.365976015021851,5.117993812416755,7.098375638590786,7.370860166536716
0,27.0,0,532.0,1,1,1,1,0,0,1,0,1,0,0,0,0,1,0,7.315218389752975,0.6931471805599453,0.0,0.0,0.0,7.315883504509785
0,36.0,1,533.0,1,3,0,1,0,0,0,0,1,0,0,0,0,1,0,4.820281565605037,1.3862943611198906,0.0,2.0794415416798357,0.0,4.897839799950911
0,0.0,0,442.0,1,3,0,0,1,0,0,0,1,0,0,0,0,0,1,0.0,0.0,0.0,0.0,0.0,0.0
1,3.0,0,442.0,1,3,0,0,1,0,0,0,1,0,0,0,0,0,1,0.0,0.0,0.0,0.0,0.0,0.0
0,22.0,0,573.0,0,1,1,1,0,0,0,1,0,0,0,0,0,1,0,0.0,6.731018100482083,5.262690188904886,0.0,0.0,6.937314081223682
0,56.0,0,443.0,1,1,1,1,0,0,0,0,1,0,0,0,0,0,1,0.0,7.451241684987676,0.0,4.574710978503383,0.0,7.505492274737424
0,23.0,0,444.0,1,1,1,1,0,0,0,0,1,0,0,0,0,0,1,0.0,0.0,0.0,6.630683385642372,0.0,6.630683385642372
0,25.0,0,94.0,1,1,1,1,0,0,1,0,1,0,0,1,0,0,0,5.752572638825633,1.0986122886681096,6.47543271670409,4.532599493153256,0.0,6.963189985870238
0,29.0,0,575.0,0,3,0,1,0,0,0,0,1,0,0,0,0,1,0,1.3862943611198906,0.0,1.3862943611198906,0.0,6.548219102762372,6.556778356158042
0,17.0,0,575.0,0,3,0,1,0,0,0,0,1,0,0,0,0,1,0,0.0,7.086737934510577,3.4657359027997265,0.0,0.0,7.112327444710911
0,13.0,0,575.0,0,3,0,1,1,0,0,0,1,0,0,0,0,1,0,6.023447592961033,1.6094379124341003,0.0,0.0,6.313548046277095,6.875232087276577
0,35.0,1,82.0,0,2,0,1,0,0,1,0,1,0,0,1,0,0,0,7.741533589281828,0.0,6.028278520230698,0.0,0.0,7.906915488678587
1,53.0,1,576.0,0,2,0,0,0,0,1,0,0,0,0,0,0,1,0,0.0,0.0,0.0,0.0,0.0,0.0
0,24.0,0,578.0,0,1,1,1,0,0,0,0,1,0,0,0,0,1,0,2.70805020110221,6.555356891810665,0.0,0.0,0.0,6.57507584059962
1,38.0,0,447.0,0,1,1,0,0,0,0,0,1,0,0,0,0,0,1,0.0,0.0,0.0,0.0,0.0,0.0
1,21.0,1,83.0,0,2,0,0,0,1,0,0,0,0,0,1,0,0,0,0.0,0.0,0.0,0.0,0.0,0.0
0,29.0,0,83.0,0,2,0,1,0,1,0,0,0,0,0,1,0,0,0,1.0986122886681096,2.1972245773362196,0.0,7.96032362914884,5.049856007249537,8.016317898503415
0,46.0,1,448.0,0,1,1,1,0,0,0,0,1,0,0,0,0,0,1,0.0,0.0,7.415776975415394,3.970291913552122,2.1972245773362196,7.451241684987676
1,58.0,1,102.0,1,1,1,0,0,1,0,0,1,0,1,0,0,0,0,0.0,0.0,0.0,0.0,0.0,0.0
0,53.0,1,190.0,1,1,1,1,0,0,0,1,0,0,0,0,1,0,0,0.0,0.6931471805599453,0.0,5.278114659230518,6.202535517187923,6.536691597591305
0,21.0,0,535.0,1,1,1,1,0,0,0,0,0,0,0,0,0,1,0,2.639057329615259,0.0,7.002155954403621,4.174387269895637,0.6931471805599453,7.0707241072602764
1,27.0,0,449.0,0,1,1,0,0,0,0,1,0,0,0,0,0,0,1,0.0,0.0,0.0,0.0,0.0,0.0
1,31.0,0,450.0,0,1,1,0,0,0,0,0,1,0,0,0,0,0,1,0.0,0.0,0.0,0.0,0.0,0.0
1,23.0,1,86.0,0,5,0,0,0,1,0,0,0,1,0,0,0,0,0,0.0,0.0,0.0,0.0,0.0,0.0
0,41.0,0,86.0,0,5,0,1,0,1,0,0,0,1,0,0,0,0,0,0.0,5.771441123130016,8.374246182096304,7.1808311990445555,3.9512437185814275,8.70251025718999
0,29.0,0,86.0,0,5,0,1,0,1,0,0,1,1,0,0,0,0,0,1.3862943611198906,6.839476438228843,0.0,6.51471269087253,6.595780513961311,7.758760544157663
0,54.0,0,86.0,0,5,0,1,0,1,0,0,0,1,0,0,0,0,0,0.0,3.6375861597263857,0.0,8.453187861440325,0.0,8.461046030793236
0,43.0,1,86.0,0,5,0,1,0,1,0,0,0,1,0,0,0,0,0,0.0,9.202711344811691,6.493753839851687,2.3978952727983707,5.58724865840025,9.292841593487926
1,36.0,1,446.0,1,1,1,0,0,0,0,1,0,0,0,0,0,0,1,0.0,0.0,0.0,0.0,0.0,0.0
0,48.0,1,169.0,0,1,1,1,0,0,0,0,1,0,0,0,1,0,0,6.665683717782408,4.477336814478207,0.0,0.0,0.6931471805599453,6.771935555839602
0,34.0,1,103.0,1,2,0,1,0,1,0,0,1,0,1,0,0,0,0,2.3978952727983707,8.641179171197228,2.772588722239781,1.3862943611198906,0.0,8.646113971483077
0,42.0,0,103.0,1,2,0,1,0,1,0,0,1,0,1,0,0,0,0,0.0,6.688354713946762,0.0,7.872073979866873,6.51025834052315,8.317766166719343
0,17.0,0,536.0,1,1,1,1,0,0,0,0,0,0,0,0,0,1,0,0.0,0.0,0.0,6.761572768804055,0.0,6.761572768804055
0,22.0,0,580.0,0,1,1,1,0,0,0,0,1,0,0,0,0,1,0,0.0,0.0,0.0,0.0,7.204892510204673,7.204892510204673
0,37.0,0,23.0,0,2,0,1,0,1,0,0,1,0,0,0,0,0,0,1.9459101490553132,6.082218910376446,0.0,4.007333185232471,8.016647877057803,8.168486417126681
1,38.0,1,23.0,0,2,0,0,0,1,0,0,0,0,0,0,0,0,0,0.0,0.0,0.0,0.0,0.0,0.0
0,21.0,0,447.0,1,2,0,1,0,0,0,0,1,0,0,0,0,0,1,1.3862943611198906,0.0,0.0,6.782192056006791,0.0,6.785587645007929
1,23.0,1,447.0,1,2,0,0,0,0,0,1,0,0,0,0,0,0,1,0.0,0.0,0.0,0.0,0.0,0.0
0,27.0,0,87.0,0,1,1,1,0,1,0,0,1,1,0,0,0,0,0,0.6931471805599453,6.643789733147672,0.0,9.480749115757506,8.204671828950811,9.77166897791528
0,23.0,1,581.0,0,1,1,1,0,0,0,0,1,0,0,0,0,1,0,2.9444389791664403,7.86172707782398,0.0,0.0,4.812184355372417,7.914252278742441
0,19.0,0,582.0,0,1,1,1,0,0,0,0,1,0,0,0,0,1,0,0.0,0.0,5.905361848054571,5.594711379601839,0.0,6.453624998892692
0,28.0,0,95.0,1,1,1,1,0,0,1,0,1,0,0,1,0,0,0,6.855408798609928,0.0,4.174387269895637,5.14166355650266,0.0,7.075808863978387
0,33.0,0,171.0,0,3,0,1,0,0,0,0,1,0,0,0,1,0,0,0.0,0.0,5.043425116919247,3.1354942159291497,6.710523109452428,6.904750769961838
1,24.0,0,452.0,0,3,0,0,0,0,0,1,0,0,0,0,0,0,1,0.0,0.0,0.0,0.0,0.0,0.0
1,0.0,1,452.0,0,3,0,0,1,0,0,0,1,0,0,0,0,0,1,0.0,0.0,0.0,0.0,0.0,0.0
1,41.0,1,453.0,0,1,1,0,0,0,0,0,1,0,0,0,0,0,1,0.0,0.0,0.0,0.0,0.0,0.0
1,19.0,0,454.0,0,1,1,0,0,0,0,0,1,0,0,0,0,0,1,0.0,0.0,0.0,0.0,0.0,0.0
0,44.0,0,537.0,1,1,1,1,0,0,0,0,1,0,0,0,0,1,0,0.0,0.0,0.0,0.0,6.77078942390898,6.77078942390898
0,43.0,1,538.0,1,1,1,1,0,0,1,0,0,0,0,0,0,1,0,6.6895992691789665,0.0,5.953243334287785,4.795790545596741,0.0,7.176254532017144
1,14.0,1,449.0,1,1,1,0,1,0,0,0,1,0,0,0,0,0,1,0.0,0.0,0.0,0.0,0.0,0.0
1,18.0,1,455.0,0,1,1,0,0,0,0,1,0,0,0,0,0,0,1,0.0,0.0,0.0,0.0,0.0,0.0
0,25.0,0,584.0,0,1,1,1,0,0,0,0,1,0,0,0,0,1,0,5.472270673671475,0.0,6.814542897259958,0.0,2.5649493574615367,7.05617528410041
0,0.0,1,585.0,0,3,0,0,1,0,1,0,1,0,0,0,0,1,0,0.0,0.0,0.0,0.0,0.0,0.0
1,4.0,1,585.0,0,3,0,0,1,0,1,0,0,0,0,0,0,1,0,0.0,0.0,0.0,0.0,0.0,0.0
0,24.0,1,585.0,0,3,0,1,0,0,1,0,1,0,0,0,0,1,0,5.111987788356544,0.0,6.889591308354466,1.0986122886681096,0.0,7.046647277848756
0,38.0,0,586.0,0,1,1,1,0,0,0,0,1,0,0,0,0,1,0,4.356708826689592,5.135798437050262,0.0,0.0,6.154858094016418,6.57507584059962
1,44.0,1,457.0,0,1,1,0,0,0,0,0,1,0,0,0,0,0,1,0.0,0.0,0.0,0.0,0.0,0.0
1,57.0,1,458.0,0,1,1,0,0,0,0,0,0,0,0,0,0,0,1,0.0,0.0,0.0,0.0,0.0,0.0
1,3.0,1,450.0,1,5,0,0,1,0,0,0,0,0,0,0,0,0,1,0.0,0.0,0.0,0.0,0.0,0.0
0,5.0,0,450.0,1,5,0,0,1,0,0,0,1,0,0,0,0,0,1,0.0,0.0,0.0,0.0,0.0,0.0
1,3.0,1,450.0,1,5,0,0,1,0,0,0,0,0,0,0,0,0,1,0.0,0.0,0.0,0.0,0.0,0.0
1,18.0,1,450.0,1,5,0,0,0,0,0,0,1,0,0,0,0,0,1,0.0,0.0,0.0,0.0,0.0,0.0
1,8.0,0,450.0,1,5,0,0,1,0,0,0,1,0,0,0,0,0,1,0.0,0.0,0.0,0.0,0.0,0.0
1,21.0,1,587.0,0,1,1,0,0,0,1,0,1,0,0,0,0,1,0,0.0,0.0,0.0,0.0,0.0,0.0
1,35.0,1,104.0,1,1,1,0,0,1,0,0,0,0,1,0,0,0,0,0.0,0.0,0.0,0.0,0.0,0.0
0,47.0,1,539.0,1,1,1,0,0,0,1,0,1,0,0,0,0,1,0,0.0,0.0,0.0,0.0,0.0,0.0
0,28.0,0,96.0,0,2,0,1,0,1,0,0,0,0,1,0,0,0,0,7.366445148327599,5.365976015021851,0.0,2.9444389791664403,8.023552392404348,8.489616423646003
0,49.0,0,96.0,0,2,0,1,0,1,0,0,1,0,1,0,0,0,0,3.044522437723423,8.82585367025321,5.1647859739235145,8.171599480345463,7.813591552952433,9.473704136776757
0,23.0,1,86.0,0,2,0,1,0,1,0,0,1,0,0,1,0,0,0,0.0,6.715383386334681,0.0,6.206575926724928,7.299797366758161,7.937017489515453
0,19.0,0,86.0,0,2,0,1,0,1,0,0,1,0,0,1,0,0,0,0.0,0.6931471805599453,0.0,7.643003635560718,4.02535169073515,7.669495251007694
0,34.0,0,173.0,0,1,1,1,0,0,0,0,1,0,0,0,1,0,0,0.0,5.5254529391317835,3.1780538303479458,0.0,6.244166900663736,6.669498089857879
0,40.0,1,105.0,1,1,1,1,0,1,0,0,1,0,1,0,0,0,0,0.0,2.4849066497880004,0.0,7.698936199813447,7.16703787691222,8.163940954755008
0,26.0,0,24.0,0,1,1,1,0,1,0,0,0,0,0,0,0,0,0,0.0,5.231108616854587,0.0,6.3080984415095305,8.528924114291936,8.664405571096625
0,23.0,0,588.0,0,1,1,1,0,0,0,1,0,0,0,0,0,1,0,0.0,0.0,0.0,1.3862943611198906,7.560080465021827,7.56164174558878
0,22.0,0,174.0,0,1,1,0,0,0,1,0,1,0,0,0,1,0,0,0.0,0.0,0.0,0.0,0.0,0.0
0,51.0,1,107.0,1,1,1,1,0,1,0,0,1,0,1,0,0,0,0,0.6931471805599453,8.277920258172143,0.0,4.990432586778736,0.0,8.314587291319576
0,44.0,0,540.0,1,1,1,1,0,0,0,0,0,0,0,0,0,1,0,6.511745329644728,0.0,0.0,0.0,3.044522437723423,6.541029999189903
0,50.0,0,175.0,0,1,1,1,0,0,1,0,1,0,0,0,1,0,0,5.8805329864007,0.0,6.489204931325317,0.0,0.0,6.922643891475888
1,28.0,1,452.0,1,1,1,0,0,0,0,0,1,0,0,0,0,0,1,0.0,0.0,0.0,0.0,0.0,0.0
1,13.0,1,464.0,0,1,1,0,1,0,0,0,1,0,0,0,0,0,1,0.0,0.0,0.0,0.0,0.0,0.0
0,21.0,0,465.0,0,1,1,1,0,0,0,0,1,0,0,0,0,0,1,3.5263605246161616,4.844187086458591,0.0,6.135564891081739,0.0,6.431331081933479
0,20.0,1,544.0,1,1,1,1,0,0,0,0,1,0,0,0,0,1,0,4.04305126783455,6.630683385642372,4.718498871295094,0.0,0.0,6.829793737512425
0,14.0,0,591.0,0,1,1,1,1,0,0,0,0,0,0,0,0,1,0,0.0,0.0,2.70805020110221,6.541029999189903,6.697034247666484,7.323830566202317
0,38.0,0,108.0,1,1,1,1,0,1,0,0,0,0,1,0,0,0,0,0.0,6.799055862058796,0.0,0.0,8.335431477880796,8.530109416682784
0,29.0,0,545.0,1,1,1,1,0,0,0,1,0,0,0,0,0,1,0,6.448889394146858,0.0,0.0,3.713572066704308,0.0,6.51025834052315
1,36.0,1,109.0,1,3,0,0,0,1,0,0,1,0,1,0,0,0,0,0.0,0.0,0.0,0.0,0.0,0.0
1,16.0,1,109.0,1,3,0,0,0,1,0,0,1,0,1,0,0,0,0,0.0,0.0,0.0,0.0,0.0,0.0
1,40.0,1,109.0,1,3,0,0,0,1,0,0,1,0,1,0,0,0,0,0.0,0.0,0.0,0.0,0.0,0.0
1,27.0,1,98.0,0,1,1,0,0,1,0,0,0,0,1,0,0,0,0,0.0,0.0,0.0,0.0,0.0,0.0
0,18.0,1,546.0,1,1,1,1,0,0,0,1,0,0,0,0,0,1,0,5.043425116919247,3.1354942159291497,4.356708826689592,6.960347729101308,0.0,7.175489713624222
0,17.0,1,547.0,1,1,1,1,0,0,0,0,1,0,0,0,0,1,0,1.791759469228055,6.6293632534374485,0.0,0.0,0.0,6.635946555686647
1,32.0,1,193.0,1,1,1,0,0,0,1,0,1,0,0,0,1,0,0,0.0,0.0,0.0,0.0,0.0,0.0
0,27.0,0,466.0,0,1,1,1,0,0,0,0,1,0,0,0,0,0,1,0.0,1.0986122886681096,3.912023005428146,0.0,6.687108607866515,6.748759547491679
0,34.0,0,88.0,0,2,0,1,0,0,1,0,1,0,0,1,0,0,0,7.974188669286011,3.1780538303479458,2.0794415416798357,0.0,4.406719247264253,8.011686729127847
0,53.0,1,88.0,0,2,0,1,0,0,1,0,1,0,0,1,0,0,0,6.255750041753367,0.0,6.093569770045136,0.0,0.0,6.870053411798126
1,36.0,1,110.0,1,1,1,0,0,1,0,0,1,0,1,0,0,0,0,0.0,0.0,0.0,0.0,0.0,0.0
0,41.0,0,89.0,0,2,0,1,0,0,1,0,1,0,0,1,0,0,0,4.276666119016055,0.0,7.388946097618437,3.4657359027997265,0.0,7.450079569807499
0,51.0,0,176.0,0,2,0,1,0,0,1,0,1,0,0,0,1,0,0,6.709304340258299,1.6094379124341003,4.532599493153256,3.6635616461296463,0.0,6.860663671448287
1,61.0,1,467.0,0,1,1,0,0,0,0,1,0,0,0,0,0,0,1,0.0,0.0,0.0,0.0,0.0,0.0
0,59.0,1,454.0,1,1,1,1,0,0,0,0,1,0,0,0,0,0,1,0.0,0.0,0.6931471805599453,6.825460036255307,0.6931471805599453,6.827629234502852
1,17.0,1,88.0,0,2,0,0,0,1,0,0,1,1,0,0,0,0,0,0.0,0.0,0.0,0.0,0.0,0.0
1,27.0,1,88.0,0,2,0,0,0,1,0,0,1,1,0,0,0,0,0,0.0,0.0,0.0,0.0,0.0,0.0
0,57.0,1,455.0,1,1,1,1,0,0,0,1,0,0,0,0,0,0,1,0.0,7.266827347520591,0.0,3.4339872044851463,5.823045895483019,7.494986233950533
0,39.0,0,194.0,1,1,1,1,0,0,1,0,0,0,0,0,1,0,0,7.662937850461535,0.0,3.1780538303479458,0.0,0.0,7.67368812926773
1,55.0,1,107.0,1,1,1,0,0,1,0,0,0,1,0,0,0,0,0,0.0,0.0,0.0,0.0,0.0,0.0
0,42.0,0,456.0,1,1,1,1,0,0,0,0,1,0,0,0,0,0,1,5.159055299214529,6.487684018484611,0.0,0.0,3.1780538303479458,6.748759547491679
0,36.0,0,592.0,0,1,1,1,0,0,0,0,1,0,0,0,0,1,0,6.037870919922137,3.713572066704308,2.0794415416798357,5.82600010738045,0.0,6.6895992691789665
0,42.0,1,593.0,0,1,1,1,0,0,1,0,1,0,0,0,0,1,0,3.8066624897703196,0.0,8.202208436436448,0.0,2.302585092994046,8.216628493133443
1,32.0,0,468.0,0,1,1,0,0,0,0,1,0,0,0,0,0,0,1,0.0,0.0,0.0,0.0,0.0,0.0
0,6.0,0,457.0,1,1,1,0,1,0,0,0,0,0,0,0,0,0,1,0.0,0.0,0.0,0.0,0.0,0.0
1,15.0,0,458.0,1,1,1,0,0,0,0,0,1,0,0,0,0,0,1,0.0,0.0,0.0,0.0,0.0,0.0
0,28.0,1,595.0,0,1,1,1,0,0,0,0,1,0,0,0,0,1,0,0.0,4.543294782270004,7.1569563646156364,0.0,0.0,7.226936018493289
0,37.0,0,90.0,0,1,1,1,0,0,1,0,1,0,0,1,0,0,0,6.816735880594968,0.0,0.0,0.0,0.0,6.816735880594968
0,44.0,0,459.0,1,1,1,1,0,0,0,0,1,0,0,0,0,0,1,0.0,0.0,6.61338421837956,4.143134726391533,1.3862943611198906,6.697034247666484
0,71.0,0,597.0,0,1,1,1,0,0,1,0,1,0,0,0,0,1,0,6.804614520062624,0.0,7.4377951216719325,0.0,0.0,7.8632667240095735
0,44.0,0,89.0,0,2,0,1,0,1,0,0,1,1,0,0,0,0,0,0.0,5.863631175598097,0.0,1.3862943611198906,8.145549631783584,8.243282523048375
1,36.0,1,89.0,0,2,0,0,0,1,0,0,1,1,0,0,0,0,0,0.0,0.0,0.0,0.0,0.0,0.0
0,18.0,0,460.0,1,1,1,1,0,0,0,0,1,0,0,0,0,0,1,1.6094379124341003,6.807934943699926,0.0,0.0,0.6931471805599453,6.813444599510896
0,3.0,1,469.0,0,5,0,0,1,0,0,1,0,0,0,0,0,0,1,0.0,0.0,0.0,0.0,0.0,0.0
1,12.0,0,469.0,0,5,0,0,1,0,0,0,0,0,0,0,0,0,1,0.0,0.0,0.0,0.0,0.0,0.0
1,0.0,1,469.0,0,5,0,0,1,0,0,0,0,0,0,0,0,0,1,0.0,0.0,0.0,0.0,0.0,0.0
0,29.0,0,598.0,0,5,0,1,0,0,0,0,1,0,0,0,0,1,0,0.0,7.179307969504034,0.0,0.0,0.0,7.179307969504034
0,9.0,0,469.0,0,5,0,0,1,0,0,0,1,0,0,0,0,0,1,0.0,0.0,0.0,0.0,0.0,0.0
0,27.0,0,470.0,0,1,1,1,0,0,0,0,0,0,0,0,0,0,1,6.535241271013659,5.730099782973575,6.659293919683638,0.0,2.995732273553991,7.492203042618741
0,24.0,0,599.0,0,1,1,1,0,0,0,1,0,0,0,0,0,1,0,0.0,0.0,6.095824562432225,5.501258210544727,0.6931471805599453,6.535241271013659
0,38.0,1,461.0,1,1,1,1,0,0,0,0,1,0,0,0,0,0,1,0.6931471805599453,0.0,5.666426688112432,0.0,6.322565239927284,6.740519359606223
0,28.0,0,600.0,0,1,1,1,0,0,1,0,1,0,0,0,0,1,0,6.261491684321042,0.0,0.0,6.878326468291325,0.0,7.309212365692763
1,26.0,1,933.5,1,1,1,0,0,0,1,0,1,0,0,0,0,1,0,0.0,0.0,0.0,0.0,0.0,0.0
0,16.0,0,601.0,0,2,0,1,0,0,0,0,1,0,0,0,0,1,0,0.0,3.044522437723423,0.0,5.707110264748875,6.525029657843462,6.90975328164481
0,24.0,1,601.0,0,2,0,1,0,0,0,1,0,0,0,0,0,1,0,0.0,1.0986122886681096,3.258096538021482,0.0,6.56244409369372,6.5998704992128365
0,33.0,0,471.0,0,1,1,1,0,0,0,0,1,0,0,0,0,0,1,4.820281565605037,6.634633357861686,0.0,0.0,0.0,6.784457062637643
0,24.0,0,462.0,1,1,1,1,0,0,0,0,0,0,0,0,0,0,1,6.194405391104672,0.0,0.0,0.0,0.0,6.194405391104672
0,29.0,0,463.0,1,1,1,1,0,0,0,0,1,0,0,0,0,0,1,0.6931471805599453,0.0,4.897839799950911,4.653960350157523,6.354370040797351,6.70073110954781
0,25.0,1,552.0,1,1,1,1,0,0,0,0,1,0,0,0,0,1,0,0.0,2.302585092994046,7.603897968521881,0.0,1.791759469228055,7.61085279039525
0,0.0,0,464.0,1,2,0,0,1,0,0,0,1,0,0,0,0,0,1,0.0,0.0,0.0,0.0,0.0,0.0
0,13.0,0,553.0,1,2,0,1,1,0,0,0,1,0,0,0,0,1,0,6.476972362889683,1.0986122886681096,0.0,4.8283137373023015,4.969813299576001,6.823286122355687
1,7.0,0,473.0,0,1,1,0,1,0,0,0,0,0,0,0,0,0,1,0.0,0.0,0.0,0.0,0.0,0.0
0,32.0,0,602.0,0,1,1,1,0,0,0,1,0,0,0,0,0,1,0,0.0,0.0,6.602587892189336,0.0,0.0,6.602587892189336
1,34.0,0,178.0,0,1,1,0,0,0,1,0,1,0,0,0,1,0,0,0.0,0.0,0.0,0.0,0.0,0.0
0,49.0,0,603.0,0,1,1,1,0,0,1,0,1,0,0,0,0,1,0,3.091042453358316,3.258096538021482,7.31986492980897,0.0,6.949856455000773,7.862497197230545
0,43.0,1,96.0,1,3,0,1,0,0,1,0,1,0,0,1,0,0,0,2.639057329615259,7.659171367666058,5.755742213586912,0.0,5.568344503761097,7.904334842085095
0,0.0,1,555.0,1,3,0,0,1,0,1,0,1,0,0,0,0,1,0,0.0,0.0,0.0,0.0,0.0,0.0
1,6.0,1,555.0,1,3,0,0,1,0,1,0,1,0,0,0,0,1,0,0.0,0.0,0.0,0.0,0.0,0.0
0,23.0,1,606.0,0,1,1,1,0,0,0,0,1,0,0,0,0,1,0,0.0,5.19295685089021,6.345636360828596,0.0,0.0,6.618738983517219
0,43.0,1,609.0,0,2,0,1,0,0,1,0,1,0,0,0,0,1,0,5.820082930352362,2.4849066497880004,6.680854678790215,2.772588722239781,0.0,7.055312843339752
1,23.0,1,609.0,0,2,0,0,0,0,1,0,0,0,0,0,0,1,0,0.0,0.0,0.0,0.0,0.0,0.0
0,43.0,0,933.5,1,1,1,1,0,0,1,0,1,0,0,0,0,1,0,6.720220155135295,3.258096538021482,6.302618975744905,4.68213122712422,0.0,7.317212408359839
1,41.0,1,611.0,0,1,1,0,0,0,1,0,0,0,0,0,0,1,0,0.0,0.0,0.0,0.0,0.0,0.0
0,54.0,0,92.0,0,3,0,1,0,1,0,0,0,1,0,0,0,0,0,0.0,7.631916513071252,1.0986122886681096,2.995732273553991,7.389563953677635,8.216628493133443
1,51.0,1,92.0,0,3,0,0,0,1,0,0,1,1,0,0,0,0,0,0.0,0.0,0.0,0.0,0.0,0.0
1,44.0,1,92.0,0,3,0,0,0,1,0,0,1,1,0,0,0,0,0,0.0,0.0,0.0,0.0,0.0,0.0
1,48.0,1,467.0,1,1,1,0,0,0,0,1,0,0,0,0,0,0,1,0.0,0.0,0.0,0.0,0.0,0.0
0,45.0,0,474.0,0,1,1,1,0,0,0,0,1,0,0,0,0,0,1,0.0,2.302585092994046,0.0,6.754604099487962,2.833213344056216,6.78332520060396
0,20.0,0,557.0,1,1,1,1,0,0,0,1,0,0,0,0,0,1,0,0.0,6.536691597591305,0.0,0.0,0.0,6.536691597591305
0,33.0,0,2.0,0,1,1,1,0,1,0,0,1,0,0,1,0,0,0,0.0,3.367295829986474,0.0,8.830835365537549,6.298949246855942,8.910990494656719
0,21.0,0,468.0,1,1,1,1,0,0,0,0,1,0,0,0,0,0,1,2.772588722239781,3.4339872044851463,2.4849066497880004,1.0986122886681096,5.963579343618446,6.102558594613569
1,68.0,1,100.0,0,1,1,0,0,1,0,0,1,0,1,0,0,0,0,0.0,0.0,0.0,0.0,0.0,0.0
0,23.0,1,615.0,0,1,1,1,0,0,0,1,0,0,0,0,0,1,0,1.791759469228055,5.733341276897746,5.8971538676367405,2.0794415416798357,0.0,6.52795791762255
0,16.0,0,477.0,0,1,1,1,0,0,0,0,1,0,0,0,0,0,1,3.2188758248682006,0.0,2.639057329615259,6.576469569048224,0.0,6.626717749249025
0,35.0,0,558.0,1,1,1,1,0,0,0,0,1,0,0,0,0,1,0,5.293304824724492,3.8066624897703196,4.584967478670572,3.4339872044851463,6.236369590203704,6.779921907472252
1,22.0,0,478.0,0,1,1,0,0,0,0,0,1,0,0,0,0,0,1,0.0,0.0,0.0,0.0,0.0,0.0
0,51.0,0,559.0,1,4,0,1,0,0,0,0,1,0,0,0,0,1,0,5.3706380281276624,1.3862943611198906,2.833213344056216,6.345636360828596,0.0,6.688354713946762
0,2.0,0,469.0,1,4,0,0,1,0,0,1,0,0,0,0,0,0,1,0.0,0.0,0.0,0.0,0.0,0.0
1,29.0,0,469.0,1,4,0,0,0,0,0,0,0,0,0,0,0,0,1,0.0,0.0,0.0,0.0,0.0,0.0
0,0.0,1,469.0,1,4,0,0,1,0,0,0,1,0,0,0,0,0,1,0.0,0.0,0.0,0.0,0.0,0.0
1,39.0,1,479.0,0,1,1,0,0,0,0,0,0,0,0,0,0,0,1,0.0,0.0,0.0,0.0,0.0,0.0
0,55.0,1,112.0,1,1,1,1,0,1,0,0,1,0,1,0,0,0,0,0.0,7.586803535162581,4.356708826689592,6.359573868672378,6.957497370876951,8.209580483475577
1,22.0,0,482.0,0,1,1,0,0,0,0,0,1,0,0,0,0,0,1,0.0,0.0,0.0,0.0,0.0,0.0
0,20.0,0,617.0,0,1,1,1,0,0,0,0,1,0,0,0,0,1,0,5.739792912179234,0.0,5.926926025970411,0.0,1.791759469228055,6.536691597591305
0,25.0,1,179.0,0,1,1,1,0,0,0,0,0,0,0,0,1,0,0,0.0,6.464588303689961,0.0,1.0986122886681096,0.0,6.467698726104354
0,18.0,1,619.0,0,1,1,1,0,0,0,0,0,0,0,0,0,1,0,5.4638318050256105,0.0,4.624972813284271,0.0,5.75890177387728,6.481577129276431
0,28.0,0,470.0,1,1,1,1,0,0,0,1,0,0,0,0,0,0,1,1.3862943611198906,4.955827057601261,0.0,0.0,7.432483807917119,7.51425465281641
0,26.0,0,561.0,1,1,1,1,0,0,0,0,1,0,0,0,0,1,0,7.508238774678663,0.0,1.6094379124341003,4.68213122712422,7.094234845924755,8.051340933292979
0,28.0,0,620.0,0,1,1,1,0,0,0,1,0,0,0,0,0,1,0,0.6931471805599453,0.0,6.839476438228843,6.421622267806518,0.0,7.3453648404168685
0,54.0,0,562.0,1,1,1,0,0,0,0,0,1,0,0,0,0,1,0,0.0,0.0,0.0,0.0,0.0,0.0
0,56.0,0,621.0,0,1,1,1,0,0,0,0,1,0,0,0,0,1,0,0.0,4.007333185232471,0.0,6.586171654854675,0.0,6.658011045870748
0,25.0,0,180.0,0,1,1,1,0,0,1,0,1,0,0,0,1,0,0,7.113956109566034,0.0,4.890349128221754,0.0,0.0,7.215975002651466
0,26.0,0,35.0,1,1,1,1,0,1,0,0,1,0,0,0,0,0,0,7.62608275807238,9.050875597325156,0.0,5.602118820879701,6.456769655572163,9.348535870727583
0,14.0,0,622.0,0,1,1,1,1,0,0,0,1,0,0,0,0,1,0,0.0,0.0,6.565264970035361,5.556828061699537,1.3862943611198906,6.878326468291325
0,21.0,1,181.0,0,1,1,1,0,0,0,0,1,0,0,0,1,0,0,1.0986122886681096,6.035481432524756,5.780743515792329,0.0,4.442651256490317,6.717804695023691
1,43.0,1,485.0,0,1,1,0,0,0,0,0,1,0,0,0,0,0,1,0.0,0.0,0.0,0.0,0.0,0.0
0,37.0,0,486.0,0,1,1,1,0,0,0,0,1,0,0,0,0,0,1,5.402677381872279,0.0,3.4965075614664802,3.6635616461296463,6.248042874508429,6.694562058521095
0,27.0,0,933.5,1,1,1,1,0,0,0,0,1,0,0,0,0,1,0,6.608000625296087,4.418840607796598,1.9459101490553132,0.0,0.6931471805599453,6.721425700790643
0,38.0,1,3.0,0,1,1,1,0,1,0,0,1,0,0,1,0,0,0,0.0,8.0507033814703,0.0,3.295836866004329,1.3862943611198906,8.059908334578276
0,14.0,1,182.0,0,1,1,1,1,0,0,0,1,0,0,0,1,0,0,0.0,0.6931471805599453,7.273786317844895,0.0,5.25227342804663,7.398174092970465
0,20.0,0,564.0,1,1,1,1,0,0,0,1,0,0,0,0,0,1,0,0.0,0.0,6.373319789577012,0.0,2.3978952727983707,6.39024066706535
0,33.0,0,93.0,0,1,1,0,0,1,0,0,1,1,0,0,0,0,0,0.0,0.0,0.0,0.0,0.0,0.0
1,33.0,1,111.0,1,1,1,0,0,1,0,0,0,1,0,0,0,0,0,0.0,0.0,0.0,0.0,0.0,0.0
0,13.0,1,183.0,0,1,1,1,1,0,0,0,1,0,0,0,1,0,0,0.0,0.0,3.4657359027997265,0.0,6.698268054115413,6.7357800142423265
0,37.0,0,97.0,1,1,1,1,0,1,0,0,1,0,0,1,0,0,0,0.0,5.351858133476067,0.0,8.32239411311117,0.0,8.37216741936598
0,15.0,0,197.0,1,1,1,1,0,0,1,0,1,0,0,0,1,0,0,8.65032450401942,0.0,7.830822995135316,0.0,7.223295679562314,9.169310022418191
0,33.0,0,36.0,1,1,1,1,0,1,0,0,0,0,0,0,0,0,0,5.983936280687191,7.155396301896734,2.0794415416798357,5.733341276897746,8.505525386548555,8.84404789894249
1,24.0,1,472.0,1,1,1,0,0,0,0,1,0,0,0,0,0,0,1,0.0,0.0,0.0,0.0,0.0,0.0
0,49.0,0,570.0,1,1,1,1,0,0,0,1,0,0,0,0,0,1,0,0.0,0.0,0.0,5.081404364984463,6.270988431858299,6.535241271013659
0,24.0,0,571.0,1,1,1,1,0,0,0,0,1,0,0,0,0,1,0,7.133295954896068,1.9459101490553132,0.0,4.820281565605037,6.561030665896573,7.643961949002529
0,24.0,0,198.0,1,1,1,1,0,0,0,0,1,0,0,0,1,0,0,5.159055299214529,0.0,2.70805020110221,0.0,6.403574197934815,6.673297967767654
1,26.0,1,94.0,0,2,0,0,0,1,0,0,0,1,0,0,0,0,0,0.0,0.0,0.0,0.0,0.0,0.0
1,40.0,1,94.0,0,2,0,0,0,1,0,0,0,1,0,0,0,0,0,0.0,0.0,0.0,0.0,0.0,0.0
0,31.0,0,626.0,0,1,1,1,0,0,0,0,0,0,0,0,0,1,0,0.0,6.416732282512326,1.0986122886681096,1.6094379124341003,3.1354942159291497,6.461468176353717
0,47.0,1,113.0,1,1,1,1,0,1,0,0,1,0,1,0,0,0,0,0.0,8.566554620953962,0.0,4.8283137373023015,5.707110264748875,8.644178203170727
0,19.0,0,627.0,0,1,1,1,0,0,0,0,1,0,0,0,0,1,0,6.602587892189336,0.0,0.0,0.0,0.6931471805599453,6.6039438246004725
0,38.0,0,101.0,0,2,0,1,0,1,0,0,0,0,1,0,0,0,0,0.0,7.363913501405819,0.0,6.054439346269371,8.38022733634308,8.758098072309089
0,33.0,1,101.0,0,2,0,1,0,1,0,0,0,0,1,0,0,0,0,0.0,6.90975328164481,7.732369222284388,0.0,3.4011973816621555,8.105005537547246
1,45.0,1,114.0,1,1,1,0,0,1,0,0,1,0,1,0,0,0,0,0.0,0.0,0.0,0.0,0.0,0.0
1,1.0,1,473.0,1,2,0,0,1,0,0,0,1,0,0,0,0,0,1,0.0,0.0,0.0,0.0,0.0,0.0
0,32.0,0,572.0,1,2,0,1,0,0,0,0,1,0,0,0,0,1,0,0.0,3.9889840465642745,0.0,6.61338421837956,0.0,6.682108597449809
1,70.0,1,573.0,1,1,1,0,0,0,1,0,1,0,0,0,0,1,0,0.0,0.0,0.0,0.0,0.0,0.0
0,19.0,0,474.0,1,1,1,1,0,0,0,1,0,0,0,0,0,0,1,3.1780538303479458,0.0,0.0,0.0,6.597145701886651,6.628041376179533
1,55.0,1,185.0,0,1,1,0,0,0,1,1,0,0,0,0,1,0,0,0.0,0.0,0.0,0.0,0.0,0.0
0,48.0,0,96.0,0,1,1,1,0,1,0,0,1,1,0,0,0,0,0,0.0,9.036463061964891,0.0,8.93958096672031,4.430816798843313,9.68744373833714
0,66.0,0,475.0,1,1,1,1,0,0,0,0,1,0,0,0,0,0,1,7.080026499922591,0.6931471805599453,0.0,1.9459101490553132,0.0,7.085901464365611
0,13.0,0,629.0,0,1,1,1,1,0,0,0,1,0,0,0,0,1,0,0.0,5.54907608489522,0.0,5.337538079701318,6.016157159698354,6.771935555839602
0,40.0,0,115.0,1,1,1,1,0,1,0,0,0,0,1,0,0,0,0,4.418840607796598,7.237778191923443,0.0,5.8522024797744745,8.738414897167749,8.994296557777195
0,35.0,1,199.0,1,1,1,1,0,0,0,0,1,0,0,0,1,0,0,0.0,7.271703706887368,0.0,4.727387818712341,4.31748811353631,7.393263094763838
0,32.0,0,630.0,0,1,1,1,0,0,0,0,1,0,0,0,0,1,0,0.0,3.912023005428146,1.0986122886681096,6.461468176353717,0.0,6.53813982376767
0,51.0,0,187.0,0,1,1,1,0,0,1,0,1,0,0,0,1,0,0,7.405495663199472,0.0,5.459585514144159,5.062595033026967,4.174387269895637,7.649692623711514
0,37.0,0,112.0,1,1,1,1,0,1,0,0,1,1,0,0,0,0,0,0.0,5.37989735354046,0.0,8.592671652592143,8.12355783506165,9.102755161296246
0,31.0,0,476.0,1,2,0,1,0,0,0,0,1,0,0,0,0,0,1,6.249975242259483,0.6931471805599453,5.71042701737487,4.110873864173311,1.6094379124341003,6.784457062637643
0,37.0,0,574.0,1,2,0,1,0,0,0,0,1,0,0,0,0,1,0,6.411818267709897,0.0,1.9459101490553132,0.0,7.401231264413015,7.719573989259581
0,38.0,0,102.0,0,2,0,1,0,1,0,0,1,0,1,0,0,0,0,0.0,8.111328003286733,5.602118820879701,1.0986122886681096,8.163656176168432,8.8698199525084
0,19.0,0,102.0,0,2,0,1,0,1,0,0,0,0,1,0,0,0,0,0.0,5.799092654460526,0.0,8.056743774975313,5.746203190540153,8.241703159729818
1,33.0,1,631.0,0,1,1,0,0,0,1,0,1,0,0,0,0,1,0,0.0,0.0,0.0,0.0,0.0,0.0
0,19.0,1,632.0,0,1,1,1,0,0,0,0,1,0,0,0,0,1,0,0.0,0.0,7.469083884921234,5.236441962829949,0.0,7.570443252057374
0,31.0,1,477.0,1,2,0,1,0,0,0,0,1,0,0,0,0,0,1,1.0986122886681096,6.670766320845874,0.0,4.859812404361672,2.302585092994046,6.833031732786201
0,43.0,0,477.0,1,2,0,1,0,0,0,0,1,0,0,0,0,0,1,3.828641396489095,2.1972245773362196,0.0,6.410174881966167,3.8066624897703196,6.558197802812269
1,22.0,0,492.0,0,1,1,0,0,0,0,0,1,0,0,0,0,0,1,0.0,0.0,0.0,0.0,0.0,0.0
1,24.0,0,493.0,0,1,1,0,0,0,0,0,1,0,0,0,0,0,1,0.0,0.0,0.0,0.0,0.0,0.0
0,21.0,0,103.0,0,2,0,1,0,1,0,0,0,0,1,0,0,0,0,0.0,6.778784897685177,4.418840607796598,5.8888779583328805,7.487173694213739,8.040768994367578
0,14.0,1,103.0,0,2,0,0,1,1,0,0,1,0,1,0,0,0,0,0.0,0.0,0.0,0.0,0.0,0.0
0,30.0,1,97.0,0,2,0,1,0,1,0,0,0,1,0,0,0,0,0,6.591673732008658,7.844632644464681,0.0,3.8918202981106265,7.498315870766981,8.543250725735527
1,22.0,1,97.0,0,2,0,0,0,1,0,0,1,1,0,0,0,0,0,0.0,0.0,0.0,0.0,0.0,0.0
0,11.0,0,478.0,1,4,0,0,1,0,0,0,1,0,0,0,0,0,1,0.0,0.0,0.0,0.0,0.0,0.0
1,4.0,0,478.0,1,4,0,0,1,0,0,0,1,0,0,0,0,0,1,0.0,0.0,0.0,0.0,0.0,0.0
0,0.0,0,478.0,1,4,0,0,1,0,0,0,1,0,0,0,0,0,1,0.0,0.0,0.0,0.0,0.0,0.0
0,30.0,0,575.0,1,4,0,1,0,0,0,0,1,0,0,0,0,1,0,6.173786103901937,2.5649493574615367,3.258096538021482,6.467698726104354,5.648974238161206,7.274479558773871
0,21.0,0,479.0,1,1,1,1,0,0,0,1,0,0,0,0,0,0,1,0.0,3.332204510175204,7.074963197966044,0.0,6.2422232654551655,7.451241684987676
0,40.0,0,933.5,1,1,1,0,0,1,0,0,1,0,0,0,0,1,0,0.0,0.0,0.0,0.0,0.0,0.0
0,57.0,0,634.0,0,1,1,1,0,0,0,1,0,0,0,0,0,1,0,6.2285110035911835,0.0,0.6931471805599453,5.187385805840755,0.0,6.530877627725885
0,35.0,0,576.0,1,1,1,1,0,0,1,0,1,0,0,0,0,1,0,7.113956109566034,0.0,0.0,0.0,0.0,7.113956109566034
0,32.0,0,37.0,1,1,1,0,0,1,0,0,1,0,0,0,0,0,0,0.0,0.0,0.0,0.0,0.0,0.0
0,32.0,0,577.0,1,1,1,1,0,0,1,0,1,0,0,0,0,1,0,7.869783902530146,0.0,1.0986122886681096,1.791759469228055,0.0,7.8724551500639794
0,30.0,0,578.0,1,1,1,1,0,0,0,0,1,0,0,0,0,1,0,0.0,0.0,5.71042701737487,0.0,6.082218910376446,6.6052979209482015
0,69.0,0,636.0,0,1,1,1,0,0,0,0,1,0,0,0,0,1,0,6.359573868672378,4.941642422609304,0.0,0.0,0.0,6.57507584059962
1,21.0,0,480.0,1,1,1,0,0,0,0,0,1,0,0,0,0,0,1,0.0,0.0,0.0,0.0,0.0,0.0
1,17.0,1,190.0,0,2,0,0,0,0,1,1,0,0,0,0,1,0,0,0.0,0.0,0.0,0.0,0.0,0.0
0,16.0,0,190.0,0,2,0,1,0,0,1,0,1,0,0,0,1,0,0,6.903747257584598,0.0,1.9459101490553132,3.8918202981106265,0.0,6.956545443151569
1,25.0,0,200.0,1,1,1,0,0,0,1,0,1,0,0,0,1,0,0,0.0,0.0,0.0,0.0,0.0,0.0
0,25.0,1,191.0,0,1,1,1,0,1,0,0,1,0,0,0,1,0,0,7.369600720526409,7.759187438507795,6.854354502255021,0.6931471805599453,5.6240175061873385,8.547334348328224
0,52.0,0,933.5,1,1,1,1,0,1,0,0,0,0,0,0,0,1,0,0.0,1.0986122886681096,0.0,9.303557453687317,6.698268054115413,9.374922172292127
0,13.0,0,579.0,1,1,1,1,1,0,0,0,1,0,0,0,0,1,0,6.361302477572996,4.356708826689592,0.0,5.726847747587197,1.791759469228055,6.874198495453294
0,37.0,0,637.0,0,1,1,1,0,0,0,0,1,0,0,0,0,1,0,6.99117688712121,0.0,0.0,3.7376696182833684,0.0,7.028201432058005
0,13.0,0,581.0,1,3,0,1,1,0,1,0,1,0,0,0,0,1,0,6.634633357861686,1.0986122886681096,1.0986122886681096,0.0,0.0,6.639875833826536
0,45.0,0,98.0,1,3,0,1,0,0,1,0,1,0,0,1,0,0,0,8.104703468371108,0.0,2.3978952727983707,0.0,0.0,8.107720061910534
0,55.0,0,201.0,1,3,0,0,0,0,1,0,1,0,0,0,1,0,0,0.0,0.0,0.0,0.0,0.0,0.0
0,22.0,0,638.0,0,2,0,1,0,0,0,0,1,0,0,0,0,1,0,6.499787040655854,0.0,0.0,4.189654742026425,0.0,6.593044534142437
0,39.0,0,498.0,0,2,0,1,0,0,0,0,1,0,0,0,0,0,1,0.0,0.0,0.0,7.465082736399547,4.290459441148391,7.505492274737424
0,35.0,0,99.0,1,1,1,1,0,0,1,0,1,0,0,1,0,0,0,6.60934924316738,0.0,3.4657359027997265,0.0,3.6109179126442243,6.695798917058491
1,19.0,1,499.0,0,3,0,0,0,0,0,1,0,0,0,0,0,0,1,0.0,0.0,0.0,0.0,0.0,0.0
1,7.0,1,499.0,0,3,0,0,1,0,0,0,1,0,0,0,0,0,1,0.0,0.0,0.0,0.0,0.0,0.0
0,19.0,0,192.0,0,3,0,1,0,0,0,0,1,0,0,0,1,0,0,0.6931471805599453,0.0,0.0,6.111467339502679,5.541263545158426,6.559615237493242
1,21.0,1,482.0,1,1,1,0,0,0,0,0,1,0,0,0,0,0,1,0.0,0.0,0.0,0.0,0.0,0.0
0,37.0,1,94.0,0,1,1,1,0,1,0,0,0,0,0,1,0,0,0,0.0,7.633369649679584,7.409136443920128,5.877735781779639,0.6931471805599453,8.312135107648412
0,35.0,0,193.0,0,1,1,1,0,0,0,0,1,0,0,0,1,0,0,7.383989457978509,0.0,0.0,0.0,0.0,7.383989457978509
1,22.0,1,483.0,1,1,1,0,0,0,0,0,1,0,0,0,0,0,1,0.0,0.0,0.0,0.0,0.0,0.0
0,62.0,0,500.0,0,1,1,1,0,0,0,0,1,0,0,0,0,0,1,5.940171252720432,6.118097198041348,0.0,2.0794415416798357,0.0,6.733401891837359
1,41.0,1,501.0,0,1,1,0,0,0,0,0,1,0,0,0,0,0,1,0.0,0.0,0.0,0.0,0.0,0.0
1,16.0,1,113.0,1,2,0,0,0,1,0,0,1,1,0,0,0,0,0,0.0,0.0,0.0,0.0,0.0,0.0
0,26.0,0,113.0,1,2,0,1,0,1,0,0,1,1,0,0,0,0,0,0.0,0.0,2.1972245773362196,3.091042453358316,8.703506769479729,8.708309295891688
1,36.0,1,640.0,0,1,1,0,0,0,1,0,1,0,0,0,0,1,0,0.0,0.0,0.0,0.0,0.0,0.0
1,27.0,1,502.0,0,1,1,0,0,0,0,1,0,0,0,0,0,0,1,0.0,0.0,0.0,0.0,0.0,0.0
0,22.0,0,642.0,0,1,1,1,0,0,0,0,0,0,0,0,0,1,0,3.58351893845611,0.0,3.6109179126442243,6.366470447731438,0.0,6.481577129276431
0,40.0,0,584.0,1,1,1,1,0,0,0,0,1,0,0,0,0,1,0,0.0,0.0,0.0,6.71295620067707,1.0986122886681096,6.715383386334681
0,50.0,1,118.0,1,2,0,1,0,1,0,0,0,0,1,0,0,0,0,0.0,7.344719054149673,0.0,7.487173694213739,0.6931471805599453,8.11162807830774
1,57.0,1,118.0,1,2,0,0,0,1,0,0,1,0,1,0,0,0,0,0.0,0.0,0.0,0.0,0.0,0.0
0,15.0,1,503.0,0,1,1,1,0,0,0,1,0,0,0,0,0,0,1,0.6931471805599453,3.4339872044851463,7.492203042618741,0.0,0.0,7.509335266016592
0,23.0,0,100.0,1,1,1,1,0,1,0,0,0,0,0,1,0,0,0,0.0,6.376726947898627,0.0,7.311886164077165,6.922643891475888,8.038834757787749
1,60.0,1,101.0,1,1,1,0,0,0,1,0,0,0,0,1,0,0,0,0.0,0.0,0.0,0.0,0.0,0.0
0,73.0,0,504.0,0,1,1,1,0,0,0,0,1,0,0,0,0,0,1,0.0,0.0,0.0,5.0369526024136295,6.322565239927284,6.565264970035361
0,35.0,1,505.0,0,1,1,0,0,0,0,0,1,0,0,0,0,0,1,0.0,0.0,0.0,0.0,0.0,0.0
0,28.0,0,25.0,0,1,1,0,0,1,0,0,1,0,0,0,0,0,0,0.0,0.0,0.0,0.0,0.0,0.0
0,27.0,1,115.0,1,1,1,1,0,1,0,0,1,1,0,0,0,0,0,0.0,8.701845363548474,0.0,6.710523109452428,3.4657359027997265,8.834191318202071
0,14.0,0,933.5,1,2,0,1,1,1,0,0,1,0,0,0,0,1,0,0.0,6.853299093186078,0.0,8.969669103793757,5.953243334287785,9.12598002335811
1,26.0,1,102.0,1,2,0,0,0,1,0,0,1,0,0,1,0,0,0,0.0,0.0,0.0,0.0,0.0,0.0
0,22.0,0,506.0,0,1,1,1,0,0,0,0,1,0,0,0,0,0,1,0.0,0.0,4.634728988229636,3.784189633918261,6.55250788703459,6.740519359606223
0,22.0,1,194.0,0,1,1,1,0,0,1,0,0,0,0,0,1,0,0,7.709756864454165,0.0,7.2078598714324755,4.804021044733257,0.0,8.216088098632316
0,71.0,0,585.0,1,1,1,1,0,0,1,1,0,0,0,0,0,1,0,6.829793737512425,7.158513997329321,2.3978952727983707,2.302585092994046,0.0,7.708859601047175
0,25.0,1,103.0,1,1,1,1,0,0,1,0,0,0,0,1,0,0,0,1.791759469228055,0.6931471805599453,6.452048954437226,0.0,5.241747015059643,6.71901315438526
1,27.0,1,203.0,1,1,1,0,0,0,1,0,1,0,0,0,1,0,0,0.0,0.0,0.0,0.0,0.0,0.0
0,1.0,0,485.0,1,3,0,0,1,0,0,0,1,0,0,0,0,0,1,0.0,0.0,0.0,0.0,0.0,0.0
0,52.0,1,586.0,1,3,0,1,0,0,0,0,1,0,0,0,0,1,0,6.697034247666484,0.0,0.0,0.0,0.0,6.697034247666484
1,0.0,1,485.0,1,3,0,0,1,0,0,0,1,0,0,0,0,0,1,0.0,0.0,0.0,0.0,0.0,0.0
1,30.0,1,101.0,0,1,1,0,0,1,0,0,0,1,0,0,0,0,0,0.0,0.0,0.0,0.0,0.0,0.0
0,52.0,0,102.0,0,1,1,1,0,1,0,0,1,1,0,0,0,0,0,0.0,8.916371914881694,0.0,7.055312843339752,8.984693690443855,9.71655538318449
0,12.0,1,507.0,0,2,0,0,1,0,0,0,1,0,0,0,0,0,1,0.0,0.0,0.0,0.0,0.0,0.0
1,22.0,1,507.0,0,2,0,0,0,0,0,0,1,0,0,0,0,0,1,0.0,0.0,0.0,0.0,0.0,0.0
0,24.0,1,509.0,0,1,1,1,0,0,0,0,1,0,0,0,0,0,1,6.255750041753367,0.0,0.0,5.278114659230518,0.0,6.573680166960646
0,22.0,0,95.0,0,1,1,1,0,0,1,0,1,0,0,1,0,0,0,7.068172000388042,0.0,0.0,2.302585092994046,0.0,7.075808863978387
1,15.0,0,488.0,1,1,1,0,0,0,0,1,0,0,0,0,0,0,1,0.0,0.0,0.0,0.0,0.0,0.0
1,21.0,1,96.0,0,2,0,0,0,0,1,0,1,0,0,1,0,0,0,0.0,0.0,0.0,0.0,0.0,0.0
1,56.0,1,96.0,0,2,0,0,0,0,1,0,0,0,0,1,0,0,0,0.0,0.0,0.0,0.0,0.0,0.0
0,50.0,0,97.0,0,1,1,1,0,0,1,0,1,0,0,1,0,0,0,7.377133712833954,0.0,5.049856007249537,3.295836866004329,0.0,7.484368643286131
0,20.0,0,645.0,0,1,1,1,0,0,0,0,1,0,0,0,0,1,0,4.852030263919617,0.0,6.487684018484611,0.0,3.091042453358316,6.690842277418564
0,32.0,0,646.0,0,1,1,1,0,0,0,0,1,0,0,0,0,1,0,0.0,0.0,3.8712010109078907,6.754604099487962,3.1780538303479458,6.833031732786201
1,28.0,0,510.0,0,1,1,0,0,0,0,0,1,0,0,0,0,0,1,0.0,0.0,0.0,0.0,0.0,0.0
0,74.0,0,490.0,1,1,1,1,0,0,0,0,1,0,0,0,0,0,1,6.349138991379798,0.0,0.0,5.627621113690637,0.0,6.744059186311348
1,25.0,1,204.0,1,2,0,0,0,0,1,0,1,0,0,0,1,0,0,0.0,0.0,0.0,0.0,0.0,0.0
0,31.0,0,204.0,1,2,0,1,0,0,1,0,1,0,0,0,1,0,0,6.539585955617669,1.3862943611198906,4.23410650459726,5.659482215759621,0.0,6.955592608396297
1,6.0,1,491.0,1,1,1,0,1,0,0,1,0,0,0,0,0,0,1,0.0,0.0,0.0,0.0,0.0,0.0
1,17.0,1,511.0,0,1,1,0,0,0,0,0,1,0,0,0,0,0,1,0.0,0.0,0.0,0.0,0.0,0.0
1,12.0,1,648.0,0,3,0,0,1,0,1,0,1,0,0,0,0,1,0,0.0,0.0,0.0,0.0,0.0,0.0
0,47.0,1,648.0,0,3,0,1,0,0,1,0,1,0,0,0,0,1,0,7.030857476116121,2.1972245773362196,5.703782474656201,0.0,0.0,7.271008538280992
1,46.0,1,648.0,0,3,0,0,0,0,1,0,1,0,0,0,0,1,0,0.0,0.0,0.0,0.0,0.0,0.0
0,31.0,1,116.0,1,2,0,1,0,1,0,0,0,1,0,0,0,0,0,4.941642422609304,8.2987883944492,2.639057329615259,5.4510384535657,7.039660349862076,8.620291149419804
0,36.0,1,116.0,1,2,0,0,0,1,0,0,1,1,0,0,0,0,0,0.0,0.0,0.0,0.0,0.0,0.0
0,15.0,0,512.0,0,1,1,1,0,0,0,0,0,0,0,0,0,0,1,4.143134726391533,4.060443010546419,7.881182202227102,7.007600613951853,5.746203190540153,8.338544879988579
0,38.0,0,588.0,1,1,1,1,0,0,1,0,1,0,0,0,0,1,0,6.787844982309579,0.0,6.428105272684596,0.0,0.0,7.316548177182976
1,48.0,1,492.0,1,3,0,0,0,0,0,0,0,0,0,0,0,0,1,0.0,0.0,0.0,0.0,0.0,0.0
1,21.0,1,492.0,1,3,0,0,0,0,0,0,1,0,0,0,0,0,1,0.0,0.0,0.0,0.0,0.0,0.0
1,4.0,1,492.0,1,3,0,0,1,0,0,0,1,0,0,0,0,0,1,0.0,0.0,0.0,0.0,0.0,0.0
1,31.0,1,649.0,0,1,1,0,0,0,1,0,1,0,0,0,0,1,0,0.0,0.0,0.0,0.0,0.0,0.0
0,31.0,0,513.0,0,1,1,1,0,0,0,1,0,0,0,0,0,0,1,0.0,4.948759890378168,5.978885764901122,0.0,0.0,6.282266746896006
0,62.0,1,119.0,1,1,1,1,0,1,0,1,0,0,1,0,0,0,0,0.0,8.414938957377482,0.0,4.454347296253507,7.271008538280992,8.70549681988774
1,29.0,1,514.0,0,1,1,0,0,0,0,0,1,0,0,0,0,0,1,0.0,0.0,0.0,0.0,0.0,0.0
0,30.0,0,933.5,1,1,1,1,0,0,0,0,1,0,0,0,0,1,0,0.0,1.6094379124341003,7.380879035564116,6.520621127558696,7.427738840532894,8.286017468404763
0,26.0,0,206.0,1,1,1,1,0,0,1,0,1,0,0,0,1,0,0,6.816735880594968,0.0,3.784189633918261,0.0,0.0,6.862757913051401
0,43.0,0,591.0,1,2,0,1,0,0,1,0,1,0,0,0,0,1,0,3.5263605246161616,7.0192966537150445,4.0943445622221,0.0,2.833213344056216,7.111512116496157
0,32.0,0,591.0,1,2,0,1,0,0,1,0,1,0,0,0,0,1,0,6.992096427415888,0.0,4.276666119016055,0.0,0.0,7.055312843339752
1,24.0,1,592.0,1,1,1,0,0,0,1,0,0,0,0,0,0,1,0,0.0,0.0,0.0,0.0,0.0,0.0
1,49.0,1,652.0,0,1,1,0,0,0,1,0,1,0,0,0,0,1,0,0.0,0.0,0.0,0.0,0.0,0.0
0,21.0,1,594.0,1,1,1,1,0,0,0,0,1,0,0,0,0,1,0,2.8903717578961645,6.059123195581797,3.4657359027997265,5.552959584921617,0.0,6.597145701886651
0,18.0,1,494.0,1,2,0,1,0,0,0,0,1,0,0,0,0,0,1,0.0,6.594413459749778,4.382026634673881,0.0,0.0,6.697034247666484
1,18.0,1,494.0,1,2,0,0,0,0,0,0,1,0,0,0,0,0,1,0.0,0.0,0.0,0.0,0.0,0.0
1,14.0,0,496.0,1,1,1,0,1,0,0,0,1,0,0,0,0,0,1,0.0,0.0,0.0,0.0,0.0,0.0
0,21.0,0,100.0,0,1,1,1,0,0,1,0,1,0,0,1,0,0,0,7.318539548567902,0.0,1.3862943611198906,1.0986122886681096,7.087573705557973,7.904334842085095
1,25.0,1,654.0,0,1,1,0,0,0,1,0,0,0,0,0,0,1,0,0.0,0.0,0.0,0.0,0.0,0.0
0,56.0,0,208.0,1,1,1,1,0,1,0,0,0,0,0,0,1,0,0,0.0,5.780743515792329,6.879355804460439,4.07753744390572,8.352554369474591,8.629271094821588
0,0.0,1,500.0,1,3,0,0,1,0,0,0,1,0,0,0,0,0,1,0.0,0.0,0.0,0.0,0.0,0.0
0,55.0,0,596.0,1,3,0,1,0,0,0,0,1,0,0,0,0,1,0,0.0,0.0,1.791759469228055,0.0,7.787382026484701,7.789454566086673
1,14.0,0,500.0,1,3,0,0,1,0,0,0,1,0,0,0,0,0,1,0.0,0.0,0.0,0.0,0.0,0.0
0,13.0,0,656.0,0,2,0,1,1,0,1,0,1,0,0,0,0,1,0,6.915723448631314,0.0,4.962844630259907,5.69035945432406,0.0,7.275864600546533
0,43.0,0,656.0,0,2,0,1,0,0,1,0,0,0,0,0,0,1,0,1.6094379124341003,0.0,7.51479976048867,0.6931471805599453,4.204692619390966,7.552762084214147
1,39.0,0,516.0,0,1,1,0,0,0,0,0,1,0,0,0,0,0,1,0.0,0.0,0.0,0.0,0.0,0.0
1,27.0,1,657.0,0,1,1,0,0,0,1,0,1,0,0,0,0,1,0,0.0,0.0,0.0,0.0,0.0,0.0
0,24.0,1,658.0,0,1,1,1,0,0,0,0,1,0,0,0,0,1,0,0.0,2.0794415416798357,6.3080984415095305,1.6094379124341003,0.0,6.327936783729195
0,26.0,1,598.0,1,1,1,1,0,0,0,0,1,0,0,0,0,1,0,5.337538079701318,5.860786223465865,4.31748811353631,0.0,1.3862943611198906,6.453624998892692
1,22.0,1,502.0,1,1,1,0,0,0,0,0,0,0,0,0,0,0,1,0.0,0.0,0.0,0.0,0.0,0.0
0,26.0,0,659.0,0,1,1,1,0,0,0,0,1,0,0,0,0,1,0,0.0,0.0,7.210079628170788,1.791759469228055,0.0,7.213768308118642
0,19.0,1,101.0,0,2,0,1,0,0,1,0,1,0,0,1,0,0,0,5.049856007249537,0.0,7.398174092970465,1.3862943611198906,0.0,7.490529402060711
1,38.0,1,660.0,0,2,0,0,0,0,1,0,1,0,0,0,0,1,0,0.0,0.0,0.0,0.0,0.0,0.0
1,38.0,1,104.0,0,1,1,0,0,1,0,0,0,1,0,0,0,0,0,0.0,0.0,0.0,0.0,0.0,0.0
0,77.0,1,196.0,0,1,1,1,0,1,0,0,1,0,0,0,1,0,0,0.0,9.108639817149843,0.0,4.859812404361672,7.289610521451167,9.270964993792617
0,28.0,0,599.0,1,1,1,1,0,0,0,0,0,0,0,0,0,1,0,7.951911381854188,0.0,0.0,0.0,0.0,7.951911381854188
0,22.0,0,663.0,0,1,1,1,0,0,0,0,1,0,0,0,0,1,0,0.0,0.6931471805599453,5.940171252720432,0.0,5.820082930352362,6.57507584059962
0,20.0,0,197.0,0,1,1,1,0,0,0,0,1,0,0,0,1,0,0,1.6094379124341003,5.869296913133774,5.267858159063328,5.488937726156687,0.0,6.674561391814426
0,18.0,1,600.0,1,1,1,1,0,0,0,0,1,0,0,0,0,1,0,0.0,0.0,6.551080335043404,0.0,0.0,6.551080335043404
0,10.0,1,117.0,1,2,0,0,1,1,0,0,0,1,0,0,0,0,0,0.0,0.0,0.0,0.0,0.0,0.0
1,34.0,1,117.0,1,2,0,0,0,1,0,0,0,1,0,0,0,0,0,0.0,0.0,0.0,0.0,0.0,0.0
0,43.0,0,601.0,1,1,1,1,0,0,0,0,1,0,0,0,0,1,0,0.0,6.670766320845874,0.0,0.0,7.083387847625295,7.590852123688581
1,31.0,0,209.0,1,1,1,0,0,0,1,0,0,0,0,0,1,0,0,0.0,0.0,0.0,0.0,0.0,0.0
1,40.0,1,102.0,0,2,0,0,0,0,1,0,0,0,0,1,0,0,0,0.0,0.0,0.0,0.0,0.0,0.0
0,25.0,0,102.0,0,2,0,1,0,0,1,0,1,0,0,1,0,0,0,7.170119543449628,0.0,0.0,0.0,0.0,7.170119543449628
1,68.0,1,603.0,1,1,1,0,0,0,1,0,1,0,0,0,0,1,0,0.0,0.0,0.0,0.0,0.0,0.0
0,20.0,0,665.0,0,1,1,1,0,0,0,0,1,0,0,0,0,1,0,0.0,0.0,4.997212273764115,0.0,0.0,4.997212273764115
0,27.0,1,666.0,0,1,1,1,0,0,1,0,1,0,0,0,0,1,0,5.736572297479192,0.0,6.745236349484362,0.0,0.0,7.055312843339752
0,1.0,0,505.0,1,6,0,0,1,0,0,0,1,0,0,0,0,0,1,0.0,0.0,0.0,0.0,0.0,0.0
0,60.0,0,505.0,1,6,0,1,0,0,0,1,0,0,0,0,0,0,1,0.0,3.4657359027997265,1.9459101490553132,5.4116460518550396,5.877735781779639,6.424869023905388
0,28.0,1,505.0,1,6,0,1,0,0,0,0,0,0,0,0,0,0,1,0.0,0.0,6.516193076042964,3.4657359027997265,0.0,6.561030665896573
0,11.0,0,505.0,1,6,0,0,1,0,0,1,0,0,0,0,0,0,1,0.0,0.0,0.0,0.0,0.0,0.0
0,0.0,0,933.5,1,6,0,0,1,0,0,0,0,0,0,0,0,1,0,0.0,0.0,0.0,0.0,0.0,0.0
1,9.0,0,505.0,1,6,0,0,1,0,0,0,1,0,0,0,0,0,1,0.0,0.0,0.0,0.0,0.0,0.0
0,38.0,0,667.0,0,1,1,1,0,0,1,0,1,0,0,0,0,1,0,6.953684210870537,0.0,7.348587530927593,0.0,0.0,7.8632667240095735
0,18.0,0,668.0,0,1,1,1,0,0,0,0,0,0,0,0,0,1,0,0.0,0.0,0.0,6.3784261836515865,0.0,6.3784261836515865
0,40.0,0,669.0,0,1,1,1,0,0,0,0,1,0,0,0,0,1,0,1.6094379124341003,2.4849066497880004,6.507277712385012,0.0,6.651571873589727,7.284820912568604
0,21.0,0,670.0,0,1,1,1,0,0,0,0,1,0,0,0,0,1,0,5.802118375377063,2.4849066497880004,0.0,0.0,5.988961416889864,6.606650186198215
1,24.0,0,506.0,1,1,1,0,0,0,0,0,1,0,0,0,0,0,1,0.0,0.0,0.0,0.0,0.0,0.0
0,26.0,0,27.0,0,3,0,1,0,1,0,0,1,0,0,0,0,0,0,0.0,7.4109518755836366,2.0794415416798357,5.429345628954441,7.284820912568604,8.11522197256233
0,47.0,0,27.0,0,3,0,1,0,1,0,0,1,0,0,0,0,0,0,8.259975659768276,8.24564690087386,0.0,2.5649493574615367,5.2832037287379885,8.97259066827261
0,46.0,0,27.0,0,3,0,1,0,1,0,0,1,0,0,0,0,0,0,0.0,4.882801922586371,0.0,9.090880931938855,6.152732694704104,9.156306483483696
1,55.0,1,507.0,1,1,1,0,0,0,0,0,0,0,0,0,0,0,1,0.0,0.0,0.0,0.0,0.0,0.0
0,50.0,0,520.0,0,1,1,1,0,0,0,0,1,0,0,0,0,0,1,5.683579767338681,0.0,3.091042453358316,6.352629396319567,0.0,6.78897174299217
1,10.0,1,672.0,0,1,1,0,1,0,1,0,1,0,0,0,0,1,0,0.0,0.0,0.0,0.0,0.0,0.0
0,17.0,0,211.0,1,3,0,1,0,1,0,0,0,0,0,0,1,0,0,6.12029741895095,2.995732273553991,0.0,0.0,8.077136638538454,8.214194414852564
0,20.0,0,211.0,1,3,0,1,0,1,0,0,0,0,0,0,1,0,0,2.4849066497880004,6.391917113392602,0.0,8.18423477409482,5.58724865840025,8.402231172946555
0,37.0,0,211.0,1,3,0,1,0,1,0,0,1,0,0,0,1,0,0,4.343805421853684,7.9391588179567965,0.0,7.160845906664299,7.114769448366463,8.593598522618644
0,24.0,0,673.0,0,3,0,1,0,0,0,0,1,0,0,0,0,1,0,2.4849066497880004,0.0,2.302585092994046,7.880804344674901,1.0986122886681096,7.889084407035514
0,43.0,0,521.0,0,3,0,1,0,0,0,0,0,0,0,0,0,0,1,6.238324625039508,5.455321115357702,0.0,0.0,4.976733742420574,6.790097235513905
0,0.0,0,521.0,0,3,0,0,1,0,0,0,1,0,0,0,0,0,1,0.0,0.0,0.0,0.0,0.0,0.0
0,24.0,0,212.0,1,1,1,1,0,0,0,0,1,0,0,0,1,0,0,5.198497031265826,5.579729825986222,0.0,7.111512116496157,0.0,7.4205789054108005
0,22.0,0,103.0,0,1,1,1,0,0,1,0,1,0,0,1,0,0,0,6.573680166960646,0.0,6.588926477533519,5.786897381366708,0.0,7.4770384723196965
1,14.0,1,508.0,1,1,1,0,1,0,0,0,1,0,0,0,0,0,1,0.0,0.0,0.0,0.0,0.0,0.0
1,3.0,1,509.0,1,3,0,0,1,0,0,0,1,0,0,0,0,0,1,0.0,0.0,0.0,0.0,0.0,0.0
1,22.0,1,509.0,1,3,0,0,0,0,0,0,0,0,0,0,0,0,1,0.0,0.0,0.0,0.0,0.0,0.0
0,23.0,1,213.0,1,3,0,1,0,0,0,0,1,0,0,0,1,0,0,0.0,7.3613754289773485,0.0,3.6109179126442243,0.0,7.383989457978509
0,56.0,0,198.0,0,1,1,1,0,0,1,0,1,0,0,0,1,0,0,5.783825182329737,6.354370040797351,4.762173934797756,0.0,0.0,6.922643891475888
0,36.0,1,606.0,1,3,0,1,0,0,0,0,1,0,0,0,0,1,0,1.791759469228055,6.436150368369428,4.48863636973214,1.791759469228055,0.6931471805599453,6.583409222158765
0,58.0,0,606.0,1,3,0,1,0,0,0,0,0,0,0,0,0,1,0,3.970291913552122,0.0,1.791759469228055,6.249975242259483,0.0,6.354370040797351
0,1.0,0,510.0,1,3,0,0,1,0,0,0,1,0,0,0,0,0,1,0.0,0.0,0.0,0.0,0.0,0.0
1,39.0,0,214.0,1,1,1,0,0,0,1,0,1,0,0,0,1,0,0,0.0,0.0,0.0,0.0,0.0,0.0
0,33.0,0,522.0,0,1,1,1,0,0,0,0,1,0,0,0,0,0,1,0.0,0.0,4.330733340286331,6.565264970035361,0.0,6.665683717782408
0,19.0,0,511.0,1,1,1,1,0,0,0,1,0,0,0,0,0,0,1,0.0,0.0,6.424869023905388,0.0,0.0,6.424869023905388
0,27.0,0,523.0,0,1,1,1,0,0,0,0,1,0,0,0,0,0,1,2.833213344056216,0.0,6.684611727667927,0.0,3.6375861597263857,6.748759547491679
0,33.0,1,607.0,1,1,1,1,0,0,0,0,1,0,0,0,0,1,0,0.0,6.85751406254539,0.0,4.634728988229636,0.0,6.959398512133975
1,17.0,1,120.0,1,2,0,0,0,1,0,0,0,0,1,0,0,0,0,0.0,0.0,0.0,0.0,0.0,0.0
0,28.0,1,120.0,1,2,0,1,0,1,0,0,1,0,1,0,0,0,0,0.0,8.096208271650037,0.0,4.23410650459726,5.834810737062605,8.213652703029998
0,21.0,0,513.0,1,1,1,1,0,0,0,0,1,0,0,0,0,0,1,4.1588830833596715,2.772588722239781,6.0112671744041615,5.986452005284438,0.0,6.78332520060396
0,45.0,1,118.0,1,1,1,1,0,1,0,0,1,1,0,0,0,0,0,1.3862943611198906,7.76004068088038,7.00397413672268,6.212606095751519,0.0,8.28045768658256
1,62.0,1,674.0,0,1,1,0,0,0,1,0,1,0,0,0,0,1,0,0.0,0.0,0.0,0.0,0.0,0.0
1,43.0,1,609.0,1,1,1,0,0,0,1,0,1,0,0,0,0,1,0,0.0,0.0,0.0,0.0,0.0,0.0
0,27.0,0,610.0,1,1,1,1,0,0,0,0,1,0,0,0,0,1,0,5.0689042022202315,0.0,7.148345743900068,0.0,4.276666119016055,7.313886831633462
1,1.0,1,524.0,0,3,0,0,1,0,0,0,0,0,0,0,0,0,1,0.0,0.0,0.0,0.0,0.0,0.0
0,31.0,0,676.0,0,3,0,1,0,0,0,0,1,0,0,0,0,1,0,6.386879319362645,6.293419278846481,5.476463551931511,0.0,4.356708826689592,7.278628942320682
0,18.0,0,200.0,0,3,0,1,0,0,0,0,1,0,0,0,1,0,0,0.0,3.4339872044851463,0.0,6.6293632534374485,1.791759469228055,6.674561391814426
0,21.0,0,104.0,0,3,0,1,0,0,1,0,1,0,0,1,0,0,0,7.001245622069476,0.0,4.394449154672439,6.380122536899765,0.0,7.4770384723196965
0,7.0,1,677.0,0,3,0,0,1,0,1,0,1,0,0,0,0,1,0,0.0,0.0,0.0,0.0,0.0,0.0
0,22.0,0,104.0,0,3,0,1,0,0,1,0,1,0,0,1,0,0,0,7.881182202227102,0.0,6.396929655216146,4.770684624465665,0.0,8.12058871174027
1,26.0,0,215.0,1,1,1,0,0,0,1,0,1,0,0,0,1,0,0,0.0,0.0,0.0,0.0,0.0,0.0
1,30.0,1,515.0,1,1,1,0,0,0,0,0,1,0,0,0,0,0,1,0.0,0.0,0.0,0.0,0.0,0.0
0,17.0,0,216.0,1,1,1,1,0,0,0,0,1,0,0,0,1,0,0,0.0,5.948034989180646,5.998936561946683,0.0,2.0794415416798357,6.674561391814426
1,27.0,0,525.0,0,1,1,0,0,0,0,0,1,0,0,0,0,0,1,0.0,0.0,0.0,0.0,0.0,0.0
0,10.0,0,516.0,1,1,1,0,1,0,0,0,0,0,0,0,0,0,1,0.0,0.0,0.0,0.0,0.0,0.0
0,25.0,0,202.0,0,1,1,1,0,0,0,0,1,0,0,0,1,0,0,6.639875833826536,2.833213344056216,0.0,2.1972245773362196,0.0,6.670766320845874
0,21.0,0,526.0,0,1,1,0,0,0,0,0,1,0,0,0,0,0,1,0.0,0.0,0.0,0.0,0.0,0.0
0,53.0,0,613.0,1,1,1,1,0,0,0,0,0,0,0,0,0,1,0,2.1972245773362196,0.0,5.4680601411351315,0.0,7.6255950721324535,7.738052297689316
0,21.0,0,528.0,0,1,1,1,0,0,0,0,1,0,0,0,0,0,1,0.0,0.0,6.5337888379333435,3.8501476017100584,3.044522437723423,6.625392368007956
0,28.0,1,121.0,1,1,1,1,0,1,0,0,1,0,1,0,0,0,0,0.0,8.106514516255185,0.0,6.38856140554563,4.454347296253507,8.292798858200374
1,20.0,1,517.0,1,1,1,0,0,0,0,1,0,0,0,0,0,0,1,0.0,0.0,0.0,0.0,0.0,0.0
1,54.0,1,217.0,1,1,1,0,0,1,0,0,0,0,0,0,1,0,0,0.0,0.0,0.0,0.0,0.0,0.0
1,9.0,0,529.0,0,1,1,0,1,0,0,0,1,0,0,0,0,0,1,0.0,0.0,0.0,0.0,0.0,0.0
0,20.0,0,530.0,0,1,1,1,0,0,0,0,1,0,0,0,0,0,1,6.2324480165505225,0.0,0.6931471805599453,7.224753405767971,0.0,7.540090320145325
0,19.0,0,615.0,1,1,1,1,0,0,0,0,1,0,0,0,0,1,0,0.0,5.111987788356544,0.0,6.551080335043404,0.0,6.762729506931879
0,32.0,0,681.0,0,1,1,1,0,0,0,0,1,0,0,0,0,1,0,0.0,6.450470422144176,0.0,0.0,0.0,6.450470422144176
0,22.0,0,219.0,1,1,1,0,0,0,1,0,1,0,0,0,1,0,0,0.0,0.0,0.0,0.0,0.0,0.0
0,35.0,1,122.0,1,1,1,1,0,1,0,0,0,0,1,0,0,0,0,4.31748811353631,8.533656917446903,0.0,6.795705775173515,7.569411792450712,8.985570498917388
0,26.0,1,531.0,0,1,1,1,0,0,0,0,1,0,0,0,0,0,1,0.0,4.04305126783455,5.777652323222656,1.9459101490553132,5.497168225293202,6.4425401664681985
1,51.0,0,532.0,0,2,0,0,0,0,0,0,1,0,0,0,0,0,1,0.0,0.0,0.0,0.0,0.0,0.0
0,8.0,1,532.0,0,2,0,0,1,0,0,0,0,0,0,0,0,0,1,0.0,0.0,0.0,0.0,0.0,0.0
0,40.0,1,518.0,1,2,0,1,0,0,0,0,1,0,0,0,0,0,1,0.0,0.0,6.79794041297493,0.0,0.0,6.79794041297493
1,2.0,1,518.0,1,2,0,0,1,0,0,0,0,0,0,0,0,0,1,0.0,0.0,0.0,0.0,0.0,0.0
1,19.0,0,519.0,1,1,1,0,0,0,0,1,0,0,0,0,0,0,1,0.0,0.0,0.0,0.0,0.0,0.0
1,32.0,1,533.0,0,3,0,0,0,0,0,0,1,0,0,0,0,0,1,0.0,0.0,0.0,0.0,0.0,0.0
0,16.0,0,533.0,0,3,0,1,0,0,0,0,0,0,0,0,0,0,1,7.385851078125209,1.6094379124341003,0.0,5.220355825078325,0.0,7.496097345175956
0,64.0,0,533.0,0,3,0,1,0,0,0,0,1,0,0,0,0,0,1,0.0,0.0,2.833213344056216,6.598509028614515,5.075173815233827,6.812345094177479
0,35.0,1,617.0,1,1,1,1,0,0,0,0,0,0,0,0,0,1,0,5.54907608489522,0.0,5.834810737062605,3.58351893845611,0.0,6.450470422144176
0,33.0,0,29.0,0,1,1,1,0,1,0,0,1,0,0,0,0,0,0,3.044522437723423,6.483107351457199,0.0,4.804021044733257,6.182084906716632,7.15305163493748
0,9.0,1,123.0,1,4,0,0,1,1,0,0,0,0,1,0,0,0,0,0.0,0.0,0.0,0.0,0.0,0.0
1,21.0,1,123.0,1,4,0,0,0,1,0,0,1,0,1,0,0,0,0,0.0,0.0,0.0,0.0,0.0,0.0
1,28.0,1,123.0,1,4,0,0,0,1,0,0,1,0,1,0,0,0,0,0.0,0.0,0.0,0.0,0.0,0.0
1,28.0,1,123.0,1,4,0,0,0,1,0,0,1,0,1,0,0,0,0,0.0,0.0,0.0,0.0,0.0,0.0
1,31.0,1,534.0,0,2,0,0,0,0,0,1,0,0,0,0,0,0,1,0.0,0.0,0.0,0.0,0.0,0.0
0,32.0,0,684.0,0,2,0,1,0,0,0,0,0,0,0,0,0,1,0,7.048386408721883,5.308267697401205,0.0,0.0,2.1972245773362196,7.215239978730097
1,43.0,1,120.0,1,3,0,0,0,1,0,0,0,1,0,0,0,0,0,0.0,0.0,0.0,0.0,0.0,0.0
1,60.0,1,120.0,1,3,0,0,0,1,0,0,1,1,0,0,0,0,0,0.0,0.0,0.0,0.0,0.0,0.0
0,43.0,1,120.0,1,3,0,1,0,1,0,0,1,1,0,0,0,0,0,0.0,7.273092595999522,0.0,4.454347296253507,5.017279836814924,7.424165281042028
0,43.0,0,619.0,1,4,0,1,0,0,0,0,1,0,0,0,0,1,0,0.0,2.833213344056216,3.5553480614894135,6.625392368007956,0.6931471805599453,6.690842277418564
0,19.0,0,619.0,1,4,0,1,0,0,0,0,1,0,0,0,0,1,0,4.174387269895637,0.0,6.118097198041348,5.1647859739235145,1.9459101490553132,6.548219102762372
0,21.0,0,521.0,1,4,0,1,0,0,0,0,1,0,0,0,0,0,1,0.0,0.0,0.0,6.472346294500901,4.9344739331306915,6.665683717782408
0,38.0,0,521.0,1,4,0,1,0,0,0,0,1,0,0,0,0,0,1,0.0,0.0,0.0,6.741700694652055,0.0,6.741700694652055
1,17.0,1,535.0,0,2,0,0,0,0,0,1,0,0,0,0,0,0,1,0.0,0.0,0.0,0.0,0.0,0.0
1,29.0,1,535.0,0,2,0,0,0,0,0,1,0,0,0,0,0,0,1,0.0,0.0,0.0,0.0,0.0,0.0
0,2.0,1,522.0,1,3,0,0,1,0,0,1,0,0,0,0,0,0,1,0.0,0.0,0.0,0.0,0.0,0.0
0,22.0,1,933.5,1,3,0,1,0,0,0,0,1,0,0,0,0,1,0,6.577861357721047,1.0986122886681096,3.9318256327243257,0.0,0.0,6.647688373563329
0,18.0,0,621.0,1,3,0,1,0,0,0,0,0,0,0,0,0,1,0,0.0,0.0,2.70805020110221,6.439350371100098,0.0,6.461468176353717
1,16.0,1,536.0,0,1,1,0,0,0,0,0,1,0,0,0,0,0,1,0.0,0.0,0.0,0.0,0.0,0.0
1,52.0,1,121.0,1,5,0,0,0,1,0,0,1,1,0,0,0,0,0,0.0,0.0,0.0,0.0,0.0,0.0
0,52.0,0,933.5,1,5,0,1,0,1,0,0,0,0,0,0,0,1,0,2.639057329615259,8.711937268208748,0.0,9.248214024404264,5.703782474656201,9.727466108290653
1,14.0,1,121.0,1,5,0,0,1,1,0,0,0,1,0,0,0,0,0,0.0,0.0,0.0,0.0,0.0,0.0
0,25.0,1,121.0,1,5,0,0,0,1,0,0,1,1,0,0,0,0,0,0.0,0.0,0.0,0.0,0.0,0.0
1,34.0,1,121.0,1,5,0,0,0,1,0,0,1,1,0,0,0,0,0,0.0,0.0,0.0,0.0,0.0,0.0
0,20.0,1,623.0,1,1,1,1,0,0,1,0,1,0,0,0,0,1,0,6.82001636467413,2.5649493574615367,3.258096538021482,5.327876168789581,5.7430031878094825,7.292337176173877
1,28.0,1,537.0,0,2,0,0,0,0,0,1,0,0,0,0,0,0,1,0.0,0.0,0.0,0.0,0.0,0.0
1,27.0,0,537.0,0,2,0,0,0,0,0,0,1,0,0,0,0,0,1,0.0,0.0,0.0,0.0,0.0,0.0
0,20.0,0,538.0,0,1,1,1,0,0,0,0,0,0,0,0,0,0,1,7.8628820346414905,6.833031732786201,0.0,6.7650389767805414,1.0986122886681096,8.387995252944556
0,44.0,1,624.0,1,1,1,1,0,0,0,0,0,0,0,0,0,1,0,6.450470422144176,0.0,4.624972813284271,1.791759469228055,0.0,6.6052979209482015
0,64.0,0,686.0,0,1,1,1,0,0,0,0,1,0,0,0,0,1,0,5.749392985908253,6.663132695990803,2.1972245773362196,0.0,0.0,7.00669522683704
0,27.0,1,687.0,0,1,1,1,0,0,0,0,1,0,0,0,0,1,0,0.0,0.0,6.654152520183219,4.852030263919617,0.0,6.805722553416985
0,24.0,0,524.0,1,1,1,0,0,0,0,0,1,0,0,0,0,0,1,0.0,0.0,0.0,0.0,0.0,0.0
1,38.0,1,688.0,0,2,0,0,0,0,1,0,1,0,0,0,0,1,0,0.0,0.0,0.0,0.0,0.0,0.0
0,47.0,0,688.0,0,2,0,1,0,0,1,0,1,0,0,0,0,1,0,5.937536205082426,0.0,4.770684624465665,7.045776576879511,4.890349128221754,7.4815557019095165
1,8.0,1,525.0,1,4,0,0,1,0,0,0,0,0,0,0,0,0,1,0.0,0.0,0.0,0.0,0.0,0.0
0,1.0,1,525.0,1,4,0,0,1,0,0,0,1,0,0,0,0,0,1,0.0,0.0,0.0,0.0,0.0,0.0
0,0.0,1,525.0,1,4,0,0,1,0,0,0,0,0,0,0,0,0,1,0.0,0.0,0.0,0.0,0.0,0.0
0,20.0,1,525.0,1,4,0,0,0,0,0,0,1,0,0,0,0,0,1,0.0,0.0,0.0,0.0,0.0,0.0
1,41.0,1,105.0,0,1,1,0,0,1,0,0,1,0,0,1,0,0,0,0.0,0.0,0.0,0.0,0.0,0.0
1,35.0,0,106.0,0,2,0,0,0,0,1,0,1,0,0,1,0,0,0,0.0,0.0,0.0,0.0,0.0,0.0
0,31.0,0,106.0,0,2,0,1,0,0,1,0,0,0,0,1,0,0,0,6.97166860472579,2.639057329615259,5.017279836814924,3.6109179126442243,0.0,7.142827401161621
0,14.0,0,690.0,0,1,1,1,1,0,0,1,0,0,0,0,0,1,0,0.0,3.784189633918261,6.22455842927536,4.836281906951478,0.0,6.511745329644728
0,25.0,0,539.0,0,1,1,1,0,0,0,0,1,0,0,0,0,0,1,0.0,0.0,6.637258031284457,0.0,3.9318256327243257,6.70073110954781
1,26.0,1,107.0,0,1,1,0,0,1,0,0,1,0,0,1,0,0,0,0.0,0.0,0.0,0.0,0.0,0.0
0,26.0,0,221.0,1,1,1,1,0,1,0,0,1,0,0,0,1,0,0,0.0,7.40184157874383,0.0,6.1675164908883415,5.424950017481403,7.75833346749091
0,30.0,0,203.0,0,1,1,1,0,1,0,0,1,0,0,0,1,0,0,0.0,6.981934677156389,0.0,8.223090551161533,2.302585092994046,8.478660241699453
1,49.0,1,122.0,1,1,1,0,0,1,0,0,0,1,0,0,0,0,0,0.0,0.0,0.0,0.0,0.0,0.0
0,19.0,0,626.0,1,1,1,1,0,0,0,0,1,0,0,0,0,1,0,5.564520407322694,0.0,5.476463551931511,4.941642422609304,2.1972245773362196,6.470799503782602
0,15.0,0,627.0,1,1,1,1,0,0,0,0,1,0,0,0,0,1,0,2.3978952727983707,0.0,4.605170185988092,0.0,7.616775808698373,7.669028288589683
0,27.0,0,540.0,0,1,1,1,0,0,0,0,1,0,0,0,0,0,1,0.0,0.0,0.0,0.0,7.476472381163905,7.476472381163905
0,39.0,1,123.0,1,5,0,1,0,1,0,0,1,1,0,0,0,0,0,0.0,6.86484777797086,0.0,3.1354942159291497,5.996452088619021,7.2305631534092925
1,32.0,1,123.0,1,5,0,0,0,1,0,0,0,1,0,0,0,0,0,0.0,0.0,0.0,0.0,0.0,0.0
0,11.0,1,123.0,1,5,0,0,1,1,0,0,1,1,0,0,0,0,0,0.0,0.0,0.0,0.0,0.0,0.0
1,44.0,1,123.0,1,5,0,0,0,1,0,0,1,1,0,0,0,0,0,0.0,0.0,0.0,0.0,0.0,0.0
1,36.0,1,123.0,1,5,0,0,0,1,0,0,1,1,0,0,0,0,0,0.0,0.0,0.0,0.0,0.0,0.0
0,56.0,0,541.0,0,1,1,1,0,0,0,0,1,0,0,0,0,0,1,0.0,5.817111159963204,6.278521424165844,2.772588722239781,3.295836866004329,6.812345094177479
1,42.0,1,542.0,0,1,1,0,0,0,0,0,1,0,0,0,0,0,1,0.0,0.0,0.0,0.0,0.0,0.0
1,40.0,1,110.0,0,2,0,0,0,1,0,0,0,0,1,0,0,0,0,0.0,0.0,0.0,0.0,0.0,0.0
1,53.0,1,110.0,0,2,0,0,0,1,0,0,0,0,1,0,0,0,0,0.0,0.0,0.0,0.0,0.0,0.0
1,31.0,1,630.0,1,2,0,0,0,0,1,0,1,0,0,0,0,1,0,0.0,0.0,0.0,0.0,0.0,0.0
1,14.0,1,630.0,1,2,0,0,1,0,1,0,1,0,0,0,0,1,0,0.0,0.0,0.0,0.0,0.0,0.0
1,31.0,1,543.0,0,1,1,0,0,0,0,1,0,0,0,0,0,0,1,0.0,0.0,0.0,0.0,0.0,0.0
0,42.0,0,222.0,1,1,1,1,0,0,0,0,1,0,0,0,1,0,0,0.0,0.0,7.326465613840322,0.0,1.6094379124341003,7.329093736246591
0,32.0,0,528.0,1,1,1,1,0,0,0,0,1,0,0,0,0,0,1,0.0,0.0,0.0,0.0,6.650279048587422,6.650279048587422
0,34.0,0,691.0,0,1,1,1,0,0,0,0,1,0,0,0,0,1,0,6.361302477572996,0.0,0.0,0.0,5.780743515792329,6.804614520062624
1,55.0,1,544.0,0,1,1,0,0,0,0,0,1,0,0,0,0,0,1,0.0,0.0,0.0,0.0,0.0,0.0
0,42.0,0,692.0,0,1,1,1,0,0,1,0,1,0,0,0,0,1,0,7.3987862754199485,0.0,3.4011973816621555,1.6094379124341003,4.634728988229636,7.478169694159785
0,40.0,1,631.0,1,1,1,1,0,0,0,0,1,0,0,0,0,1,0,6.502790045915623,1.6094379124341003,4.430816798843313,0.0,3.9318256327243257,6.6895992691789665
0,48.0,0,107.0,1,3,0,1,0,0,1,0,0,0,0,1,0,0,0,6.715383386334681,1.0986122886681096,6.7226297948554485,5.700443573390686,0.0,7.578145472419466
1,37.0,1,107.0,1,3,0,0,0,0,1,0,1,0,0,1,0,0,0,0.0,0.0,0.0,0.0,0.0,0.0
1,17.0,1,107.0,1,3,0,0,0,0,1,0,0,0,0,1,0,0,0,0.0,0.0,0.0,0.0,0.0,0.0
1,60.0,1,693.0,0,1,1,0,0,0,1,0,1,0,0,0,0,1,0,0.0,0.0,0.0,0.0,0.0,0.0
1,19.0,1,125.0,1,3,0,0,0,1,0,0,0,1,0,0,0,0,0,0.0,0.0,0.0,0.0,0.0,0.0
0,30.0,0,125.0,1,3,0,1,0,1,0,0,1,1,0,0,0,0,0,0.0,5.198497031265826,4.51085950651685,8.954286157204713,4.962844630259907,9.006141236662911
0,32.0,0,125.0,1,3,0,1,0,1,0,0,1,1,0,0,0,0,0,0.0,0.0,2.0794415416798357,8.203577736937952,5.424950017481403,8.265392930852224
1,28.0,1,546.0,0,1,1,0,0,0,0,1,0,0,0,0,0,0,1,0.0,0.0,0.0,0.0,0.0,0.0
1,26.0,0,530.0,1,1,1,0,0,0,0,0,1,0,0,0,0,0,1,0.0,0.0,0.0,0.0,0.0,0.0
1,24.0,1,531.0,1,1,1,0,0,0,0,0,1,0,0,0,0,0,1,0.0,0.0,0.0,0.0,0.0,0.0
1,47.0,0,532.0,1,1,1,0,0,0,0,0,0,0,0,0,0,0,1,0.0,0.0,0.0,0.0,0.0,0.0
0,32.0,0,225.0,1,1,1,1,0,0,0,0,1,0,0,0,1,0,0,5.198497031265826,3.258096538021482,6.371611847231857,0.0,0.0,6.672032945461067
1,73.0,1,111.0,0,1,1,0,0,1,0,0,1,0,1,0,0,0,0,0.0,0.0,0.0,0.0,0.0,0.0
0,17.0,1,633.0,1,1,1,1,0,0,0,0,1,0,0,0,0,1,0,1.3862943611198906,7.6624678152002375,0.0,0.0,0.0,7.6638772587034705
1,47.0,0,547.0,0,1,1,0,0,0,0,1,0,0,0,0,0,0,1,0.0,0.0,0.0,0.0,0.0,0.0
0,27.0,0,125.0,1,6,0,1,0,1,0,0,1,0,1,0,0,0,0,0.0,5.37989735354046,5.2574953720277815,9.397898195565384,4.0943445622221,9.435801236245553
1,13.0,1,125.0,1,6,0,0,1,1,0,0,0,0,1,0,0,0,0,0.0,0.0,0.0,0.0,0.0,0.0
0,22.0,0,125.0,1,6,0,1,0,1,0,0,1,0,1,0,0,0,0,0.0,1.791759469228055,0.0,2.5649493574615367,8.718009330846357,8.720786883485731
0,61.0,1,125.0,1,6,0,1,0,1,0,0,1,0,1,0,0,0,0,0.0,8.314587291319576,0.0,5.583496308781699,5.308267697401205,8.422662707570003
0,19.0,1,125.0,1,6,0,1,0,1,0,0,0,0,1,0,0,0,0,0.0,8.410720946905721,0.0,2.4849066497880004,8.149312843635345,8.982937763741589
0,45.0,1,125.0,1,6,0,1,0,1,0,0,1,0,1,0,0,0,0,0.0,7.5485559791698735,0.0,6.78105762593618,6.406879986069314,8.12651816878071
1,18.0,0,535.0,1,1,1,0,0,0,0,1,0,0,0,0,0,0,1,0.0,0.0,0.0,0.0,0.0,0.0
0,32.0,0,536.0,1,1,1,1,0,0,0,0,1,0,0,0,0,0,1,0.0,6.698268054115413,0.0,0.0,1.0986122886681096,6.70073110954781
0,52.0,1,30.0,0,1,1,1,0,1,0,0,1,0,0,0,0,0,0,0.0,7.265429723253953,0.0,7.22402480828583,6.192362489474872,8.098338846189057
1,25.0,1,635.0,1,4,0,0,0,0,1,0,1,0,0,0,0,1,0,0.0,0.0,0.0,0.0,0.0,0.0
1,9.0,1,635.0,1,4,0,0,1,0,1,0,1,0,0,0,0,1,0,0.0,0.0,0.0,0.0,0.0,0.0
1,18.0,1,635.0,1,4,0,0,0,0,1,0,1,0,0,0,0,1,0,0.0,0.0,0.0,0.0,0.0,0.0
0,26.0,0,108.0,1,4,0,1,0,0,1,1,0,0,0,1,0,0,0,6.576469569048224,0.0,4.442651256490317,0.0,0.0,6.687108607866515
0,20.0,0,205.0,0,3,0,1,0,0,0,0,1,0,0,0,1,0,0,0.6931471805599453,3.970291913552122,6.280395838960195,0.0,6.930494765951626,7.3833681469923835
0,6.0,1,550.0,0,3,0,0,1,0,0,0,1,0,0,0,0,0,1,0.0,0.0,0.0,0.0,0.0,0.0
0,5.0,0,550.0,0,3,0,0,1,0,0,1,0,0,0,0,0,0,1,0.0,0.0,0.0,0.0,0.0,0.0
0,40.0,0,31.0,0,1,1,1,0,1,0,0,0,0,0,0,0,0,0,0.0,5.921578419643816,2.0794415416798357,1.791759469228055,7.291656209174461,7.524021415206125
1,20.0,1,537.0,1,1,1,0,0,0,0,1,0,0,0,0,0,0,1,0.0,0.0,0.0,0.0,0.0,0.0
0,18.0,0,109.0,1,1,1,1,0,0,1,0,1,0,0,1,0,0,0,7.837159650001675,0.0,3.8501476017100584,0.0,0.0,7.8551570058813445
0,42.0,0,694.0,0,1,1,1,0,0,0,0,1,0,0,0,0,1,0,0.0,1.3862943611198906,0.0,6.80128303447162,0.6931471805599453,6.805722553416985
1,14.0,1,551.0,0,1,1,0,1,0,0,1,0,0,0,0,0,0,1,0.0,0.0,0.0,0.0,0.0,0.0
1,33.0,1,638.0,1,1,1,0,0,0,1,0,1,0,0,0,0,1,0,0.0,0.0,0.0,0.0,0.0,0.0
0,23.0,0,696.0,0,1,1,1,0,0,0,0,0,0,0,0,0,1,0,6.499787040655854,2.8903717578961645,0.0,0.0,0.0,6.525029657843462
1,35.0,0,539.0,1,1,1,0,0,0,0,0,1,0,0,0,0,0,1,0.0,0.0,0.0,0.0,0.0,0.0
0,53.0,0,697.0,0,2,0,1,0,0,0,1,0,0,0,0,0,1,0,1.0986122886681096,2.9444389791664403,6.559615237493242,0.0,0.6931471805599453,6.588926477533519
1,56.0,1,553.0,0,2,0,0,0,0,0,0,1,0,0,0,0,0,1,0.0,0.0,0.0,0.0,0.0,0.0
0,35.0,0,698.0,0,1,1,1,0,0,0,0,0,0,0,0,0,1,0,0.6931471805599453,0.0,3.6375861597263857,6.579251212010101,0.0,6.630683385642372
0,18.0,0,699.0,0,3,0,1,0,0,0,0,1,0,0,0,0,1,0,0.6931471805599453,4.04305126783455,0.0,6.401917196727186,5.327876168789581,6.762729506931879
0,25.0,0,207.0,0,3,0,1,0,0,0,0,1,0,0,0,1,0,0,4.672828834461906,3.8501476017100584,0.0,0.0,6.738152494595957,6.903747257584598
1,20.0,1,554.0,0,3,0,0,0,0,0,0,0,0,0,0,0,0,1,0.0,0.0,0.0,0.0,0.0,0.0
1,44.0,1,641.0,1,1,1,0,0,0,1,0,1,0,0,0,0,1,0,0.0,0.0,0.0,0.0,0.0,0.0
1,26.0,0,540.0,1,1,1,0,0,0,0,0,1,0,0,0,0,0,1,0.0,0.0,0.0,0.0,0.0,0.0
0,23.0,1,642.0,1,1,1,1,0,0,1,0,1,0,0,0,0,1,0,3.2188758248682006,0.6931471805599453,7.142827401161621,0.0,0.0,7.162397497355718
1,39.0,1,643.0,1,1,1,0,0,0,1,0,1,0,0,0,0,1,0,0.0,0.0,0.0,0.0,0.0,0.0
1,25.0,1,105.0,0,2,0,0,0,1,0,0,1,1,0,0,0,0,0,0.0,0.0,0.0,0.0,0.0,0.0
0,42.0,0,105.0,0,2,0,1,0,1,0,0,0,1,0,0,0,0,0,0.0,7.098375638590786,0.0,6.934397209928558,6.456769655572163,7.962763930168115
0,20.0,1,541.0,1,4,0,1,0,0,0,0,1,0,0,0,0,0,1,0.0,3.6888794541139363,6.7226297948554485,2.8903717578961645,0.0,6.787844982309579
1,4.0,1,541.0,1,4,0,0,1,0,0,0,1,0,0,0,0,0,1,0.0,0.0,0.0,0.0,0.0,0.0
1,64.0,1,541.0,1,4,0,0,0,0,0,0,1,0,0,0,0,0,1,0.0,0.0,0.0,0.0,0.0,0.0
0,0.0,1,541.0,1,4,0,0,1,0,0,0,1,0,0,0,0,0,1,0.0,0.0,0.0,0.0,0.0,0.0
0,19.0,1,700.0,0,1,1,1,0,0,0,1,0,0,0,0,0,1,0,0.0,6.139884552226255,5.598421958998375,0.0,1.6094379124341003,6.602587892189336
0,6.0,0,542.0,1,1,1,0,1,0,0,0,0,0,0,0,0,0,1,0.0,0.0,0.0,0.0,0.0,0.0
1,23.0,1,106.0,0,1,1,0,0,1,0,0,1,1,0,0,0,0,0,0.0,0.0,0.0,0.0,0.0,0.0
0,22.0,0,543.0,1,1,1,1,0,0,0,0,1,0,0,0,0,0,1,0.0,5.598421958998375,0.0,4.61512051684126,3.367295829986474,5.986452005284438
0,18.0,1,545.0,1,1,1,1,0,0,0,0,1,0,0,0,0,0,1,0.0,0.0,7.269616749608169,0.0,0.0,7.269616749608169
0,21.0,0,231.0,1,1,1,1,0,0,1,0,1,0,0,0,1,0,0,1.0986122886681096,0.0,6.80128303447162,5.003946305945459,0.0,6.955592608396297
0,37.0,1,556.0,0,1,1,1,0,0,0,1,0,0,0,0,0,0,1,5.733341276897746,3.58351893845611,6.030685260261263,2.3978952727983707,0.0,6.645090969505644
1,24.0,1,557.0,0,1,1,0,0,0,0,0,0,0,0,0,0,0,1,0.0,0.0,0.0,0.0,0.0,0.0
1,38.0,0,546.0,1,3,0,0,0,0,0,0,1,0,0,0,0,0,1,0.0,0.0,0.0,0.0,0.0,0.0
0,11.0,1,546.0,1,3,0,0,1,0,0,0,1,0,0,0,0,0,1,0.0,0.0,0.0,0.0,0.0,0.0
0,6.0,0,546.0,1,3,0,0,1,0,0,0,0,0,0,0,0,0,1,0.0,0.0,0.0,0.0,0.0,0.0
0,49.0,0,112.0,0,2,0,1,0,1,0,0,1,0,1,0,0,0,0,0.0,4.653960350157523,6.697034247666484,8.207674424355282,2.0794415416798357,8.431417414394833
0,55.0,0,112.0,0,2,0,1,0,1,0,0,1,0,1,0,0,0,0,0.0,8.69483715865908,5.0689042022202315,8.325063693631197,7.59337419312129,9.412382853382338
1,15.0,1,547.0,1,1,1,0,0,0,0,0,1,0,0,0,0,0,1,0.0,0.0,0.0,0.0,0.0,0.0
0,19.0,0,701.0,0,1,1,1,0,0,0,0,1,0,0,0,0,1,0,4.51085950651685,0.0,0.0,4.31748811353631,6.39024066706535,6.633318433280377
1,16.0,1,558.0,0,1,1,0,0,0,0,0,1,0,0,0,0,0,1,0.0,0.0,0.0,0.0,0.0,0.0
0,48.0,0,107.0,0,3,0,1,0,1,0,0,1,1,0,0,0,0,0,0.0,2.5649493574615367,0.0,8.983188799264434,2.772588722239781,8.986571625268054
1,25.0,1,107.0,0,3,0,0,0,1,0,0,0,1,0,0,0,0,0,0.0,0.0,0.0,0.0,0.0,0.0
0,23.0,1,107.0,0,3,0,1,0,1,0,0,1,1,0,0,0,0,0,1.0986122886681096,8.817149624743406,0.0,3.1780538303479458,0.0,8.820847033377717
1,27.0,0,559.0,0,1,1,0,0,0,0,1,0,0,0,0,0,0,1,0.0,0.0,0.0,0.0,0.0,0.0
0,39.0,0,702.0,0,1,1,1,0,0,0,0,1,0,0,0,0,1,0,6.226536669287466,5.187385805840755,5.204006687076795,0.0,0.0,6.762729506931879
0,28.0,1,703.0,0,1,1,1,0,0,0,0,1,0,0,0,0,1,0,0.0,7.227662498728655,1.6094379124341003,0.0,0.0,7.2305631534092925
1,72.0,1,646.0,1,1,1,0,0,0,1,0,1,0,0,0,0,1,0,0.0,0.0,0.0,0.0,0.0,0.0
0,47.0,0,108.0,0,1,1,1,0,0,1,0,1,0,0,1,0,0,0,7.7266536648476425,0.0,4.770684624465665,0.0,0.0,7.776954403322442
1,65.0,0,548.0,1,1,1,0,0,0,0,0,1,0,0,0,0,0,1,0.0,0.0,0.0,0.0,0.0,0.0
0,40.0,0,704.0,0,1,1,1,0,0,0,1,0,0,0,0,0,1,0,2.772588722239781,0.0,0.0,6.508769136971682,0.0,6.530877627725885
0,18.0,1,209.0,0,2,0,0,0,1,0,0,0,0,0,0,1,0,0,0.0,0.0,0.0,0.0,0.0,0.0
1,27.0,1,209.0,0,2,0,0,0,1,0,0,1,0,0,0,1,0,0,0.0,0.0,0.0,0.0,0.0,0.0
1,21.0,1,561.0,0,1,1,0,0,0,0,0,1,0,0,0,0,0,1,0.0,0.0,0.0,0.0,0.0,0.0
0,37.0,0,233.0,1,1,1,1,0,0,0,0,1,0,0,0,1,0,0,5.25227342804663,0.0,1.0986122886681096,6.684611727667927,0.0,6.899723107284872
0,31.0,0,234.0,1,1,1,1,0,1,0,0,1,0,0,0,1,0,0,0.0,7.104144092987527,0.0,6.8001700683022,6.171700597410915,7.860185057472165
0,33.0,0,549.0,1,1,1,1,0,0,0,0,1,0,0,0,0,0,1,3.1354942159291497,3.6375861597263857,6.030685260261263,0.0,5.8111409929767,6.694562058521095
1,53.0,1,113.0,0,2,0,0,0,1,0,0,0,0,1,0,0,0,0,0.0,0.0,0.0,0.0,0.0,0.0
0,27.0,1,113.0,0,2,0,1,0,1,0,0,1,0,1,0,0,0,0,0.0,9.824552564447986,0.0,1.0986122886681096,8.262558973010657,10.014984203549803
0,74.0,1,551.0,1,1,1,1,0,0,0,0,1,0,0,0,0,0,1,0.0,5.267858159063328,6.366470447731438,0.0,0.0,6.652863029353347
1,27.0,1,705.0,0,1,1,0,0,0,1,0,1,0,0,0,0,1,0,0.0,0.0,0.0,0.0,0.0,0.0
0,23.0,0,706.0,0,1,1,1,0,0,0,1,0,0,0,0,0,1,0,5.945420608606575,0.0,4.927253685157205,4.653960350157523,2.1972245773362196,6.447305862541213
0,74.0,0,114.0,0,1,1,1,0,1,0,0,0,0,1,0,0,0,0,0.0,6.934397209928558,0.0,8.797397374012059,4.787491742782046,8.956995311928852
1,23.0,1,562.0,0,1,1,0,0,0,0,0,1,0,0,0,0,0,1,0.0,0.0,0.0,0.0,0.0,0.0
0,26.0,0,553.0,1,2,0,1,0,0,0,1,0,0,0,0,0,0,1,1.9459101490553132,0.0,5.993961427306569,1.0986122886681096,5.924255797414532,6.661854740545311
1,0.0,1,553.0,1,2,0,0,1,0,0,0,1,0,0,0,0,0,1,0.0,0.0,0.0,0.0,0.0,0.0
1,0.0,1,564.0,0,2,0,0,1,0,0,0,1,0,0,0,0,0,1,0.0,0.0,0.0,0.0,0.0,0.0
0,24.0,0,707.0,0,2,0,1,0,0,0,0,0,0,0,0,0,1,0,4.564348191467836,3.58351893845611,7.274479558773871,0.0,0.0,7.360739903058278
1,28.0,1,130.0,1,4,0,0,0,1,0,0,1,1,0,0,0,0,0,0.0,0.0,0.0,0.0,0.0,0.0
0,17.0,1,130.0,1,4,0,0,0,1,0,0,1,1,0,0,0,0,0,0.0,0.0,0.0,0.0,0.0,0.0
1,26.0,1,130.0,1,4,0,0,0,1,0,0,0,1,0,0,0,0,0,0.0,0.0,0.0,0.0,0.0,0.0
0,39.0,0,130.0,1,4,0,1,0,1,0,0,1,1,0,0,0,0,0,0.0,1.0986122886681096,0.0,6.813444599510896,8.09925056179696,8.343553835005117
0,17.0,0,565.0,0,1,1,1,0,0,0,0,1,0,0,0,0,0,1,0.0,4.430816798843313,0.0,0.0,6.8501261661455,6.934397209928558
0,15.0,0,647.0,1,1,1,1,0,0,0,0,0,0,0,0,0,1,0,5.860786223465865,0.0,4.5217885770490405,5.293304824724492,0.0,6.461468176353717
0,37.0,0,708.0,0,1,1,1,0,0,0,0,1,0,0,0,0,1,0,6.222576268071369,0.0,3.295836866004329,0.0,4.762173934797756,6.470799503782602
0,38.0,1,648.0,1,1,1,1,0,0,0,0,1,0,0,0,0,1,0,6.675823221634848,0.0,0.0,0.6931471805599453,3.4011973816621555,6.71295620067707
0,33.0,1,131.0,1,4,0,1,0,1,0,0,0,1,0,0,0,0,0,0.0,10.20625526240595,0.0,2.772588722239781,0.0,10.206809186975589
1,16.0,1,131.0,1,4,0,0,0,1,0,0,1,1,0,0,0,0,0,0.0,0.0,0.0,0.0,0.0,0.0
0,41.0,1,131.0,1,4,0,1,0,1,0,0,1,1,0,0,0,0,0,0.0,6.476972362889683,0.0,6.852242569051878,0.0,7.374629015218945
0,7.0,1,131.0,1,4,0,0,1,1,0,0,1,1,0,0,0,0,0,0.0,0.0,0.0,0.0,0.0,0.0
0,20.0,0,554.0,1,1,1,1,0,0,0,0,1,0,0,0,0,0,1,0.6931471805599453,6.634633357861686,0.0,3.091042453358316,0.0,6.663132695990803
1,44.0,1,555.0,1,1,1,0,0,0,0,1,0,0,0,0,0,0,1,0.0,0.0,0.0,0.0,0.0,0.0
0,42.0,0,649.0,1,1,1,1,0,0,0,0,1,0,0,0,0,1,0,7.087573705557973,0.0,0.0,4.23410650459726,0.6931471805599453,7.143617602704121
0,29.0,0,556.0,1,1,1,1,0,0,0,0,1,0,0,0,0,0,1,0.0,1.6094379124341003,0.0,0.0,6.807934943699926,6.812345094177479
0,22.0,1,132.0,1,2,0,1,0,1,0,0,0,1,0,0,0,0,0,0.0,8.345217926676428,3.295836866004329,7.809135398120538,6.1463292576688975,8.876823763180603
0,21.0,1,132.0,1,2,0,1,0,1,0,0,1,1,0,0,0,0,0,0.0,7.949797216161852,0.0,6.028278520230698,6.326149473155099,8.244596756382498
1,21.0,0,567.0,0,1,1,0,0,0,0,0,1,0,0,0,0,0,1,0.0,0.0,0.0,0.0,0.0,0.0
1,21.0,0,568.0,0,1,1,0,0,0,0,0,1,0,0,0,0,0,1,0.0,0.0,0.0,0.0,0.0,0.0
1,13.0,1,709.0,0,1,1,0,1,0,1,0,1,0,0,0,0,1,0,0.0,0.0,0.0,0.0,0.0,0.0
1,16.0,1,558.0,1,1,1,0,0,0,0,1,0,0,0,0,0,0,1,0.0,0.0,0.0,0.0,0.0,0.0
1,36.0,1,710.0,0,1,1,0,0,0,1,0,0,0,0,0,0,1,0,0.0,0.0,0.0,0.0,0.0,0.0
1,36.0,1,560.0,1,1,1,0,0,0,0,0,1,0,0,0,0,0,1,0.0,0.0,0.0,0.0,0.0,0.0
0,26.0,0,569.0,0,1,1,1,0,0,0,1,0,0,0,0,0,0,1,4.465908118654584,5.934894195619588,0.0,0.0,4.356708826689592,6.293419278846481
1,28.0,1,115.0,0,1,1,0,0,1,0,0,1,0,1,0,0,0,0,0.0,0.0,0.0,0.0,0.0,0.0
0,14.0,0,561.0,1,2,0,1,1,0,0,0,1,0,0,0,0,0,1,0.0,0.0,6.280395838960195,5.58724865840025,4.543294782270004,6.794586580876499
1,29.0,0,561.0,1,2,0,0,0,0,0,0,1,0,0,0,0,0,1,0.0,0.0,0.0,0.0,0.0,0.0
0,19.0,0,711.0,0,1,1,1,0,0,1,0,1,0,0,0,0,1,0,6.2285110035911835,0.0,5.981414211254481,5.075173815233827,5.438079308923196,7.162397497355718
0,51.0,0,712.0,0,1,1,1,0,0,0,0,1,0,0,0,0,1,0,4.51085950651685,0.0,0.0,6.782192056006791,0.0,6.879355804460439
1,64.0,1,562.0,1,1,1,0,0,0,0,0,1,0,0,0,0,0,1,0.0,0.0,0.0,0.0,0.0,0.0
1,41.0,1,109.0,0,1,1,0,0,1,0,0,1,1,0,0,0,0,0,0.0,0.0,0.0,0.0,0.0,0.0
1,27.0,0,563.0,1,2,0,0,0,0,0,0,1,0,0,0,0,0,1,0.0,0.0,0.0,0.0,0.0,0.0
1,16.0,1,563.0,1,2,0,0,0,0,0,0,0,0,0,0,0,0,1,0.0,0.0,0.0,0.0,0.0,0.0
0,20.0,0,654.0,1,1,1,1,0,0,0,0,1,0,0,0,0,1,0,0.0,6.78105762593618,1.791759469228055,3.258096538021482,6.19644412779452,7.244941546337007
1,31.0,1,110.0,0,4,0,0,0,1,0,0,1,1,0,0,0,0,0,0.0,0.0,0.0,0.0,0.0,0.0
0,38.0,0,110.0,0,4,0,1,0,1,0,0,1,1,0,0,0,0,0,0.0,6.859614903654202,0.0,0.0,7.490529402060711,7.916807490937603
1,59.0,1,110.0,0,4,0,0,0,1,0,0,0,1,0,0,0,0,0,0.0,0.0,0.0,0.0,0.0,0.0
1,18.0,1,110.0,0,4,0,0,0,1,0,0,1,1,0,0,0,0,0,0.0,0.0,0.0,0.0,0.0,0.0
1,33.0,1,126.0,1,3,0,0,0,1,0,0,1,0,1,0,0,0,0,0.0,0.0,0.0,0.0,0.0,0.0
0,33.0,0,126.0,1,3,0,1,0,1,0,0,1,0,1,0,0,0,0,0.0,6.3818160174060985,0.0,1.3862943611198906,8.790269111478656,8.876684166614451
0,49.0,1,126.0,1,3,0,1,0,1,0,0,0,0,1,0,0,0,0,0.0,9.078749951588586,2.772588722239781,5.0106352940962555,5.187385805840755,9.11701821474481
0,4.0,1,571.0,0,4,0,0,1,0,0,0,0,0,0,0,0,0,1,0.0,0.0,0.0,0.0,0.0,0.0
0,0.0,1,571.0,0,4,0,0,1,0,0,0,0,0,0,0,0,0,1,0.0,0.0,0.0,0.0,0.0,0.0
0,0.0,1,571.0,0,4,0,0,1,0,0,0,0,0,0,0,0,0,1,0.0,0.0,0.0,0.0,0.0,0.0
0,24.0,0,571.0,0,4,0,1,0,0,0,0,1,0,0,0,0,0,1,0.6931471805599453,6.148468295917647,1.6094379124341003,0.0,5.834810737062605,6.70196036600254
0,52.0,0,111.0,0,1,1,0,0,1,0,0,1,1,0,0,0,0,0,0.0,0.0,0.0,0.0,0.0,0.0
0,50.0,0,655.0,1,1,1,1,0,0,0,1,0,0,0,0,0,1,0,4.804021044733257,6.326149473155099,0.0,2.3978952727983707,0.0,6.536691597591305
0,31.0,0,717.0,0,1,1,1,0,0,0,1,0,0,0,0,0,1,0,0.0,6.4425401664681985,0.6931471805599453,0.0,2.639057329615259,6.464588303689961
1,25.0,0,573.0,0,2,0,0,0,0,0,0,1,0,0,0,0,0,1,0.0,0.0,0.0,0.0,0.0,0.0
0,62.0,1,718.0,0,2,0,1,0,0,0,1,0,0,0,0,0,1,0,1.3862943611198906,0.0,7.975564658495202,0.0,0.0,7.976595409316577
0,49.0,0,237.0,1,3,0,1,0,1,0,0,1,0,0,0,1,0,0,0.0,7.526178913346146,0.0,5.117993812416755,7.412160334945205,8.209852481301272
1,24.0,1,237.0,1,3,0,0,0,1,0,0,1,0,0,0,1,0,0,0.0,0.0,0.0,0.0,0.0,0.0
0,33.0,1,237.0,1,3,0,1,0,1,0,0,1,0,0,0,1,0,0,0.0,8.057694194815587,0.0,4.882801922586371,0.0,8.098338846189057
0,20.0,1,656.0,1,1,1,1,0,0,0,0,1,0,0,0,0,1,0,0.0,6.327936783729195,3.091042453358316,0.0,1.791759469228055,6.373319789577012
0,46.0,0,39.0,1,1,1,1,0,1,0,0,0,0,0,0,0,0,0,0.0,0.0,0.0,7.333023014386481,8.029432840581244,8.433594167539924
0,26.0,0,110.0,0,2,0,0,0,1,0,0,1,0,0,1,0,0,0,0.0,0.0,0.0,0.0,0.0,0.0
0,52.0,0,110.0,0,2,0,1,0,1,0,0,1,0,0,1,0,0,0,1.9459101490553132,7.755338812846501,2.4849066497880004,7.047517221357296,0.6931471805599453,8.160803920954665
0,28.0,0,719.0,0,2,0,1,0,0,1,0,1,0,0,0,0,1,0,5.616771097666572,0.0,6.542471960506805,6.851184927493743,0.0,7.555905093611346
1,39.0,1,719.0,0,2,0,0,0,0,1,0,1,0,0,0,0,1,0,0.0,0.0,0.0,0.0,0.0,0.0
0,29.0,1,111.0,0,2,0,1,0,1,0,0,1,0,0,1,0,0,0,1.6094379124341003,8.143226750367443,0.0,0.0,0.0,8.144388865547622
0,19.0,1,111.0,0,2,0,1,0,1,0,0,0,0,0,1,0,0,0,0.0,7.206377291472252,0.0,7.471363088187097,3.6375861597263857,8.052296499538647
0,15.0,0,720.0,0,1,1,1,0,0,0,0,1,0,0,0,0,1,0,0.0,0.0,0.0,1.9459101490553132,6.410174881966167,6.419994928147142
0,33.0,0,238.0,1,1,1,1,0,0,0,0,1,0,0,0,1,0,0,3.8066624897703196,6.447305862541213,2.9444389791664403,4.574710978503383,0.0,6.670766320845874
0,47.0,1,127.0,1,4,0,1,0,1,0,0,1,0,1,0,0,0,0,0.0,9.276128112514186,0.0,5.6131281063880705,4.394449154672439,9.308646060760307
0,34.0,1,127.0,1,4,0,1,0,1,0,0,1,0,1,0,0,0,0,0.0,8.737131611781498,0.0,7.731930721948486,6.376726947898627,9.115590035430372
1,26.0,1,127.0,1,4,0,0,0,1,0,0,0,0,1,0,0,0,0,0.0,0.0,0.0,0.0,0.0,0.0
1,15.0,1,127.0,1,4,0,0,0,1,0,0,1,0,1,0,0,0,0,0.0,0.0,0.0,0.0,0.0,0.0
1,27.0,1,722.0,0,2,0,0,0,0,1,0,1,0,0,0,0,1,0,0.0,0.0,0.0,0.0,0.0,0.0
0,27.0,0,722.0,0,2,0,1,0,0,1,0,1,0,0,0,0,1,0,6.297109319933935,0.0,7.116394144093465,0.0,0.6931471805599453,7.4815557019095165
0,38.0,0,113.0,0,1,1,1,0,0,1,0,1,0,0,1,0,0,0,4.204692619390966,0.0,6.899723107284872,0.0,0.0,6.964135612418245
0,21.0,0,574.0,0,4,0,1,0,0,0,0,1,0,0,0,0,0,1,5.2832037287379885,1.791759469228055,6.51471269087253,2.5649493574615367,3.044522437723423,6.811244378601294
0,1.0,1,574.0,0,4,0,0,1,0,0,0,1,0,0,0,0,0,1,0.0,0.0,0.0,0.0,0.0,0.0
0,38.0,1,723.0,0,4,0,1,0,0,0,0,1,0,0,0,0,1,0,0.0,6.933423025730715,3.1780538303479458,0.0,0.0,6.955592608396297
0,0.0,0,574.0,0,4,0,0,1,0,0,0,1,0,0,0,0,0,1,0.0,0.0,0.0,0.0,0.0,0.0
0,32.0,0,933.5,1,1,1,1,0,0,1,0,1,0,0,0,0,1,0,7.149131598557407,0.0,7.00669522683704,2.302585092994046,0.0,7.776954403322442
1,27.0,1,575.0,0,1,1,0,0,0,0,0,1,0,0,0,0,0,1,0.0,0.0,0.0,0.0,0.0,0.0
1,48.0,1,113.0,0,1,1,0,0,1,0,0,0,1,0,0,0,0,0,0.0,0.0,0.0,0.0,0.0,0.0
0,22.0,0,661.0,1,1,1,1,0,0,1,0,0,0,0,0,0,1,0,4.8283137373023015,0.0,7.475339236566737,0.0,6.922643891475888,7.973155433444133
0,28.0,0,662.0,1,1,1,1,0,0,0,0,0,0,0,0,0,1,0,0.6931471805599453,0.0,6.754604099487962,0.0,0.0,6.755768921984256
0,19.0,0,576.0,0,1,1,1,0,0,0,0,1,0,0,0,0,0,1,4.812184355372417,5.14166355650266,3.970291913552122,0.0,6.144185634125646,6.697034247666484
1,37.0,0,725.0,0,2,0,0,0,0,1,0,1,0,0,0,0,1,0,0.0,0.0,0.0,0.0,0.0,0.0
1,46.0,1,725.0,0,2,0,0,0,0,1,0,1,0,0,0,0,1,0,0.0,0.0,0.0,0.0,0.0,0.0
1,26.0,1,566.0,1,1,1,0,0,0,0,0,1,0,0,0,0,0,1,0.0,0.0,0.0,0.0,0.0,0.0
0,16.0,1,577.0,0,3,0,1,0,0,0,0,1,0,0,0,0,0,1,0.0,0.0,6.583409222158765,0.0,0.6931471805599453,6.584791392385716
1,0.0,1,577.0,0,3,0,0,1,0,0,0,1,0,0,0,0,0,1,0.0,0.0,0.0,0.0,0.0,0.0
1,0.0,1,577.0,0,3,0,0,1,0,0,0,1,0,0,0,0,0,1,0.0,0.0,0.0,0.0,0.0,0.0
0,26.0,0,578.0,0,2,0,1,0,0,0,0,1,0,0,0,0,0,1,0.0,6.393590753950631,0.0,0.0,5.3612921657094255,6.697034247666484
1,13.0,1,933.5,1,2,0,0,1,0,0,1,0,0,0,0,0,1,0,0.0,0.0,0.0,0.0,0.0,0.0
1,23.0,1,933.5,1,2,0,0,0,1,0,0,0,0,0,0,0,1,0,0.0,0.0,0.0,0.0,0.0,0.0
1,70.0,1,135.0,1,2,0,0,0,1,0,0,1,1,0,0,0,0,0,0.0,0.0,0.0,0.0,0.0,0.0
1,21.0,1,664.0,1,1,1,0,0,0,0,0,1,0,0,0,0,1,0,0.0,0.0,0.0,0.0,0.0,0.0
1,40.0,1,727.0,0,1,1,0,0,0,1,0,1,0,0,0,0,1,0,0.0,0.0,0.0,0.0,0.0,0.0
0,18.0,0,729.0,0,1,1,1,0,0,1,0,1,0,0,0,0,1,0,6.598509028614515,0.0,6.535241271013659,0.6931471805599453,0.0,7.260522598089852
0,23.0,1,666.0,1,1,1,1,0,0,0,0,1,0,0,0,0,1,0,0.6931471805599453,0.0,6.658011045870748,2.1972245773362196,0.0,6.669498089857879
1,15.0,1,568.0,1,1,1,0,0,0,0,0,1,0,0,0,0,0,1,0.0,0.0,0.0,0.0,0.0,0.0
0,28.0,0,731.0,0,2,0,1,0,0,1,0,0,0,0,0,0,1,0,6.697034247666484,0.0,3.4657359027997265,6.598509028614515,0.0,7.3613754289773485
1,45.0,1,731.0,0,2,0,0,0,0,1,0,1,0,0,0,0,1,0,0.0,0.0,0.0,0.0,0.0,0.0
0,18.0,0,211.0,0,1,1,1,0,0,1,0,1,0,0,0,1,0,0,7.4673710669175595,3.9318256327243257,5.638354669333745,1.0986122886681096,0.0,7.641084249174914
0,23.0,0,732.0,0,1,1,1,0,0,0,0,1,0,0,0,0,1,0,0.0,3.4339872044851463,0.0,4.672828834461906,6.340359303727752,6.555356891810665
0,36.0,0,933.5,1,2,0,1,0,0,1,0,1,0,0,0,0,1,0,7.173958319756794,0.0,2.0794415416798357,2.9444389791664403,0.0,7.1929342212158
1,25.0,1,668.0,1,2,0,0,0,0,1,0,1,0,0,0,0,1,0,0.0,0.0,0.0,0.0,0.0,0.0
1,28.0,1,40.0,1,1,1,0,0,1,0,0,0,0,0,0,0,0,0,0.0,0.0,0.0,0.0,0.0,0.0
0,29.0,0,733.0,0,1,1,1,0,0,0,0,0,0,0,0,0,1,0,0.0,2.3978952727983707,0.0,0.0,6.573680166960646,6.587550014824796
0,31.0,0,239.0,1,1,1,1,0,0,0,0,1,0,0,0,1,0,0,0.6931471805599453,4.709530201312334,5.616771097666572,3.332204510175204,5.932245187448011,6.670766320845874
1,14.0,1,579.0,0,1,1,0,1,0,0,1,0,0,0,0,0,0,1,0.0,0.0,0.0,0.0,0.0,0.0
1,31.0,1,669.0,1,1,1,0,0,0,1,0,1,0,0,0,0,1,0,0.0,0.0,0.0,0.0,0.0,0.0
0,39.0,1,116.0,0,3,0,1,0,1,0,0,1,0,1,0,0,0,0,0.0,7.9391588179567965,0.0,4.875197323201151,4.941642422609304,8.03073492409854
1,17.0,1,116.0,0,3,0,0,0,1,0,0,0,0,1,0,0,0,0,0.0,0.0,0.0,0.0,0.0,0.0
1,56.0,1,116.0,0,3,0,0,0,1,0,0,1,0,1,0,0,0,0,0.0,0.0,0.0,0.0,0.0,0.0
0,36.0,0,672.0,1,1,1,1,0,0,0,0,1,0,0,0,0,1,0,0.0,2.3978952727983707,0.0,0.0,0.0,2.3978952727983707
0,21.0,0,112.0,1,1,1,1,0,0,1,0,0,0,0,1,0,0,0,7.003065458786462,0.0,7.507141079727608,0.0,0.0,7.979338895262328
0,48.0,1,580.0,0,1,1,1,0,0,0,0,1,0,0,0,0,0,1,0.0,7.492760300922379,0.0,0.0,1.791759469228055,7.495541943884256
1,53.0,0,570.0,1,3,0,0,0,0,0,0,1,0,0,0,0,0,1,0.0,0.0,0.0,0.0,0.0,0.0
1,5.0,0,570.0,1,3,0,0,1,0,0,1,0,0,0,0,0,0,1,0.0,0.0,0.0,0.0,0.0,0.0
1,21.0,0,570.0,1,3,0,0,0,0,0,0,1,0,0,0,0,0,1,0.0,0.0,0.0,0.0,0.0,0.0
0,50.0,0,136.0,1,2,0,1,0,1,0,0,0,1,0,0,0,0,0,1.6094379124341003,5.384495062789089,0.0,7.856319571406588,6.07993319509559,8.08301991917133
1,18.0,1,136.0,1,2,0,0,0,1,0,0,1,1,0,0,0,0,0,0.0,0.0,0.0,0.0,0.0,0.0
0,28.0,0,933.5,1,1,1,1,0,0,1,0,1,0,0,0,0,1,0,1.3862943611198906,0.0,0.0,5.793013608384144,7.628031126930335,7.776954403322442
0,28.0,1,735.0,0,1,1,1,0,0,0,0,1,0,0,0,0,1,0,6.642486801367256,0.0,0.6931471805599453,5.556828061699537,3.295836866004329,6.9584483932976555
1,18.0,1,572.0,1,1,1,0,0,0,0,0,1,0,0,0,0,0,1,0.0,0.0,0.0,0.0,0.0,0.0
0,37.0,0,115.0,0,2,0,1,0,0,1,0,1,0,0,1,0,0,0,4.3694478524670215,0.0,0.0,7.989221408815276,0.0,8.01532730902172
1,19.0,1,737.0,0,2,0,0,0,0,1,0,1,0,0,0,0,1,0,0.0,0.0,0.0,0.0,0.0,0.0
0,27.0,0,116.0,0,1,1,1,0,0,1,0,1,0,0,1,0,0,0,5.521460917862246,0.0,4.189654742026425,6.70073110954781,4.02535169073515,7.074963197966044
0,37.0,1,117.0,0,1,1,1,0,0,1,1,0,0,0,1,0,0,0,1.3862943611198906,0.0,6.68586094706836,4.343805421853684,0.0,6.779921907472252
1,43.0,1,738.0,0,2,0,0,0,0,1,0,1,0,0,0,0,1,0,0.0,0.0,0.0,0.0,0.0,0.0
0,17.0,1,118.0,0,2,0,1,0,0,1,0,1,0,0,1,0,0,0,7.388946097618437,0.0,7.48324441607385,0.0,0.0,8.130059039992796
0,21.0,0,212.0,0,2,0,1,0,0,1,0,0,0,0,0,1,0,0,7.856319571406588,5.872117789475416,7.055312843339752,4.941642422609304,6.3080984415095305,8.472405008626103
0,55.0,0,119.0,0,2,0,1,0,0,1,0,0,0,0,1,0,0,0,2.70805020110221,0.0,0.0,8.237214703349489,0.6931471805599453,8.24117615049496
1,14.0,1,581.0,0,1,1,0,1,0,0,0,1,0,0,0,0,0,1,0.0,0.0,0.0,0.0,0.0,0.0
1,24.0,0,582.0,0,1,1,0,0,0,0,0,1,0,0,0,0,0,1,0.0,0.0,0.0,0.0,0.0,0.0
1,26.0,1,583.0,0,1,1,0,0,0,0,1,0,0,0,0,0,0,1,0.0,0.0,0.0,0.0,0.0,0.0
0,19.0,1,573.0,1,1,1,1,0,0,0,0,0,0,0,0,0,0,1,0.0,5.820082930352362,6.2324480165505225,0.6931471805599453,0.0,6.740519359606223
0,20.0,0,739.0,0,1,1,1,0,0,0,0,1,0,0,0,0,1,0,0.0,0.0,7.89655270164304,3.58351893845611,5.831882477283517,8.027150106832774
0,14.0,0,740.0,0,1,1,1,1,0,0,0,1,0,0,0,0,1,0,3.4339872044851463,4.0943445622221,0.0,6.35088571671474,0.0,6.495265555937008
1,19.0,1,741.0,0,1,1,0,0,0,1,0,1,0,0,0,0,1,0,0.0,0.0,0.0,0.0,0.0,0.0
0,15.0,1,574.0,1,1,1,1,0,0,0,1,0,0,0,0,0,0,1,4.454347296253507,5.924255797414532,5.081404364984463,1.791759469228055,0.0,6.436150368369428
0,25.0,0,584.0,0,1,1,1,0,0,0,0,1,0,0,0,0,0,1,2.995732273553991,0.0,0.0,7.426549072397305,0.0,7.4377951216719325
0,24.0,0,673.0,1,1,1,1,0,0,0,1,0,0,0,0,0,1,0,0.0,3.5263605246161616,0.0,4.442651256490317,6.968850378341948,7.07326971745971
0,22.0,1,742.0,0,1,1,1,0,0,0,0,1,0,0,0,0,1,0,0.0,1.6094379124341003,0.0,0.0,7.145196134997171,7.148345743900068
0,26.0,0,743.0,0,1,1,1,0,0,1,0,1,0,0,0,0,1,0,7.072421900537371,2.0794415416798357,0.0,2.0794415416798357,0.0,7.084226422097916
1,23.0,1,933.5,1,1,1,0,0,0,1,0,0,0,0,0,0,1,0,0.0,0.0,0.0,0.0,0.0,0.0
0,20.0,0,675.0,1,1,1,1,0,0,0,1,0,0,0,0,0,1,0,0.0,0.0,0.6931471805599453,0.0,7.72356247227797,7.724004656676065
0,53.0,1,585.0,0,1,1,1,0,0,0,0,1,0,0,0,0,0,1,5.780743515792329,4.795790545596741,2.70805020110221,6.111467339502679,0.0,6.811244378601294
0,55.0,1,676.0,1,1,1,1,0,0,0,0,1,0,0,0,0,1,0,3.7612001156935624,1.6094379124341003,7.103322062526113,0.0,1.3862943611198906,7.142827401161621
0,22.0,0,586.0,0,1,1,1,0,0,0,0,1,0,0,0,0,0,1,0.0,0.0,0.0,6.606650186198215,3.4011973816621555,6.645090969505644
0,35.0,0,120.0,0,2,0,1,0,0,1,0,1,0,0,1,0,0,0,6.3578422665081,0.0,6.131226489483141,3.1354942159291497,0.0,6.964135612418245
0,40.0,0,120.0,0,2,0,1,0,0,1,0,1,0,0,1,0,0,0,6.669498089857879,0.0,4.48863636973214,0.0,0.0,6.775366090936392
0,22.0,0,214.0,0,1,1,1,0,0,0,0,1,0,0,0,1,0,0,0.0,0.0,0.0,0.0,7.383989457978509,7.383989457978509
0,22.0,1,121.0,0,2,0,1,0,0,1,1,0,0,0,1,0,0,0,5.267858159063328,0.6931471805599453,6.46302945692067,2.772588722239781,3.4339872044851463,6.779921907472252
0,21.0,0,215.0,0,2,0,1,0,0,1,0,1,0,0,0,1,0,0,5.872117789475416,4.736198448394496,0.0,6.1903154058531475,0.0,6.86171134048073
1,64.0,1,588.0,0,1,1,0,0,0,0,1,0,0,0,0,0,0,1,0.0,0.0,0.0,0.0,0.0,0.0
1,40.0,1,139.0,1,1,1,0,0,1,0,0,1,1,0,0,0,0,0,0.0,0.0,0.0,0.0,0.0,0.0
0,8.0,1,745.0,0,1,1,0,1,0,1,0,1,0,0,0,0,1,0,0.0,0.0,0.0,0.0,0.0,0.0
0,25.0,0,589.0,0,1,1,1,0,0,0,0,1,0,0,0,0,0,1,0.0,6.70196036600254,4.499809670330265,2.5649493574615367,0.0,6.818924065275521
0,19.0,0,933.5,1,1,1,1,0,0,0,0,0,0,0,0,0,1,0,6.424869023905388,0.0,3.8501476017100584,0.0,2.70805020110221,6.517671272912275
1,24.0,1,580.0,1,1,1,0,0,0,0,0,1,0,0,0,0,0,1,0.0,0.0,0.0,0.0,0.0,0.0
0,11.0,1,678.0,1,1,1,0,1,0,1,0,1,0,0,0,0,1,0,0.0,0.0,0.0,0.0,0.0,0.0
1,31.0,1,592.0,0,1,1,0,0,0,0,0,0,0,0,0,0,0,1,0.0,0.0,0.0,0.0,0.0,0.0
1,46.0,0,593.0,0,1,1,0,0,0,0,0,1,0,0,0,0,0,1,0.0,0.0,0.0,0.0,0.0,0.0
1,31.0,1,747.0,0,1,1,0,0,0,1,0,1,0,0,0,0,1,0,0.0,0.0,0.0,0.0,0.0,0.0
1,17.0,1,122.0,0,3,0,0,0,1,0,0,0,0,0,1,0,0,0,0.0,0.0,0.0,0.0,0.0,0.0
1,16.0,1,122.0,0,3,0,0,0,1,0,0,1,0,0,1,0,0,0,0.0,0.0,0.0,0.0,0.0,0.0
0,57.0,1,122.0,0,3,0,0,0,1,0,0,1,0,0,1,0,0,0,0.0,0.0,0.0,0.0,0.0,0.0
0,28.0,0,118.0,0,4,0,1,0,1,0,0,0,0,1,0,0,0,0,1.791759469228055,7.627057417018934,0.0,8.114025442356757,0.0,8.59378379357795
0,27.0,0,118.0,0,4,0,1,0,1,0,0,1,0,1,0,0,0,0,0.0,5.786897381366708,0.0,2.1972245773362196,7.392031567514591,7.578656850594762
0,28.0,1,118.0,0,4,0,0,0,1,0,0,0,0,1,0,0,0,0,0.0,0.0,0.0,0.0,0.0,0.0
1,26.0,1,118.0,0,4,0,0,0,1,0,0,0,0,1,0,0,0,0,0.0,0.0,0.0,0.0,0.0,0.0
1,17.0,1,582.0,1,2,0,0,0,0,0,0,1,0,0,0,0,0,1,0.0,0.0,0.0,0.0,0.0,0.0
0,36.0,1,680.0,1,2,0,1,0,0,0,0,1,0,0,0,0,1,0,1.791759469228055,0.0,6.799055862058796,0.0,0.6931471805599453,6.805722553416985
0,24.0,1,241.0,1,1,1,1,0,0,0,0,1,0,0,0,1,0,0,0.6931471805599453,6.673297967767654,0.0,0.0,0.0,6.674561391814426
0,18.0,1,748.0,0,1,1,1,0,0,0,0,1,0,0,0,0,1,0,0.0,6.598509028614515,0.0,0.0,0.0,6.598509028614515
0,20.0,0,749.0,0,1,1,1,0,0,0,0,1,0,0,0,0,1,0,1.0986122886681096,0.0,2.0794415416798357,1.0986122886681096,6.306275286948016,6.326149473155099
0,10.0,0,583.0,1,2,0,0,1,0,0,0,0,0,0,0,0,0,1,0.0,0.0,0.0,0.0,0.0,0.0
0,27.0,1,682.0,1,2,0,1,0,0,0,0,1,0,0,0,0,1,0,1.0986122886681096,6.625392368007956,1.791759469228055,0.0,0.0,6.634633357861686
1,23.0,1,584.0,1,1,1,0,0,0,0,0,0,0,0,0,0,0,1,0.0,0.0,0.0,0.0,0.0,0.0
0,36.0,0,114.0,0,1,1,1,0,1,0,0,1,1,0,0,0,0,0,3.784189633918261,1.0986122886681096,0.0,2.70805020110221,9.701248961901815,9.704853670249868
1,27.0,1,115.0,0,1,1,0,0,1,0,0,0,1,0,0,0,0,0,0.0,0.0,0.0,0.0,0.0,0.0
1,54.0,1,119.0,0,2,0,0,0,1,0,0,0,0,1,0,0,0,0,0.0,0.0,0.0,0.0,0.0,0.0
0,38.0,0,119.0,0,2,0,1,0,1,0,0,0,0,1,0,0,0,0,0.0,8.148156439921625,0.0,7.304515946460155,7.05444965813294,8.716044050161402
0,29.0,0,594.0,0,1,1,0,0,0,0,0,1,0,0,0,0,0,1,0.0,0.0,0.0,0.0,0.0,0.0
0,37.0,1,216.0,0,1,1,1,0,0,0,0,1,0,0,0,1,0,0,0.0,6.327936783729195,5.905361848054571,0.0,4.143134726391533,6.895682697747868
1,36.0,1,586.0,1,1,1,0,0,0,0,0,1,0,0,0,0,0,1,0.0,0.0,0.0,0.0,0.0,0.0
0,18.0,0,752.0,0,1,1,1,0,0,0,0,0,0,0,0,0,1,0,3.7612001156935624,4.6443908991413725,0.0,6.212606095751519,0.0,6.467698726104354
1,28.0,1,753.0,0,1,1,0,0,0,1,0,1,0,0,0,0,1,0,0.0,0.0,0.0,0.0,0.0,0.0
0,61.0,0,754.0,0,1,1,1,0,0,0,1,0,0,0,0,0,1,0,0.0,0.6931471805599453,5.6240175061873385,6.018593214496234,4.007333185232471,6.60934924316738
0,19.0,0,755.0,0,1,1,1,0,0,0,0,1,0,0,0,0,1,0,0.0,0.0,0.0,6.184148890937483,5.84354441703136,6.720220155135295
0,29.0,1,242.0,1,1,1,1,0,0,0,0,1,0,0,0,1,0,0,3.258096538021482,6.541029999189903,0.0,0.0,0.6931471805599453,6.577861357721047
0,37.0,0,123.0,0,1,1,1,0,0,1,0,1,0,0,1,0,0,0,7.155396301896734,0.0,0.6931471805599453,4.718498871295094,6.013715156042802,7.496097345175956
0,29.0,1,140.0,1,1,1,1,0,1,0,0,1,1,0,0,0,0,0,4.836281906951478,8.54714026778419,2.302585092994046,0.6931471805599453,0.6931471805599453,8.573195381531523
0,38.0,0,244.0,1,2,0,1,0,0,0,0,0,0,0,0,1,0,0,0.0,6.54534966033442,0.0,3.912023005428146,6.776506992372183,7.390798521735676
1,41.0,0,589.0,1,2,0,0,0,0,0,0,1,0,0,0,0,0,1,0.0,0.0,0.0,0.0,0.0,0.0
1,23.0,1,595.0,0,3,0,0,0,0,0,1,0,0,0,0,0,0,1,0.0,0.0,0.0,0.0,0.0,0.0
0,48.0,0,595.0,0,3,0,1,0,0,0,0,1,0,0,0,0,0,1,0.0,0.0,0.6931471805599453,0.0,0.0,0.6931471805599453
0,0.0,1,933.5,1,3,0,0,1,0,0,0,1,0,0,0,0,1,0,0.0,0.0,0.0,0.0,0.0,0.0
0,46.0,0,757.0,0,1,1,1,0,0,0,0,1,0,0,0,0,1,0,4.663439094112067,5.817111159963204,0.0,4.290459441148391,5.963579343618446,6.803505257608338
1,36.0,1,686.0,1,1,1,0,0,0,1,0,1,0,0,0,0,1,0,0.0,0.0,0.0,0.0,0.0,0.0
1,42.0,1,124.0,0,5,0,0,0,0,1,0,1,0,0,1,0,0,0,0.0,0.0,0.0,0.0,0.0,0.0
1,27.0,1,124.0,0,5,0,0,0,0,1,0,1,0,0,1,0,0,0,0.0,0.0,0.0,0.0,0.0,0.0
1,16.0,1,124.0,0,5,0,0,0,0,1,0,1,0,0,1,0,0,0,0.0,0.0,0.0,0.0,0.0,0.0
1,43.0,1,124.0,0,5,0,0,0,0,1,0,1,0,0,1,0,0,0,0.0,0.0,0.0,0.0,0.0,0.0
1,40.0,1,124.0,0,5,0,0,0,0,1,0,1,0,0,1,0,0,0,0.0,0.0,0.0,0.0,0.0,0.0
1,22.0,1,132.0,1,1,1,0,0,1,0,0,0,0,1,0,0,0,0,0.0,0.0,0.0,0.0,0.0,0.0
0,39.0,0,687.0,1,1,1,1,0,0,0,1,0,0,0,0,0,1,0,0.0,0.0,0.0,7.0431599159883405,0.0,7.0431599159883405
1,37.0,1,596.0,0,1,1,0,0,0,0,0,1,0,0,0,0,0,1,0.0,0.0,0.0,0.0,0.0,0.0
1,28.0,0,591.0,1,1,1,0,0,0,0,0,1,0,0,0,0,0,1,0.0,0.0,0.0,0.0,0.0,0.0
0,29.0,0,592.0,1,1,1,1,0,0,0,0,1,0,0,0,0,0,1,4.584967478670572,0.0,6.09807428216624,5.905361848054571,0.0,6.811244378601294
0,14.0,0,689.0,1,2,0,1,1,0,0,0,0,0,0,0,0,1,0,0.6931471805599453,0.0,6.71901315438526,0.0,1.3862943611198906,6.723832440821209
0,15.0,0,689.0,1,2,0,1,0,0,0,0,1,0,0,0,0,1,0,0.0,5.988961416889864,0.0,6.148468295917647,0.0,6.763884908562435
0,17.0,0,690.0,1,1,1,1,0,0,0,0,1,0,0,0,0,1,0,0.0,6.07073772800249,0.0,8.007700012884026,0.0,8.142063283104147
1,4.0,1,593.0,1,2,0,0,1,0,0,0,1,0,0,0,0,0,1,0.0,0.0,0.0,0.0,0.0,0.0
0,24.0,1,245.0,1,2,0,1,0,0,0,0,1,0,0,0,1,0,0,1.3862943611198906,7.627544390488503,5.817111159963204,0.0,1.6094379124341003,7.78155595923534
0,27.0,0,594.0,1,1,1,1,0,0,0,0,1,0,0,0,0,0,1,3.7612001156935624,0.0,6.51025834052315,4.276666119016055,0.0,6.665683717782408
0,22.0,1,142.0,1,2,0,1,0,1,0,0,0,1,0,0,0,0,0,0.0,5.147494476813453,7.711548979629146,0.6931471805599453,6.68586094706836,8.072779333169498
1,38.0,1,142.0,1,2,0,0,0,1,0,0,0,1,0,0,0,0,0,0.0,0.0,0.0,0.0,0.0,0.0
1,30.0,1,691.0,1,1,1,0,0,0,1,0,1,0,0,0,0,1,0,0.0,0.0,0.0,0.0,0.0,0.0
1,29.0,1,595.0,1,1,1,0,0,0,0,0,0,0,0,0,0,0,1,0.0,0.0,0.0,0.0,0.0,0.0
1,26.0,1,42.0,1,1,1,0,0,1,0,0,0,0,0,0,0,0,0,0.0,0.0,0.0,0.0,0.0,0.0
1,41.0,1,120.0,0,1,1,0,0,1,0,0,0,0,1,0,0,0,0,0.0,0.0,0.0,0.0,0.0,0.0
0,50.0,0,246.0,1,1,1,1,0,0,0,0,1,0,0,0,1,0,0,3.784189633918261,6.495265555937008,0.6931471805599453,4.454347296253507,0.0,6.673297967767654
0,34.0,1,600.0,1,1,1,1,0,0,0,0,0,0,0,0,0,0,1,5.4510384535657,6.126869184114185,0.6931471805599453,5.389071729816501,0.0,6.812345094177479
0,24.0,0,694.0,1,1,1,1,0,0,0,1,0,0,0,0,0,1,0,4.663439094112067,0.0,3.6375861597263857,6.251903883165888,0.0,6.493753839851687
0,24.0,1,247.0,1,1,1,1,0,0,0,0,1,0,0,0,1,0,0,0.0,0.0,6.670766320845874,0.0,1.3862943611198906,6.674561391814426
0,45.0,0,116.0,0,1,1,0,0,1,0,0,1,1,0,0,0,0,0,0.0,0.0,0.0,0.0,0.0,0.0
0,35.0,0,121.0,0,2,0,1,0,1,0,0,0,0,1,0,0,0,0,0.0,5.963579343618446,0.0,7.491645473605133,7.969703583278656,8.531490496117062
1,23.0,1,121.0,0,2,0,0,0,1,0,0,0,0,1,0,0,0,0,0.0,0.0,0.0,0.0,0.0,0.0
1,23.0,1,144.0,1,2,0,0,0,1,0,0,0,1,0,0,0,0,0,0.0,0.0,0.0,0.0,0.0,0.0
0,21.0,0,144.0,1,2,0,1,0,1,0,0,1,1,0,0,0,0,0,1.6094379124341003,0.0,4.927253685157205,7.403061091090091,6.1224928095143865,7.71289096149013
1,19.0,1,761.0,0,1,1,0,0,0,1,0,1,0,0,0,0,1,0,0.0,0.0,0.0,0.0,0.0,0.0
0,24.0,0,696.0,1,1,1,1,0,0,0,0,1,0,0,0,0,1,0,3.258096538021482,5.652489180268651,0.0,5.802118375377063,4.174387269895637,6.556778356158042
0,2.0,1,697.0,1,3,0,0,1,0,1,0,0,0,0,0,0,1,0,0.0,0.0,0.0,0.0,0.0,0.0
0,0.0,1,697.0,1,3,0,0,1,0,1,0,1,0,0,0,0,1,0,0.0,0.0,0.0,0.0,0.0,0.0
1,20.0,1,697.0,1,3,0,0,0,0,1,0,1,0,0,0,0,1,0,0.0,0.0,0.0,0.0,0.0,0.0
0,35.0,1,762.0,0,1,1,1,0,0,0,0,1,0,0,0,0,1,0,0.0,3.4339872044851463,5.8805329864007,6.077642243349034,0.0,6.71295620067707
0,34.0,0,763.0,0,1,1,1,0,0,1,0,1,0,0,0,0,1,0,7.247792581767846,0.0,1.6094379124341003,5.886104031450156,0.0,7.477604243197589
0,26.0,0,598.0,0,1,1,1,0,0,0,0,1,0,0,0,0,0,1,6.695798917058491,4.110873864173311,0.0,2.833213344056216,1.3862943611198906,6.78897174299217
1,26.0,1,603.0,1,1,1,0,0,0,0,0,1,0,0,0,0,0,1,0.0,0.0,0.0,0.0,0.0,0.0
1,32.0,1,123.0,0,4,0,0,0,1,0,0,0,0,1,0,0,0,0,0.0,0.0,0.0,0.0,0.0,0.0
0,25.0,1,123.0,0,4,0,1,0,1,0,0,0,0,1,0,0,0,0,0.0,9.766120240743215,0.0,5.488937726156687,7.6511201757027,9.892224360257417
1,30.0,1,123.0,0,4,0,0,0,1,0,0,0,0,1,0,0,0,0,0.0,0.0,0.0,0.0,0.0,0.0
0,57.0,0,123.0,0,4,0,1,0,1,0,0,1,0,1,0,0,0,0,0.0,8.258422462458876,2.639057329615259,5.278114659230518,8.262300941787448,8.979920411691197
0,23.0,0,767.0,0,1,1,1,0,0,0,0,1,0,0,0,0,1,0,4.07753744390572,5.983936280687191,2.772588722239781,0.0,5.198497031265826,6.476972362889683
1,32.0,0,220.0,0,1,1,0,0,0,1,0,1,0,0,0,1,0,0,0.0,0.0,0.0,0.0,0.0,0.0
1,27.0,1,768.0,0,2,0,0,0,0,1,0,1,0,0,0,0,1,0,0.0,0.0,0.0,0.0,0.0,0.0
0,20.0,0,768.0,0,2,0,1,0,0,1,0,1,0,0,0,0,1,0,7.228388451573604,5.5909869805108565,3.6109179126442243,0.0,0.0,7.427144133408616
0,21.0,0,699.0,1,1,1,1,0,0,0,0,1,0,0,0,0,1,0,4.795790545596741,5.4638318050256105,0.0,0.0,0.0,5.87493073085203
0,19.0,0,769.0,0,1,1,1,0,0,0,0,1,0,0,0,0,1,0,5.476463551931511,0.6931471805599453,3.367295829986474,5.337538079701318,4.787491742782046,6.386879319362645
0,16.0,0,770.0,0,2,0,1,0,0,1,0,1,0,0,0,0,1,0,6.052089168924417,0.0,5.5093883366279774,5.916202062607435,0.0,6.947937068614969
0,18.0,1,770.0,0,2,0,1,0,0,1,0,1,0,0,0,0,1,0,4.882801922586371,0.0,6.8885724595653635,0.6931471805599453,0.0,7.014814351275545
0,18.0,0,604.0,1,2,0,1,0,0,0,0,1,0,0,0,0,0,1,6.434546518787453,3.9889840465642745,2.1972245773362196,3.8712010109078907,3.6888794541139363,6.646390514847729
0,22.0,1,604.0,1,2,0,1,0,0,0,0,1,0,0,0,0,0,1,0.0,0.0,6.7912214627261855,0.0,0.0,6.7912214627261855
1,27.0,1,600.0,0,1,1,0,0,0,0,0,0,0,0,0,0,0,1,0.0,0.0,0.0,0.0,0.0,0.0
0,35.0,0,601.0,0,3,0,1,0,0,0,0,0,0,0,0,0,0,1,6.07073772800249,0.0,5.934894195619588,0.0,0.0,6.697034247666484
0,8.0,0,601.0,0,3,0,0,1,0,0,0,1,0,0,0,0,0,1,0.0,0.0,0.0,0.0,0.0,0.0
1,5.0,0,601.0,0,3,0,0,1,0,0,0,0,0,0,0,0,0,1,0.0,0.0,0.0,0.0,0.0,0.0
1,40.0,1,700.0,1,3,0,0,0,0,1,0,1,0,0,0,0,1,0,0.0,0.0,0.0,0.0,0.0,0.0
0,31.0,0,700.0,1,3,0,1,0,0,1,0,1,0,0,0,0,1,0,8.15248607578024,0.0,5.4510384535657,0.0,0.0,8.21716859576607
1,9.0,1,700.0,1,3,0,0,1,0,1,0,1,0,0,0,0,1,0,0.0,0.0,0.0,0.0,0.0,0.0
1,56.0,1,133.0,1,3,0,0,0,1,0,0,1,0,1,0,0,0,0,0.0,0.0,0.0,0.0,0.0,0.0
1,39.0,1,133.0,1,3,0,0,0,1,0,0,0,0,1,0,0,0,0,0.0,0.0,0.0,0.0,0.0,0.0
1,18.0,1,133.0,1,3,0,0,0,1,0,0,1,0,1,0,0,0,0,0.0,0.0,0.0,0.0,0.0,0.0
0,45.0,0,702.0,1,2,0,1,0,0,1,0,1,0,0,0,0,1,0,3.8918202981106265,7.410347097821024,6.635946555686647,4.9344739331306915,0.0,7.8632667240095735
0,33.0,0,116.0,1,2,0,1,0,0,1,1,0,0,0,1,0,0,0,3.5263605246161616,5.986452005284438,5.872117789475416,0.0,0.0,6.665683717782408
1,2.0,0,602.0,0,4,0,0,1,0,0,1,0,0,0,0,0,0,1,0.0,0.0,0.0,0.0,0.0,0.0
1,1.0,0,602.0,0,4,0,0,1,0,0,0,1,0,0,0,0,0,1,0.0,0.0,0.0,0.0,0.0,0.0
0,2.0,1,602.0,0,4,0,0,1,0,0,0,1,0,0,0,0,0,1,0.0,0.0,0.0,0.0,0.0,0.0
1,16.0,0,602.0,0,4,0,0,0,0,0,0,1,0,0,0,0,0,1,0.0,0.0,0.0,0.0,0.0,0.0
0,18.0,1,603.0,0,1,1,1,0,0,0,0,1,0,0,0,0,0,1,2.9444389791664403,1.0986122886681096,7.478734825567875,0.6931471805599453,1.0986122886681096,7.491645473605133
0,28.0,0,933.5,1,2,0,1,0,0,1,0,1,0,0,0,0,1,0,7.085064293952548,0.0,7.828038032125829,0.0,0.0,8.216898580913613
1,45.0,1,704.0,1,2,0,0,0,0,1,0,1,0,0,0,0,1,0,0.0,0.0,0.0,0.0,0.0,0.0
1,24.0,1,609.0,1,1,1,0,0,0,0,0,1,0,0,0,0,0,1,0.0,0.0,0.0,0.0,0.0,0.0
1,35.0,1,604.0,0,1,1,0,0,0,0,0,1,0,0,0,0,0,1,0.0,0.0,0.0,0.0,0.0,0.0
1,16.0,1,612.0,1,1,1,0,0,0,0,1,0,0,0,0,0,0,1,0.0,0.0,0.0,0.0,0.0,0.0
1,40.0,1,605.0,0,1,1,0,0,0,0,1,0,0,0,0,0,0,1,0.0,0.0,0.0,0.0,0.0,0.0
1,5.0,1,43.0,1,4,0,0,1,1,0,0,0,0,0,0,0,0,0,0.0,0.0,0.0,0.0,0.0,0.0
0,29.0,0,43.0,1,4,0,1,0,1,0,0,1,0,0,0,0,0,0,0.0,9.041329829241901,0.0,8.003028666384733,9.075207697984686,9.911902051137146
1,31.0,1,43.0,1,4,0,0,0,1,0,0,1,0,0,0,0,0,0,0.0,0.0,0.0,0.0,0.0,0.0
0,27.0,0,43.0,1,4,0,1,0,1,0,0,0,0,0,0,0,0,0,8.114025442356757,6.3784261836515865,0.0,5.159055299214529,4.276666119016055,8.336390480591552
0,34.0,0,118.0,1,1,1,1,0,1,0,0,1,0,0,1,0,0,0,0.0,1.6094379124341003,0.0,6.530877627725885,7.484368643286131,7.81156848934518
1,15.0,1,606.0,0,1,1,0,0,0,0,1,0,0,0,0,0,0,1,0.0,0.0,0.0,0.0,0.0,0.0
0,43.0,1,119.0,1,2,0,1,0,1,0,0,1,0,0,1,0,0,0,1.0986122886681096,8.255048902752295,0.0,1.3862943611198906,5.849324779946859,8.342363500380579
0,30.0,0,119.0,1,2,0,1,0,1,0,0,0,0,0,1,0,0,0,0.0,6.669498089857879,4.762173934797756,7.562681246721884,1.0986122886681096,7.948031990637284
0,61.0,1,145.0,1,1,1,1,0,1,0,0,1,1,0,0,0,0,0,5.796057750765372,8.555259392222693,0.0,3.044522437723423,6.280395838960195,8.711937268208748
0,48.0,0,614.0,1,2,0,1,0,0,0,0,1,0,0,0,0,0,1,0.0,0.0,6.450470422144176,5.5254529391317835,0.0,6.78332520060396
1,17.0,1,614.0,1,2,0,0,0,0,0,0,0,0,0,0,0,0,1,0.0,0.0,0.0,0.0,0.0,0.0
0,19.0,0,615.0,1,1,1,1,0,0,0,0,1,0,0,0,0,0,1,0.0,5.746203190540153,1.0986122886681096,4.343805421853684,6.037870919922137,6.695798917058491
1,29.0,1,117.0,0,1,1,0,0,1,0,0,1,1,0,0,0,0,0,0.0,0.0,0.0,0.0,0.0,0.0
1,2.0,0,607.0,0,2,0,0,1,0,0,0,0,0,0,0,0,0,1,0.0,0.0,0.0,0.0,0.0,0.0
1,24.0,1,607.0,0,2,0,0,0,0,0,0,1,0,0,0,0,0,1,0.0,0.0,0.0,0.0,0.0,0.0
0,19.0,0,616.0,1,1,1,1,0,0,0,0,1,0,0,0,0,0,1,0.0,6.71901315438526,1.791759469228055,4.02535169073515,0.0,6.78897174299217
0,34.0,1,249.0,1,1,1,1,0,0,1,1,0,0,0,0,1,0,0,0.0,6.19644412779452,6.76849321164863,0.0,0.0,7.215239978730097
0,19.0,0,608.0,0,1,1,1,0,0,0,0,1,0,0,0,0,0,1,0.0,1.0986122886681096,2.70805020110221,6.628041376179533,0.0,6.648984550024776
0,39.0,0,118.0,0,4,0,1,0,1,0,0,1,1,0,0,0,0,0,0.0,7.854381210652365,0.0,5.459585514144159,5.472270673671475,8.022240916806537
1,26.0,1,118.0,0,4,0,0,0,1,0,0,1,1,0,0,0,0,0,0.0,0.0,0.0,0.0,0.0,0.0
0,53.0,0,118.0,0,4,0,1,0,1,0,0,1,1,0,0,0,0,0,0.0,8.125039097367745,0.0,5.267858159063328,8.624072553043334,9.119758993744945
1,18.0,1,118.0,0,4,0,0,0,1,0,0,0,1,0,0,0,0,0,0.0,0.0,0.0,0.0,0.0,0.0
1,27.0,1,774.0,0,1,1,0,0,0,1,0,1,0,0,0,0,1,0,0.0,0.0,0.0,0.0,0.0,0.0
1,45.0,1,119.0,0,2,0,0,0,1,0,0,0,1,0,0,0,0,0,0.0,0.0,0.0,0.0,0.0,0.0
1,32.0,1,119.0,0,2,0,0,0,1,0,0,1,1,0,0,0,0,0,0.0,0.0,0.0,0.0,0.0,0.0
0,18.0,0,775.0,0,2,0,1,0,0,0,0,1,0,0,0,0,1,0,4.174387269895637,0.0,1.3862943611198906,8.14351740579748,1.791759469228055,8.164225652265827
0,48.0,0,610.0,0,2,0,1,0,0,0,0,1,0,0,0,0,0,1,5.983936280687191,0.0,0.0,0.0,5.697093486505405,6.542471960506805
0,24.0,1,933.5,1,1,1,1,0,0,0,0,1,0,0,0,0,1,0,0.0,5.616771097666572,6.38856140554563,3.58351893845611,6.490723534502507,7.3537223303996315
0,52.0,0,120.0,1,1,1,1,0,1,0,0,1,0,0,1,0,0,0,0.0,1.791759469228055,0.0,4.6913478822291435,7.489412083508719,7.550661243105336
0,55.0,0,776.0,0,1,1,1,0,0,0,0,0,0,0,0,0,1,0,0.0,6.253828811575473,4.882801922586371,4.1588830833596715,1.3862943611198906,6.57507584059962
1,43.0,1,611.0,0,1,1,0,0,0,0,0,1,0,0,0,0,0,1,0.0,0.0,0.0,0.0,0.0,0.0
1,24.0,0,933.5,1,2,0,0,0,0,0,0,1,0,0,0,0,1,0,0.0,0.0,0.0,0.0,0.0,0.0
1,8.0,0,612.0,0,2,0,0,1,0,0,1,0,0,0,0,0,0,1,0.0,0.0,0.0,0.0,0.0,0.0
1,18.0,1,707.0,1,1,1,0,0,0,1,0,1,0,0,0,0,1,0,0.0,0.0,0.0,0.0,0.0,0.0
1,38.0,1,617.0,1,1,1,0,0,0,0,0,1,0,0,0,0,0,1,0.0,0.0,0.0,0.0,0.0,0.0
0,18.0,0,618.0,1,2,0,1,0,0,0,0,1,0,0,0,0,0,1,5.945420608606575,1.6094379124341003,0.0,0.0,5.910796644040527,6.625392368007956
1,23.0,1,618.0,1,2,0,0,0,0,0,1,0,0,0,0,0,0,1,0.0,0.0,0.0,0.0,0.0,0.0
1,26.0,1,619.0,1,1,1,0,0,0,0,0,1,0,0,0,0,0,1,0.0,0.0,0.0,0.0,0.0,0.0
1,21.0,1,613.0,0,1,1,0,0,0,0,1,0,0,0,0,0,0,1,0.0,0.0,0.0,0.0,0.0,0.0
0,45.0,1,222.0,0,1,1,1,0,0,0,0,0,0,0,0,1,0,0,6.715383386334681,7.69484807238461,5.955837369464831,2.995732273553991,7.01571242048723,8.420241665339788
1,24.0,1,709.0,1,1,1,0,0,0,1,0,1,0,0,0,0,1,0,0.0,0.0,0.0,0.0,0.0,0.0
0,44.0,0,146.0,1,1,1,1,0,1,0,0,0,1,0,0,0,0,0,0.0,5.638354669333745,4.727387818712341,0.0,9.131838143821225,9.173365135851288
0,20.0,1,710.0,1,1,1,1,0,0,0,0,1,0,0,0,0,1,0,0.0,0.0,6.576469569048224,0.0,0.0,6.576469569048224
0,47.0,0,251.0,1,1,1,1,0,0,1,0,1,0,0,0,1,0,0,6.945051063725834,0.0,5.556828061699537,1.6094379124341003,0.0,7.170119543449628
1,16.0,1,615.0,0,1,1,0,0,0,0,0,1,0,0,0,0,0,1,0.0,0.0,0.0,0.0,0.0,0.0
0,28.0,0,120.0,0,1,1,1,0,1,0,0,1,1,0,0,0,0,0,4.394449154672439,6.720220155135295,0.0,8.410720946905721,8.35936910622267,9.176990392294629
0,8.0,1,616.0,0,2,0,0,1,0,0,0,0,0,0,0,0,0,1,0.0,0.0,0.0,0.0,0.0,0.0
0,20.0,1,777.0,0,2,0,1,0,0,0,0,1,0,0,0,0,1,0,0.0,0.0,6.0473721790462776,0.0,0.0,6.0473721790462776
0,22.0,1,711.0,1,3,0,1,0,0,0,1,0,0,0,0,0,1,0,1.0986122886681096,5.552959584921617,5.855071922202427,1.0986122886681096,0.0,6.413458957167357
0,42.0,1,711.0,1,3,0,1,0,0,0,0,1,0,0,0,0,1,0,4.02535169073515,0.0,7.315883504509785,0.0,0.0,7.351799869057777
0,23.0,1,711.0,1,3,0,1,0,0,0,1,0,0,0,0,0,1,0,0.0,6.315358001522335,3.8066624897703196,0.0,6.495265555937008,7.1372784372603855
0,30.0,0,778.0,0,3,0,1,0,0,0,0,1,0,0,0,0,1,0,6.2422232654551655,0.0,0.0,0.0,5.762051382780177,6.7226297948554485
1,18.0,0,617.0,0,3,0,0,0,0,0,0,1,0,0,0,0,0,1,0.0,0.0,0.0,0.0,0.0,0.0
0,35.0,0,778.0,0,3,0,1,0,0,0,0,1,0,0,0,0,1,0,5.429345628954441,4.770684624465665,5.978885764901122,2.302585092994046,4.04305126783455,6.6895992691789665
1,42.0,1,712.0,1,2,0,0,0,0,1,0,1,0,0,0,0,1,0,0.0,0.0,0.0,0.0,0.0,0.0
1,46.0,1,712.0,1,2,0,0,0,0,1,0,1,0,0,0,0,1,0,0.0,0.0,0.0,0.0,0.0,0.0
0,29.0,1,134.0,1,1,1,1,0,1,0,0,1,0,1,0,0,0,0,1.0986122886681096,6.0112671744041615,8.414052432496725,7.2682230211595655,2.302585092994046,8.757940876678804
1,35.0,1,147.0,1,1,1,0,0,1,0,0,0,1,0,0,0,0,0,0.0,0.0,0.0,0.0,0.0,0.0
0,48.0,1,713.0,1,1,1,1,0,0,0,0,1,0,0,0,0,1,0,0.0,3.091042453358316,0.0,0.0,6.668228248417403,6.694562058521095
0,24.0,1,714.0,1,1,1,1,0,0,0,0,1,0,0,0,0,1,0,0.6931471805599453,6.519147287940395,2.639057329615259,2.3978952727983707,0.0,6.553933404025811
0,38.0,0,44.0,1,1,1,1,0,1,0,0,1,0,0,0,0,0,0,6.71174039505618,6.8679744089702925,0.0,3.332204510175204,5.7745515455444085,7.6638772587034705
0,51.0,0,780.0,0,1,1,1,0,0,0,0,0,0,0,0,0,1,0,5.214935757608986,0.0,0.6931471805599453,0.0,7.00669522683704,7.160845906664299
0,77.0,0,618.0,0,1,1,1,0,0,0,0,1,0,0,0,0,0,1,0.0,0.0,4.882801922586371,8.289539484624141,4.6913478822291435,8.347827345782498
1,22.0,0,619.0,0,1,1,0,0,0,0,0,1,0,0,0,0,0,1,0.0,0.0,0.0,0.0,0.0,0.0
0,38.0,0,252.0,1,2,0,1,0,0,1,0,1,0,0,0,1,0,0,0.0,0.0,7.212294468500341,0.0,0.0,7.212294468500341
0,42.0,0,121.0,1,2,0,1,0,0,1,0,1,0,0,1,0,0,0,6.81783057145415,1.6094379124341003,0.6931471805599453,7.290292882446597,0.0,7.776535028185241
1,55.0,1,716.0,1,3,0,0,0,0,1,0,1,0,0,0,0,1,0,0.0,0.0,0.0,0.0,0.0,0.0
0,7.0,1,716.0,1,3,0,0,1,0,1,0,1,0,0,0,0,1,0,0.0,0.0,0.0,0.0,0.0,0.0
0,27.0,1,122.0,1,3,0,1,0,0,1,0,1,0,0,1,0,0,0,4.890349128221754,4.330733340286331,6.745236349484362,0.0,0.0,6.963189985870238
0,25.0,0,127.0,0,1,1,1,0,0,1,0,1,0,0,1,0,0,0,6.253828811575473,0.0,5.652489180268651,0.0,0.0,6.6895992691789665
1,15.0,1,620.0,1,1,1,0,0,0,0,0,1,0,0,0,0,0,1,0.0,0.0,0.0,0.0,0.0,0.0
1,13.0,1,620.0,0,1,1,0,1,0,0,0,1,0,0,0,0,0,1,0.0,0.0,0.0,0.0,0.0,0.0
1,23.0,1,622.0,1,1,1,0,0,0,0,0,0,0,0,0,0,0,1,0.0,0.0,0.0,0.0,0.0,0.0
1,27.0,1,136.0,1,1,1,0,0,1,0,0,0,0,1,0,0,0,0,0.0,0.0,0.0,0.0,0.0,0.0
0,33.0,1,121.0,0,1,1,1,0,1,0,0,0,1,0,0,0,0,0,4.51085950651685,10.197313214435868,0.0,3.332204510175204,6.556778356158042,10.227417172661774
0,26.0,0,122.0,0,1,1,0,0,1,0,0,1,1,0,0,0,0,0,0.0,0.0,0.0,0.0,0.0,0.0
1,67.0,1,253.0,1,1,1,0,0,1,0,0,1,0,0,0,1,0,0,0.0,0.0,0.0,0.0,0.0,0.0
0,27.0,0,622.0,0,1,1,1,0,0,0,0,0,0,0,0,0,0,1,0.0,0.0,0.0,3.6109179126442243,6.082218910376446,6.161207321695077
0,33.0,0,782.0,0,1,1,1,0,0,1,0,1,0,0,0,0,1,0,3.258096538021482,0.0,7.227662498728655,6.405228458030842,0.0,7.603897968521881
0,18.0,0,783.0,0,1,1,1,0,0,0,0,1,0,0,0,0,1,0,0.0,2.8903717578961645,0.0,0.0,6.665683717782408,6.687108607866515
0,36.0,0,784.0,0,1,1,1,0,0,0,0,1,0,0,0,0,1,0,5.8805329864007,0.0,4.74493212836325,0.0,0.0,6.156978985585555
1,18.0,1,623.0,1,1,1,0,0,0,0,0,1,0,0,0,0,0,1,0.0,0.0,0.0,0.0,0.0,0.0
0,51.0,0,624.0,1,1,1,1,0,0,0,0,1,0,0,0,0,0,1,6.008813185442595,0.0,3.9889840465642745,0.0,5.860786223465865,6.697034247666484
1,54.0,1,786.0,0,2,0,0,0,0,1,0,1,0,0,0,0,1,0,0.0,0.0,0.0,0.0,0.0,0.0
0,33.0,0,128.0,0,2,0,1,0,0,1,0,1,0,0,1,0,0,0,8.120291313968561,0.0,2.639057329615259,2.772588722239781,0.0,8.128585200374497
0,18.0,0,717.0,1,1,1,1,0,0,0,0,1,0,0,0,0,1,0,2.70805020110221,6.480044561926653,2.4849066497880004,2.8903717578961645,0.0,6.542471960506805
1,57.0,1,129.0,0,1,1,0,0,1,0,0,1,0,0,1,0,0,0,0.0,0.0,0.0,0.0,0.0,0.0
0,23.0,0,787.0,0,1,1,1,0,0,0,0,1,0,0,0,0,1,0,0.0,0.0,0.0,6.586171654854675,4.394449154672439,6.690842277418564
0,24.0,0,225.0,0,1,1,1,0,0,0,0,1,0,0,0,1,0,0,4.07753744390572,0.0,1.6094379124341003,6.672032945461067,4.007333185232471,6.80903930604298
0,20.0,0,226.0,0,1,1,1,0,0,1,0,1,0,0,0,1,0,0,6.892641641172089,0.6931471805599453,6.826545223556594,0.0,0.0,7.553286605600419
0,32.0,0,933.5,1,1,1,1,0,0,0,0,1,0,0,0,0,1,0,0.0,6.398594934535208,4.394449154672439,0.0,2.9444389791664403,6.54965074223381
1,21.0,1,790.0,0,1,1,0,0,0,1,0,1,0,0,0,0,1,0,0.0,0.0,0.0,0.0,0.0,0.0
0,27.0,0,933.5,1,1,1,1,0,0,0,1,0,0,0,0,0,1,0,0.0,1.0986122886681096,0.0,0.0,6.7661917146603505,6.76849321164863
0,41.0,0,718.0,1,1,1,1,0,0,0,1,0,0,0,0,0,1,0,0.0,4.812184355372417,0.0,4.653960350157523,6.18826412308259,6.569481420414296
0,27.0,1,719.0,1,1,1,1,0,0,1,0,1,0,0,0,0,1,0,7.084226422097916,0.0,0.0,0.0,0.0,7.084226422097916
0,49.0,1,625.0,1,1,1,1,0,0,0,1,0,0,0,0,0,0,1,0.0,3.9512437185814275,4.624972813284271,3.9318256327243257,0.0,5.313205979041787
0,18.0,0,626.0,1,1,1,1,0,0,0,0,1,0,0,0,0,0,1,0.0,0.0,0.0,7.356279876550748,5.41610040220442,7.489970898834801
0,34.0,0,627.0,1,1,1,1,0,0,0,0,0,0,0,0,0,0,1,4.276666119016055,0.0,5.493061443340548,5.976350909297934,0.0,6.561030665896573
0,73.0,0,123.0,1,1,1,1,0,0,1,0,1,0,0,1,0,0,0,6.684611727667927,0.0,5.25227342804663,4.23410650459726,0.0,6.964135612418245
0,40.0,0,627.0,0,1,1,1,0,0,0,0,1,0,0,0,0,0,1,7.23561914106675,6.421622267806518,7.355641102974253,1.791759469228055,0.0,8.18060094759445
0,63.0,0,255.0,1,1,1,1,0,0,0,1,0,0,0,0,1,0,0,0.6931471805599453,6.8001700683022,0.0,0.0,2.1972245773362196,6.810142450115136
0,21.0,1,723.0,1,1,1,1,0,0,1,0,1,0,0,0,0,1,0,6.966967138613983,0.0,4.5217885770490405,0.0,0.0,7.049254841255837
0,21.0,1,227.0,0,1,1,1,0,0,0,0,1,0,0,0,1,0,0,3.367295829986474,6.364750756851911,0.0,0.0,5.4680601411351315,6.739336627357174
0,23.0,0,228.0,0,1,1,1,0,0,1,0,1,0,0,0,1,0,0,6.037870919922137,1.6094379124341003,6.4425401664681985,0.0,0.0,6.956545443151569
0,31.0,0,793.0,0,1,1,1,0,0,1,0,1,0,0,0,0,1,0,6.956545443151569,3.4657359027997265,5.429345628954441,1.0986122886681096,0.0,7.177782416195197
0,41.0,0,794.0,0,1,1,1,0,0,0,0,0,0,0,0,0,1,0,5.746203190540153,4.499809670330265,3.8066624897703196,0.0,5.53338948872752,6.548219102762372
1,15.0,1,630.0,0,1,1,0,0,0,0,0,1,0,0,0,0,0,1,0.0,0.0,0.0,0.0,0.0,0.0
0,36.0,0,126.0,0,1,1,1,0,1,0,0,1,0,1,0,0,0,0,4.51085950651685,7.62608275807238,0.0,2.772588722239781,7.126890808898808,8.131530710604252
0,24.0,0,795.0,0,1,1,1,0,0,0,0,1,0,0,0,0,1,0,1.6094379124341003,5.752572638825633,0.0,0.0,6.061456918928017,6.616065185132817
0,27.0,0,631.0,0,1,1,1,0,0,0,0,1,0,0,0,0,0,1,0.0,5.537334267018537,0.0,4.382026634673881,6.045005314036012,6.625392368007956
0,24.0,0,137.0,1,7,0,1,0,1,0,0,0,0,1,0,0,0,0,3.6635616461296463,5.552959584921617,0.0,4.007333185232471,8.339261982923576,8.419359831067474
1,19.0,1,137.0,1,7,0,0,0,1,0,0,0,0,1,0,0,0,0,0.0,0.0,0.0,0.0,0.0,0.0
0,25.0,1,137.0,1,7,0,1,0,1,0,0,1,0,1,0,0,0,0,0.0,8.721113147762688,0.0,3.6109179126442243,0.6931471805599453,8.727129915243165
1,39.0,1,137.0,1,7,0,0,0,1,0,0,0,0,1,0,0,0,0,0.0,0.0,0.0,0.0,0.0,0.0
1,15.0,1,137.0,1,7,0,0,0,1,0,0,1,0,1,0,0,0,0,0.0,0.0,0.0,0.0,0.0,0.0
0,31.0,1,137.0,1,7,0,1,0,1,0,0,1,0,1,0,0,0,0,0.0,7.356279876550748,0.0,4.584967478670572,7.425953657077541,8.114025442356757
1,25.0,1,137.0,1,7,0,0,0,1,0,0,0,0,1,0,0,0,0,0.0,0.0,0.0,0.0,0.0,0.0
0,57.0,0,127.0,0,1,1,1,0,1,0,0,1,0,1,0,0,0,0,5.327876168789581,8.392989587956931,0.0,7.371489295214277,5.723585101952381,8.781862489558945
1,27.0,1,796.0,0,1,1,0,0,0,1,0,1,0,0,0,0,1,0,0.0,0.0,0.0,0.0,0.0,0.0
0,18.0,1,725.0,1,1,1,1,0,0,0,1,0,0,0,0,0,1,0,2.833213344056216,1.9459101490553132,6.601230118728877,0.0,0.0,6.630683385642372
1,33.0,1,632.0,0,1,1,0,0,0,0,0,1,0,0,0,0,0,1,0.0,0.0,0.0,0.0,0.0,0.0
0,23.0,1,726.0,1,1,1,1,0,0,0,0,1,0,0,0,0,1,0,5.8289456176102075,6.626717749249025,2.0794415416798357,0.0,0.0,7.00397413672268
1,34.0,1,230.0,0,1,1,0,0,1,0,0,0,0,0,0,1,0,0,0.0,0.0,0.0,0.0,0.0,0.0
1,38.0,1,729.0,1,7,0,0,0,0,1,0,0,0,0,0,0,1,0,0.0,0.0,0.0,0.0,0.0,0.0
0,21.0,1,256.0,1,7,0,1,0,0,1,0,1,0,0,0,1,0,0,7.873978379604501,0.0,6.393590753950631,0.0,0.0,8.078688229229872
1,31.0,0,256.0,1,7,0,0,0,0,1,0,1,0,0,0,1,0,0,0.0,0.0,0.0,0.0,0.0,0.0
0,13.0,0,124.0,1,7,0,1,1,0,1,0,1,0,0,1,0,0,0,6.882437470997847,0.0,7.5411524551363085,0.0,6.226536669287466,8.12058871174027
0,54.0,1,729.0,1,7,0,1,0,0,1,0,1,0,0,0,0,1,0,5.0106352940962555,6.889591308354466,5.375278407684165,0.0,0.0,7.204892510204673
0,13.0,0,729.0,1,7,0,1,1,0,1,0,1,0,0,0,0,1,0,6.9167150203536085,6.504288173536645,2.1972245773362196,0.0,0.0,7.428927194802272
0,18.0,0,124.0,1,7,0,1,0,0,1,0,1,0,0,1,0,0,0,2.5649493574615367,0.0,7.00850518208228,6.490723534502507,2.833213344056216,7.491087593534876
1,27.0,1,125.0,1,1,1,0,0,1,0,0,1,0,0,1,0,0,0,0.0,0.0,0.0,0.0,0.0,0.0
0,43.0,0,797.0,0,1,1,1,0,0,0,0,1,0,0,0,0,1,0,0.0,0.0,2.0794415416798357,0.0,6.871091294610546,6.878326468291325
0,56.0,1,798.0,0,1,1,1,0,0,0,0,1,0,0,0,0,1,0,1.3862943611198906,0.0,6.645090969505644,0.0,0.0,6.648984550024776
0,63.0,0,731.0,1,7,0,1,0,0,0,0,1,0,0,0,0,1,0,7.340186835320115,0.0,0.0,0.0,0.6931471805599453,7.340835554123275
0,9.0,1,630.0,1,7,0,0,1,0,0,0,1,0,0,0,0,0,1,0.0,0.0,0.0,0.0,0.0,0.0
0,9.0,0,630.0,1,7,0,0,1,0,0,0,1,0,0,0,0,0,1,0.0,0.0,0.0,0.0,0.0,0.0
0,0.0,1,630.0,1,7,0,0,1,0,0,0,1,0,0,0,0,0,1,0.0,0.0,0.0,0.0,0.0,0.0
0,16.0,1,731.0,1,7,0,1,0,0,0,0,0,0,0,0,0,1,0,0.0,0.0,6.436150368369428,3.713572066704308,5.3471075307174685,6.771935555839602
1,42.0,1,630.0,1,7,0,0,0,0,0,0,1,0,0,0,0,0,1,0.0,0.0,0.0,0.0,0.0,0.0
1,9.0,0,630.0,1,7,0,0,1,0,0,0,1,0,0,0,0,0,1,0.0,0.0,0.0,0.0,0.0,0.0
1,22.0,1,148.0,1,1,1,0,0,1,0,0,0,1,0,0,0,0,0,0.0,0.0,0.0,0.0,0.0,0.0
1,47.0,1,149.0,1,1,1,0,0,1,0,0,0,1,0,0,0,0,0,0.0,0.0,0.0,0.0,0.0,0.0
1,30.0,1,799.0,0,1,1,0,0,0,1,0,1,0,0,0,0,1,0,0.0,0.0,0.0,0.0,0.0,0.0
0,29.0,0,800.0,0,1,1,1,0,0,0,0,1,0,0,0,0,1,0,7.8156105320351905,0.0,3.4657359027997265,1.6094379124341003,2.4849066497880004,7.83399634170946
0,27.0,0,631.0,1,2,0,1,0,0,0,0,1,0,0,0,0,0,1,4.465908118654584,5.389071729816501,0.0,0.0,6.173786103901937,6.664409020350408
0,22.0,1,258.0,1,2,0,1,0,0,0,0,1,0,0,0,1,0,0,5.0689042022202315,7.350516171833998,7.0817085861055755,6.740519359606223,4.574710978503383,8.254528881939745
0,19.0,0,232.0,0,1,1,1,0,0,0,0,1,0,0,0,1,0,0,0.0,0.0,1.3862943611198906,6.666956792429207,0.0,6.670766320845874
0,31.0,0,801.0,0,1,1,1,0,0,1,0,0,0,0,0,0,1,0,6.680854678790215,0.0,4.2626798770413155,6.39024066706535,0.0,7.2875606403097235
1,17.0,1,150.0,1,3,0,0,0,1,0,0,0,1,0,0,0,0,0,0.0,0.0,0.0,0.0,0.0,0.0
0,38.0,0,150.0,1,3,0,1,0,1,0,0,1,1,0,0,0,0,0,0.0,8.026496938945412,0.0,1.6094379124341003,7.75190533307861,8.592300663903043
1,13.0,1,150.0,1,3,0,0,1,1,0,0,0,1,0,0,0,0,0,0.0,0.0,0.0,0.0,0.0,0.0
1,36.0,1,633.0,0,1,1,0,0,0,0,1,0,0,0,0,0,0,1,0.0,0.0,0.0,0.0,0.0,0.0
0,0.0,1,633.0,1,1,1,0,1,0,0,0,1,0,0,0,0,0,1,0.0,0.0,0.0,0.0,0.0,0.0
1,21.0,1,634.0,1,1,1,0,0,0,0,0,1,0,0,0,0,0,1,0.0,0.0,0.0,0.0,0.0,0.0
0,18.0,1,735.0,1,1,1,1,0,0,0,1,0,0,0,0,0,1,0,0.0,6.26530121273771,0.0,0.0,4.442651256490317,6.413458957167357
1,36.0,0,233.0,0,3,0,0,0,0,1,0,1,0,0,0,1,0,0,0.0,0.0,0.0,0.0,0.0,0.0
0,27.0,0,233.0,0,3,0,1,0,0,1,0,1,0,0,0,1,0,0,6.742880635791903,0.0,1.6094379124341003,0.0,0.6931471805599453,6.748759547491679
0,5.0,1,233.0,0,3,0,0,1,0,1,0,1,0,0,0,1,0,0,0.0,0.0,0.0,0.0,0.0,0.0
0,18.0,1,140.0,1,1,1,1,0,0,0,0,0,0,1,0,0,0,0,0.0,8.38662882139512,0.0,7.715123603632105,0.0,8.79920924224139
1,25.0,0,635.0,0,1,1,0,0,0,0,0,1,0,0,0,0,0,1,0.0,0.0,0.0,0.0,0.0,0.0
1,14.0,1,636.0,1,1,1,0,1,0,0,0,1,0,0,0,0,0,1,0.0,0.0,0.0,0.0,0.0,0.0
1,23.0,1,234.0,0,1,1,0,0,1,0,0,1,0,0,0,1,0,0,0.0,0.0,0.0,0.0,0.0,0.0
0,2.0,0,636.0,0,6,0,0,1,0,0,0,0,0,0,0,0,0,1,0.0,0.0,0.0,0.0,0.0,0.0
1,1.0,0,636.0,0,6,0,0,1,0,0,0,1,0,0,0,0,0,1,0.0,0.0,0.0,0.0,0.0,0.0
1,7.0,1,636.0,0,6,0,0,1,0,0,0,0,0,0,0,0,0,1,0.0,0.0,0.0,0.0,0.0,0.0
0,6.0,0,636.0,0,6,0,0,1,0,0,1,0,0,0,0,0,0,1,0.0,0.0,0.0,0.0,0.0,0.0
0,56.0,0,804.0,0,6,0,1,0,0,0,0,1,0,0,0,0,1,0,6.875232087276577,0.0,0.0,1.3862943611198906,0.0,6.878326468291325
1,4.0,1,636.0,0,6,0,0,1,0,0,0,0,0,0,0,0,0,1,0.0,0.0,0.0,0.0,0.0,0.0
0,65.0,0,637.0,1,1,1,1,0,0,0,0,1,0,0,0,0,0,1,0.0,0.0,0.0,0.0,6.813444599510896,6.813444599510896
1,36.0,1,639.0,1,1,1,0,0,0,0,0,1,0,0,0,0,0,1,0.0,0.0,0.0,0.0,0.0,0.0
1,25.0,1,141.0,1,1,1,0,0,1,0,0,1,0,1,0,0,0,0,0.0,0.0,0.0,0.0,0.0,0.0
0,41.0,0,736.0,1,3,0,1,0,0,0,0,1,0,0,0,0,1,0,1.9459101490553132,0.6931471805599453,2.4849066497880004,6.953684210870537,0.0,6.970730078143525
0,20.0,1,260.0,1,3,0,1,0,0,0,0,1,0,0,0,1,0,0,2.302585092994046,0.0,7.288244401020124,4.553876891600541,4.007333185232471,7.3901814282264295
1,18.0,1,640.0,1,3,0,0,0,0,0,1,0,0,0,0,0,0,1,0.0,0.0,0.0,0.0,0.0,0.0
0,15.0,1,737.0,1,1,1,1,0,0,0,0,1,0,0,0,0,1,0,5.736572297479192,3.367295829986474,6.208590026096629,3.044522437723423,3.912023005428146,6.805722553416985
0,23.0,0,738.0,1,2,0,1,0,0,0,0,1,0,0,0,0,1,0,0.0,4.543294782270004,0.6931471805599453,0.0,6.297109319933935,6.456769655572163
0,29.0,0,738.0,1,2,0,1,0,0,0,1,0,0,0,0,0,1,0,0.0,1.0986122886681096,6.317164686747284,3.8066624897703196,0.0,6.396929655216146
1,33.0,1,641.0,1,1,1,0,0,0,0,0,1,0,0,0,0,0,1,0.0,0.0,0.0,0.0,0.0,0.0
0,14.0,0,128.0,1,2,0,1,1,1,0,0,1,0,0,1,0,0,0,1.0986122886681096,6.782192056006791,0.0,6.361302477572996,5.3706380281276624,7.424165281042028
1,55.0,1,128.0,1,2,0,0,0,1,0,0,0,0,0,1,0,0,0,0.0,0.0,0.0,0.0,0.0,0.0
0,30.0,0,124.0,0,1,1,1,0,1,0,0,1,1,0,0,0,0,0,0.0,6.53813982376767,0.0,3.912023005428146,7.725330037917135,8.007700012884026
0,21.0,0,806.0,0,1,1,1,0,0,0,0,1,0,0,0,0,1,0,0.0,0.0,0.0,4.189654742026425,6.175867270105761,6.302618975744905
0,26.0,1,262.0,1,1,1,1,0,0,0,0,1,0,0,0,1,0,0,3.58351893845611,3.7612001156935624,6.568077911411976,0.0,0.0,6.670766320845874
1,33.0,1,641.0,0,1,1,0,0,0,0,1,0,0,0,0,0,0,1,0.0,0.0,0.0,0.0,0.0,0.0
0,18.0,0,808.0,0,3,0,1,0,0,0,0,1,0,0,0,0,1,0,4.564348191467836,0.0,0.0,2.639057329615259,6.434546518787453,6.594413459749778
1,9.0,1,642.0,0,3,0,0,1,0,0,0,1,0,0,0,0,0,1,0.0,0.0,0.0,0.0,0.0,0.0
1,0.0,1,642.0,0,3,0,0,1,0,0,0,0,0,0,0,0,0,1,0.0,0.0,0.0,0.0,0.0,0.0
0,19.0,1,263.0,1,1,1,1,0,0,0,0,0,0,0,0,1,0,0,0.0,3.8712010109078907,0.0,5.575949103146316,5.953243334287785,6.543911845564792
0,18.0,0,810.0,0,1,1,1,0,0,0,0,1,0,0,0,0,1,0,6.57507584059962,0.0,0.0,0.0,0.0,6.57507584059962
0,38.0,0,142.0,1,2,0,1,0,1,0,0,0,0,1,0,0,0,0,4.02535169073515,7.138073034044347,0.0,6.478509642208569,9.28609698437543,9.453286550586572
0,42.0,1,142.0,1,2,0,1,0,1,0,0,0,0,1,0,0,0,0,0.0,7.1308988302963465,0.0,7.1808311990445555,7.046647277848756,8.219056661060598
0,28.0,0,264.0,1,2,0,1,0,1,0,0,1,0,0,0,1,0,0,1.3862943611198906,7.170888478512505,0.0,7.1316985104669115,7.046647277848756,8.216628493133443
1,37.0,1,264.0,1,2,0,0,0,1,0,0,0,0,0,0,1,0,0,0.0,0.0,0.0,0.0,0.0,0.0
0,29.0,0,740.0,1,1,1,1,0,0,0,0,0,0,0,0,0,1,0,0.0,0.0,0.0,7.506591780070841,0.6931471805599453,7.507141079727608
0,42.0,0,811.0,0,1,1,1,0,0,0,0,0,0,0,0,0,1,0,0.0,5.389071729816501,0.0,6.1779441140506,1.0986122886681096,6.553933404025811
0,18.0,1,265.0,1,2,0,1,0,0,1,0,1,0,0,0,1,0,0,6.492239835020471,0.0,7.748028524432376,0.0,3.1780538303479458,8.00603417874901
0,34.0,1,129.0,1,2,0,1,0,0,1,0,0,0,0,1,0,0,0,1.0986122886681096,0.0,6.692083742506628,3.4011973816621555,0.0,6.729824070489475
1,34.0,1,642.0,1,1,1,0,0,0,0,0,0,0,0,0,0,0,1,0.0,0.0,0.0,0.0,0.0,0.0
1,18.0,0,643.0,1,1,1,0,0,0,0,1,0,0,0,0,0,0,1,0.0,0.0,0.0,0.0,0.0,0.0
0,24.0,0,644.0,1,1,1,1,0,0,0,0,1,0,0,0,0,0,1,8.17131687471973,0.0,0.0,0.0,0.0,8.17131687471973
0,24.0,1,742.0,1,1,1,1,0,0,0,0,1,0,0,0,0,1,0,3.828641396489095,6.3784261836515865,1.791759469228055,2.0794415416798357,0.0,6.470799503782602
1,56.0,1,743.0,1,3,0,0,0,0,1,0,1,0,0,0,0,1,0,0.0,0.0,0.0,0.0,0.0,0.0
1,2.0,1,743.0,1,3,0,0,1,0,1,0,1,0,0,0,0,1,0,0.0,0.0,0.0,0.0,0.0,0.0
1,12.0,1,743.0,1,3,0,0,1,0,1,0,1,0,0,0,0,1,0,0.0,0.0,0.0,0.0,0.0,0.0
0,37.0,0,237.0,0,1,1,1,0,0,0,0,1,0,0,0,1,0,0,6.650279048587422,0.0,6.734591659972948,0.6931471805599453,1.791759469228055,7.389563953677635
0,60.0,0,132.0,0,1,1,1,0,0,1,0,1,0,0,1,0,0,0,7.915713199382116,0.0,0.0,0.0,0.0,7.915713199382116
1,55.0,0,643.0,0,1,1,0,0,0,0,0,1,0,0,0,0,0,1,0.0,0.0,0.0,0.0,0.0,0.0
1,20.0,0,645.0,1,1,1,0,0,0,0,1,0,0,0,0,0,0,1,0.0,0.0,0.0,0.0,0.0,0.0
0,28.0,0,745.0,1,1,1,1,0,0,1,0,1,0,0,0,0,1,0,6.4457198193855785,0.0,6.492239835020471,6.410174881966167,0.0,7.547501682814967
1,28.0,0,644.0,0,1,1,0,0,0,0,0,1,0,0,0,0,0,1,0.0,0.0,0.0,0.0,0.0,0.0
0,37.0,0,812.0,0,1,1,1,0,0,1,0,1,0,0,0,0,1,0,2.70805020110221,0.0,4.5217885770490405,7.093404625868766,0.0,7.1770187659099
0,18.0,0,814.0,0,1,1,1,0,0,0,0,1,0,0,0,0,1,0,5.786897381366708,0.0,6.169610732491456,3.9318256327243257,1.791759469228055,6.754604099487962
0,14.0,0,238.0,0,1,1,1,1,0,0,0,1,0,0,0,1,0,0,6.661854740545311,0.0,0.6931471805599453,1.6094379124341003,0.6931471805599453,6.669498089857879
0,29.0,1,143.0,1,1,1,1,0,1,0,0,1,0,1,0,0,0,0,8.154500175151941,9.3195534569495,2.772588722239781,5.318119993844216,2.772588722239781,9.606764735432199
0,51.0,0,746.0,1,1,1,1,0,0,0,0,1,0,0,0,0,1,0,0.0,0.0,0.0,6.300785794663244,2.5649493574615367,6.322565239927284
1,45.0,0,647.0,1,1,1,0,0,0,0,0,1,0,0,0,0,0,1,0.0,0.0,0.0,0.0,0.0,0.0
1,45.0,1,648.0,1,1,1,0,0,0,0,0,1,0,0,0,0,0,1,0.0,0.0,0.0,0.0,0.0,0.0
0,41.0,0,747.0,1,1,1,1,0,0,1,0,1,0,0,0,0,1,0,7.0431599159883405,2.5649493574615367,2.70805020110221,3.1354942159291497,0.0,7.084226422097916
0,21.0,0,646.0,0,3,0,1,0,0,0,0,1,0,0,0,0,0,1,0.0,4.394449154672439,5.545177444479562,0.0,8.55468163582723,8.617219505483362
0,28.0,0,817.0,0,3,0,1,0,0,0,0,1,0,0,0,0,1,0,6.483107351457199,0.0,0.0,0.0,3.044522437723423,6.513230110912307
1,0.0,1,646.0,0,3,0,0,1,0,0,0,0,0,0,0,0,0,1,0.0,0.0,0.0,0.0,0.0,0.0
0,46.0,0,748.0,1,1,1,1,0,0,0,0,1,0,0,0,0,1,0,0.0,0.0,0.0,0.0,6.78105762593618,6.78105762593618
1,41.0,1,749.0,1,1,1,0,0,0,1,0,1,0,0,0,0,1,0,0.0,0.0,0.0,0.0,0.0,0.0
0,13.0,1,647.0,0,2,0,0,1,0,0,0,0,0,0,0,0,0,1,0.0,0.0,0.0,0.0,0.0,0.0
0,55.0,0,239.0,0,2,0,1,0,0,0,1,0,0,0,0,1,0,0,0.0,7.093404625868766,0.0,0.0,6.102558594613569,7.408530566894626
0,20.0,1,648.0,0,1,1,0,0,0,0,1,0,0,0,0,0,0,1,0.0,0.0,0.0,0.0,0.0,0.0
1,21.0,1,650.0,1,1,1,0,0,0,0,0,1,0,0,0,0,0,1,0.0,0.0,0.0,0.0,0.0,0.0
0,49.0,0,818.0,0,3,0,1,0,0,0,0,1,0,0,0,0,1,0,5.783825182329737,5.62040086571715,0.0,0.0,0.0,6.396929655216146
0,27.0,1,649.0,0,3,0,1,0,0,0,0,1,0,0,0,0,0,1,0.0,0.0,6.928537818164665,0.0,0.0,6.928537818164665
0,0.0,1,649.0,0,3,0,0,1,0,0,0,1,0,0,0,0,0,1,0.0,0.0,0.0,0.0,0.0,0.0
0,22.0,0,819.0,0,1,1,1,0,0,1,0,1,0,0,0,0,1,0,6.787844982309579,4.02535169073515,0.0,0.0,0.0,6.848005274576363
1,17.0,0,650.0,0,1,1,0,0,0,0,0,1,0,0,0,0,0,1,0.0,0.0,0.0,0.0,0.0,0.0
0,23.0,1,751.0,1,1,1,1,0,0,1,0,1,0,0,0,0,1,0,5.87493073085203,0.0,6.639875833826536,0.0,0.0,7.02108396428914
0,44.0,0,651.0,0,1,1,1,0,0,0,0,1,0,0,0,0,0,1,3.6888794541139363,6.71174039505618,0.0,2.0794415416798357,3.7376696182833684,6.812345094177479
1,29.0,1,240.0,0,1,1,0,0,1,0,0,1,0,0,0,1,0,0,0.0,0.0,0.0,0.0,0.0,0.0
0,19.0,1,752.0,1,2,0,1,0,0,0,0,1,0,0,0,0,1,0,0.0,0.0,1.791759469228055,6.6293632534374485,0.0,6.635946555686647
1,3.0,1,652.0,1,2,0,0,1,0,0,0,1,0,0,0,0,0,1,0.0,0.0,0.0,0.0,0.0,0.0
0,29.0,1,933.5,1,1,1,1,0,1,0,0,1,0,0,0,0,1,0,0.0,8.876963340262272,0.0,4.07753744390572,0.6931471805599453,8.88516409509682
0,19.0,1,241.0,0,1,1,1,0,0,0,0,1,0,0,0,1,0,0,3.8501476017100584,0.0,6.516193076042964,0.0,0.0,6.582025138892826
1,22.0,1,653.0,0,1,1,0,0,0,0,0,1,0,0,0,0,0,1,0.0,0.0,0.0,0.0,0.0,0.0
0,33.0,0,933.5,1,1,1,1,0,0,0,1,0,0,0,0,0,1,0,5.993961427306569,5.602118820879701,3.5263605246161616,0.0,0.0,6.556778356158042
1,27.0,1,654.0,1,1,1,0,0,0,0,1,0,0,0,0,0,0,1,0.0,0.0,0.0,0.0,0.0,0.0
0,50.0,0,654.0,0,1,1,1,0,0,0,0,1,0,0,0,0,0,1,6.504288173536645,0.0,0.0,2.4849066497880004,5.14166355650266,6.744059186311348
0,54.0,0,755.0,1,2,0,1,0,0,1,0,1,0,0,0,0,1,0,7.1049654482698426,0.0,0.6931471805599453,1.6094379124341003,0.0,7.109062135687172
0,43.0,0,755.0,1,2,0,1,0,0,1,0,1,0,0,0,0,1,0,7.278628942320682,0.0,5.017279836814924,0.0,0.0,7.377133712833954
0,17.0,1,822.0,0,1,1,1,0,0,0,0,1,0,0,0,0,1,0,4.6443908991413725,7.688913336864796,0.0,2.833213344056216,0.0,7.741967899820685
0,26.0,0,134.0,0,1,1,1,0,0,1,0,1,0,0,1,0,0,0,7.398174092970465,0.0,4.394449154672439,2.0794415416798357,0.0,7.450079569807499
0,44.0,0,823.0,0,1,1,1,0,0,0,0,1,0,0,0,0,1,0,7.138073034044347,1.3862943611198906,0.0,0.6931471805599453,0.0,7.141245122350491
0,51.0,0,756.0,1,1,1,1,0,0,0,1,0,0,0,0,0,1,0,0.0,0.0,2.3978952727983707,7.002155954403621,0.0,7.011213987350367
1,29.0,1,152.0,1,1,1,0,0,1,0,0,1,1,0,0,0,0,0,0.0,0.0,0.0,0.0,0.0,0.0
0,4.0,0,655.0,0,6,0,0,1,0,0,0,1,0,0,0,0,0,1,0.0,0.0,0.0,0.0,0.0,0.0
0,40.0,0,825.0,0,6,0,1,0,0,0,1,0,0,0,0,0,1,0,0.0,0.0,5.739792912179234,0.6931471805599453,6.045005314036012,6.597145701886651
0,27.0,0,655.0,0,6,0,1,0,0,0,0,0,0,0,0,0,0,1,0.0,0.0,1.0986122886681096,0.0,6.695798917058491,6.698268054115413
0,8.0,0,655.0,0,6,0,0,1,0,0,0,1,0,0,0,0,0,1,0.0,0.0,0.0,0.0,0.0,0.0
0,3.0,0,655.0,0,6,0,0,1,0,0,0,1,0,0,0,0,0,1,0.0,0.0,0.0,0.0,0.0,0.0
0,11.0,1,655.0,0,6,0,0,1,0,0,0,0,0,0,0,0,0,1,0.0,0.0,0.0,0.0,0.0,0.0
0,24.0,1,826.0,0,1,1,1,0,0,0,1,0,0,0,0,0,1,0,2.833213344056216,0.0,7.036148493750536,0.0,3.713572066704308,7.084226422097916
0,25.0,0,657.0,1,1,1,1,0,0,0,0,0,0,0,0,0,0,1,0.0,4.430816798843313,0.0,6.0867747269123065,0.0,6.259581464064923
0,28.0,1,129.0,0,1,1,1,0,1,0,0,0,0,1,0,0,0,0,4.499809670330265,8.481980435660493,0.0,1.0986122886681096,7.377133712833954,8.782015969721936
0,25.0,0,656.0,0,1,1,1,0,0,0,0,1,0,0,0,0,0,1,0.0,6.925595197110468,0.0,0.0,0.0,6.925595197110468
1,27.0,1,658.0,1,3,0,0,0,0,0,0,1,0,0,0,0,0,1,0.0,0.0,0.0,0.0,0.0,0.0
0,25.0,0,757.0,1,3,0,1,0,0,0,0,1,0,0,0,0,1,0,3.044522437723423,0.0,6.052089168924417,0.0,5.886104031450156,6.6895992691789665
1,0.0,1,658.0,1,3,0,0,1,0,0,0,1,0,0,0,0,0,1,0.0,0.0,0.0,0.0,0.0,0.0
0,58.0,1,758.0,1,7,0,1,0,0,0,0,1,0,0,0,0,1,0,0.0,0.0,6.878326468291325,0.0,0.0,6.878326468291325
1,3.0,1,659.0,1,7,0,0,1,0,0,0,1,0,0,0,0,0,1,0.0,0.0,0.0,0.0,0.0,0.0
1,4.0,1,659.0,1,7,0,0,1,0,0,1,0,0,0,0,0,0,1,0.0,0.0,0.0,0.0,0.0,0.0
1,2.0,0,659.0,1,7,0,0,1,0,0,0,0,0,0,0,0,0,1,0.0,0.0,0.0,0.0,0.0,0.0
0,34.0,1,758.0,1,7,0,1,0,0,0,0,1,0,0,0,0,1,0,0.0,6.742880635791903,2.70805020110221,0.0,0.0,6.759255270663693
0,5.0,1,659.0,1,7,0,0,1,0,0,0,0,0,0,0,0,0,1,0.0,0.0,0.0,0.0,0.0,0.0
0,3.0,0,659.0,1,7,0,0,1,0,0,0,1,0,0,0,0,0,1,0.0,0.0,0.0,0.0,0.0,0.0
1,46.0,0,242.0,0,1,1,0,0,0,1,0,1,0,0,0,1,0,0,0.0,0.0,0.0,0.0,0.0,0.0
0,22.0,1,827.0,0,1,1,1,0,0,0,0,1,0,0,0,0,1,0,7.257002707092073,0.0,0.0,0.0,0.0,7.257002707092073
0,8.0,1,657.0,0,8,0,0,1,0,0,0,1,0,0,0,0,0,1,0.0,0.0,0.0,0.0,0.0,0.0
0,17.0,1,657.0,0,8,0,1,0,0,0,0,1,0,0,0,0,0,1,1.3862943611198906,4.430816798843313,6.833031732786201,0.0,0.6931471805599453,6.922643891475888
0,4.0,0,657.0,0,8,0,0,1,0,0,0,1,0,0,0,0,0,1,0.0,0.0,0.0,0.0,0.0,0.0
1,12.0,0,933.5,1,8,0,0,1,0,0,0,1,0,0,0,0,1,0,0.0,0.0,0.0,0.0,0.0,0.0
1,40.0,1,657.0,0,8,0,0,0,0,0,1,0,0,0,0,0,0,1,0.0,0.0,0.0,0.0,0.0,0.0
0,16.0,1,829.0,0,8,0,1,0,0,0,1,0,0,0,0,0,1,0,1.6094379124341003,0.0,7.731492029245684,1.0986122886681096,0.0,7.734121303328305
1,41.0,1,657.0,0,8,0,0,0,0,0,0,1,0,0,0,0,0,1,0.0,0.0,0.0,0.0,0.0,0.0
1,8.0,0,657.0,0,8,0,0,1,0,0,0,1,0,0,0,0,0,1,0.0,0.0,0.0,0.0,0.0,0.0
1,14.0,1,660.0,1,5,0,0,1,0,0,0,0,0,0,0,0,0,1,0.0,0.0,0.0,0.0,0.0,0.0
1,2.0,1,660.0,1,5,0,0,1,0,0,0,1,0,0,0,0,0,1,0.0,0.0,0.0,0.0,0.0,0.0
0,59.0,1,759.0,1,5,0,1,0,0,0,1,0,0,0,0,0,1,0,5.993961427306569,0.0,4.844187086458591,0.0,5.0689042022202315,6.529418838262226
0,45.0,0,660.0,1,5,0,1,0,0,0,0,1,0,0,0,0,0,1,7.493873886783559,0.0,1.6094379124341003,0.0,1.791759469228055,7.498869733976931
0,52.0,1,759.0,1,5,0,1,0,0,0,0,0,0,0,0,0,1,0,0.0,6.558197802812269,0.0,0.0,0.0,6.558197802812269
1,33.0,1,760.0,1,1,1,0,0,0,1,0,1,0,0,0,0,1,0,0.0,0.0,0.0,0.0,0.0,0.0
0,51.0,1,933.5,1,1,1,1,0,0,0,0,0,0,0,0,0,1,0,2.1972245773362196,0.0,5.332718793265369,7.129297548929373,2.70805020110221,7.297091005160418
1,38.0,0,658.0,0,1,1,0,0,0,0,0,1,0,0,0,0,0,1,0.0,0.0,0.0,0.0,0.0,0.0
0,14.0,0,243.0,0,1,1,1,1,0,1,0,1,0,0,0,1,0,0,6.133398042996649,0.0,0.0,5.755742213586912,5.153291594497779,6.854354502255021
0,42.0,0,125.0,0,2,0,1,0,1,0,0,1,1,0,0,0,0,0,0.0,6.124683390894205,0.6931471805599453,7.085064293952548,8.019612794400267,8.453187861440325
0,28.0,0,125.0,0,2,0,1,0,1,0,0,0,1,0,0,0,0,0,0.0,8.08301991917133,0.0,6.621405651764134,7.7702232041587855,8.757311846936409
0,34.0,0,268.0,1,1,1,1,0,0,0,0,0,0,0,0,1,0,0,5.736572297479192,6.297109319933935,0.0,0.0,4.02535169073515,6.810142450115136
0,21.0,0,269.0,1,5,0,0,0,0,1,0,1,0,0,0,1,0,0,0.0,0.0,0.0,0.0,0.0,0.0
1,30.0,1,761.0,1,5,0,0,0,0,1,0,1,0,0,0,0,1,0,0.0,0.0,0.0,0.0,0.0,0.0
1,27.0,1,761.0,1,5,0,0,0,0,1,0,1,0,0,0,0,1,0,0.0,0.0,0.0,0.0,0.0,0.0
1,26.0,0,269.0,1,5,0,0,0,0,1,0,1,0,0,0,1,0,0,0.0,0.0,0.0,0.0,0.0,0.0
0,23.0,0,761.0,1,5,0,1,0,0,1,0,1,0,0,0,0,1,0,6.837332814685591,0.0,4.90527477843843,0.0,6.045005314036012,7.304515946460155
0,20.0,0,762.0,1,1,1,1,0,0,0,0,1,0,0,0,0,1,0,0.0,0.6931471805599453,0.0,3.044522437723423,3.7612001156935624,4.1588830833596715
0,59.0,1,245.0,0,1,1,1,0,0,0,0,0,0,0,0,1,0,0,5.556828061699537,5.934894195619588,1.791759469228055,0.0,0.0,6.46302945692067
0,37.0,0,126.0,0,1,1,1,0,1,0,0,0,1,0,0,0,0,0,8.77940359789435,7.293697720601438,0.0,6.0330862217988015,8.336869637284956,9.438192819018127
0,32.0,0,832.0,0,1,1,1,0,0,1,0,1,0,0,0,0,1,0,7.519692404116539,0.0,6.4967749901858625,0.0,0.0,7.826443135456014
0,37.0,0,833.0,0,1,1,1,0,0,0,1,0,0,0,0,0,1,0,1.6094379124341003,0.0,5.4116460518550396,6.240275845170769,0.6931471805599453,6.608000625296087
0,27.0,0,246.0,0,1,1,1,0,0,0,0,1,0,0,0,1,0,0,0.6931471805599453,5.87493073085203,6.630683385642372,0.0,0.0,7.01571242048723
1,42.0,1,154.0,1,1,1,0,0,1,0,0,0,1,0,0,0,0,0,0.0,0.0,0.0,0.0,0.0,0.0
1,29.0,1,659.0,0,1,1,0,0,0,0,1,0,0,0,0,0,0,1,0.0,0.0,0.0,0.0,0.0,0.0
0,2.0,1,661.0,1,5,0,0,1,0,0,0,1,0,0,0,0,0,1,0.0,0.0,0.0,0.0,0.0,0.0
1,10.0,0,933.5,1,5,0,0,1,0,0,0,1,0,0,0,0,1,0,0.0,0.0,0.0,0.0,0.0,0.0
0,0.0,0,661.0,1,5,0,0,1,0,0,0,1,0,0,0,0,0,1,0.0,0.0,0.0,0.0,0.0,0.0
1,21.0,0,661.0,1,5,0,0,0,0,0,0,1,0,0,0,0,0,1,0.0,0.0,0.0,0.0,0.0,0.0
0,8.0,0,661.0,1,5,0,0,1,0,0,0,1,0,0,0,0,0,1,0.0,0.0,0.0,0.0,0.0,0.0
1,27.0,1,131.0,0,2,0,0,0,1,0,0,0,0,1,0,0,0,0,0.0,0.0,0.0,0.0,0.0,0.0
1,27.0,1,131.0,0,2,0,0,0,1,0,0,1,0,1,0,0,0,0,0.0,0.0,0.0,0.0,0.0,0.0
0,13.0,1,661.0,0,1,1,0,1,0,0,1,0,0,0,0,0,0,1,0.0,0.0,0.0,0.0,0.0,0.0
0,49.0,1,144.0,1,1,1,1,0,1,0,0,0,0,1,0,0,0,0,7.613818684808629,8.877381954654766,0.0,7.806696372521179,3.8712010109078907,9.36700218198956
1,38.0,0,247.0,0,1,1,0,0,0,1,0,1,0,0,0,1,0,0,0.0,0.0,0.0,0.0,0.0,0.0
1,21.0,1,662.0,0,1,1,0,0,0,0,0,0,0,0,0,0,0,1,0.0,0.0,0.0,0.0,0.0,0.0
0,22.0,0,662.0,1,1,1,1,0,0,0,0,1,0,0,0,0,0,1,2.0794415416798357,4.127134385045092,4.709530201312334,6.5638555265321274,0.0,6.787844982309579
1,14.0,1,663.0,1,1,1,0,1,0,0,1,0,0,0,0,0,0,1,0.0,0.0,0.0,0.0,0.0,0.0
1,24.0,0,664.0,1,1,1,0,0,0,0,1,0,0,0,0,0,0,1,0.0,0.0,0.0,0.0,0.0,0.0
0,24.0,0,764.0,1,1,1,1,0,0,0,0,1,0,0,0,0,1,0,6.5722825426940075,0.0,1.6094379124341003,3.912023005428146,2.4849066497880004,6.658011045870748
1,34.0,0,663.0,0,1,1,0,0,0,0,0,1,0,0,0,0,0,1,0.0,0.0,0.0,0.0,0.0,0.0
0,1.0,1,46.0,1,3,0,0,1,1,0,0,1,0,0,0,0,0,0,0.0,0.0,0.0,0.0,0.0,0.0
1,27.0,1,46.0,1,3,0,0,0,1,0,0,0,0,0,0,0,0,0,0.0,0.0,0.0,0.0,0.0,0.0
1,26.0,1,46.0,1,3,0,0,0,1,0,0,0,0,0,0,0,0,0,0.0,0.0,0.0,0.0,0.0,0.0
0,27.0,0,248.0,0,1,1,1,0,0,0,0,1,0,0,0,1,0,0,0.0,0.0,0.0,3.4965075614664802,7.363913501405819,7.383989457978509
0,32.0,0,765.0,1,3,0,1,0,0,1,0,1,0,0,0,0,1,0,6.285998094508865,0.0,6.602587892189336,4.77912349311153,0.0,7.237778191923443
0,2.0,1,765.0,1,3,0,0,1,0,1,0,1,0,0,0,0,1,0,0.0,0.0,0.0,0.0,0.0,0.0
1,10.0,1,765.0,1,3,0,0,1,0,1,0,1,0,0,0,0,1,0,0.0,0.0,0.0,0.0,0.0,0.0
0,49.0,0,135.0,0,1,1,1,0,0,1,0,1,0,0,1,0,0,0,7.257002707092073,0.0,6.2766434893416445,7.207118856207756,5.262690188904886,8.157370441186774
1,14.0,1,664.0,0,1,1,0,1,0,0,1,0,0,0,0,0,0,1,0.0,0.0,0.0,0.0,0.0,0.0
1,29.0,1,666.0,1,1,1,0,0,0,0,0,1,0,0,0,0,0,1,0.0,0.0,0.0,0.0,0.0,0.0
1,25.0,0,47.0,1,1,1,0,0,1,0,0,0,0,0,0,0,0,0,0.0,0.0,0.0,0.0,0.0,0.0
0,36.0,0,35.0,0,1,1,1,0,1,0,0,0,0,0,0,0,0,0,0.0,7.172424577124845,0.0,7.63433723562832,9.22759072538271,9.513625087655372
1,22.0,1,668.0,1,1,1,0,0,0,0,0,1,0,0,0,0,0,1,0.0,0.0,0.0,0.0,0.0,0.0
0,21.0,0,836.0,0,1,1,1,0,0,0,0,1,0,0,0,0,1,0,1.3862943611198906,3.5553480614894135,6.398594934535208,0.0,2.1972245773362196,6.470799503782602
0,36.0,0,669.0,1,1,1,1,0,0,0,0,1,0,0,0,0,0,1,6.082218910376446,6.093569770045136,0.0,1.0986122886681096,0.6931471805599453,6.78332520060396
0,54.0,0,838.0,0,1,1,1,0,0,0,0,1,0,0,0,0,1,0,6.78105762593618,1.0986122886681096,6.2766434893416445,1.0986122886681096,0.0,7.255591274253665
0,30.0,0,130.0,1,3,0,1,0,0,1,0,1,0,0,1,0,0,0,7.524021415206125,0.0,5.937536205082426,0.0,5.049856007249537,7.776954403322442
1,0.0,1,766.0,1,3,0,0,1,0,1,0,1,0,0,0,0,1,0,0.0,0.0,0.0,0.0,0.0,0.0
1,1.0,1,766.0,1,3,0,0,1,0,1,0,1,0,0,0,0,1,0,0.0,0.0,0.0,0.0,0.0,0.0
1,42.0,1,670.0,1,1,1,0,0,0,0,0,1,0,0,0,0,0,1,0.0,0.0,0.0,0.0,0.0,0.0
0,47.0,1,767.0,1,1,1,1,0,0,0,0,1,0,0,0,0,1,0,6.84587987526405,7.298445101508147,0.0,0.0,0.0,7.790282380703483
0,25.0,0,665.0,0,1,1,1,0,0,0,0,1,0,0,0,0,0,1,7.200424892944957,0.6931471805599453,5.8888779583328805,0.0,0.0,7.438971592395862
0,18.0,0,155.0,1,2,0,1,0,1,0,0,0,1,0,0,0,0,0,0.0,3.4339872044851463,0.0,4.219507705176107,7.934155233536322,7.968319500012717
1,22.0,1,155.0,1,2,0,0,0,1,0,0,1,1,0,0,0,0,0,0.0,0.0,0.0,0.0,0.0,0.0
0,27.0,0,131.0,1,1,1,1,0,1,0,0,1,0,0,1,0,0,0,0.0,7.231287004327616,0.0,5.003946305945459,7.687997166393016,8.219056661060598
0,24.0,1,768.0,1,1,1,1,0,0,0,0,0,0,0,0,0,1,0,0.0,0.0,7.797291273547472,0.0,3.9889840465642745,7.818832443803404
1,27.0,1,127.0,0,2,0,0,0,1,0,0,1,1,0,0,0,0,0,0.0,0.0,0.0,0.0,0.0,0.0
1,22.0,1,127.0,0,2,0,0,0,1,0,0,0,1,0,0,0,0,0,0.0,0.0,0.0,0.0,0.0,0.0
1,60.0,1,671.0,1,1,1,0,0,0,0,0,1,0,0,0,0,0,1,0.0,0.0,0.0,0.0,0.0,0.0
0,38.0,0,145.0,1,1,1,1,0,1,0,0,1,0,1,0,0,0,0,7.550661243105336,7.152268856032539,0.0,8.930890984450878,2.5649493574615367,9.282754052485227
0,23.0,0,250.0,0,1,1,1,0,0,0,0,1,0,0,0,1,0,0,7.388327859577107,0.0,0.6931471805599453,0.0,1.0986122886681096,7.3901814282264295
1,21.0,0,667.0,0,1,1,0,0,0,0,0,1,0,0,0,0,0,1,0.0,0.0,0.0,0.0,0.0,0.0
0,55.0,0,771.0,1,1,1,1,0,0,1,0,0,0,0,0,0,1,0,7.427144133408616,0.0,0.6931471805599453,0.0,1.9459101490553132,7.431299675155903
0,20.0,0,839.0,0,1,1,1,0,0,0,0,0,0,0,0,0,1,0,6.579251212010101,0.0,2.3978952727983707,0.0,0.0,6.593044534142437
0,50.0,0,668.0,0,1,1,1,0,0,0,0,0,0,0,0,0,0,1,6.113682179832232,4.890349128221754,5.278114659230518,3.4657359027997265,0.0,6.697034247666484
0,22.0,0,252.0,0,1,1,0,0,0,1,0,1,0,0,0,1,0,0,0.0,0.0,0.0,0.0,0.0,0.0
0,21.0,1,146.0,1,1,1,1,0,1,0,0,1,0,1,0,0,0,0,0.0,8.730851903519232,7.511524648390866,2.0794415416798357,3.58351893845611,8.9947928972836
0,26.0,1,132.0,1,1,1,1,0,1,0,0,1,0,0,1,0,0,0,0.0,7.346010209913293,0.0,0.0,6.642486801367256,7.7475968386928855
0,36.0,1,48.0,1,1,1,1,0,1,0,0,1,0,0,0,0,0,0,0.0,7.686162303492906,0.0,7.001245622069476,4.976733742420574,8.137103389639302
0,46.0,1,133.0,1,1,1,1,0,0,1,0,1,0,0,1,0,0,0,5.429345628954441,0.0,7.344072850573066,1.3862943611198906,1.0986122886681096,7.483806687665835
0,26.0,1,772.0,1,1,1,1,0,0,0,0,1,0,0,0,0,1,0,0.0,6.375024819828097,0.6931471805599453,0.0,4.07753744390572,6.470799503782602
0,24.0,0,841.0,0,1,1,1,0,0,0,0,1,0,0,0,0,1,0,0.0,3.044522437723423,0.0,2.70805020110221,6.492239835020471,6.542471960506805
0,14.0,0,671.0,0,1,1,1,1,0,0,0,0,0,0,0,0,0,1,6.727431724850855,6.985641817639208,1.3862943611198906,5.214935757608986,5.342334251964811,7.744569809354496
0,46.0,1,842.0,0,1,1,1,0,0,1,0,1,0,0,0,0,1,0,6.856461984594587,0.0,4.859812404361672,1.3862943611198906,3.7376696182833684,7.022868086082641
0,15.0,0,253.0,0,1,1,1,0,0,0,0,1,0,0,0,1,0,0,0.0,6.734591659972948,4.820281565605037,0.0,3.044522437723423,6.891625897052253
1,30.0,0,672.0,0,1,1,0,0,0,0,0,1,0,0,0,0,0,1,0.0,0.0,0.0,0.0,0.0,0.0
1,27.0,1,673.0,0,1,1,0,0,0,0,0,1,0,0,0,0,0,1,0.0,0.0,0.0,0.0,0.0,0.0
0,38.0,0,773.0,1,1,1,1,0,0,1,0,1,0,0,0,0,1,0,7.00397413672268,3.784189633918261,5.099866427824199,1.3862943611198906,0.0,7.177782416195197
1,48.0,1,128.0,0,1,1,0,0,1,0,0,1,1,0,0,0,0,0,0.0,0.0,0.0,0.0,0.0,0.0
1,31.0,0,674.0,0,1,1,0,0,0,0,0,1,0,0,0,0,0,1,0.0,0.0,0.0,0.0,0.0,0.0
0,41.0,0,675.0,0,1,1,1,0,0,0,0,1,0,0,0,0,0,1,6.933423025730715,0.0,0.0,0.0,0.0,6.933423025730715
0,43.0,1,675.0,1,1,1,1,0,0,0,0,1,0,0,0,0,0,1,0.0,6.723832440821209,4.3694478524670215,0.0,0.0,6.813444599510896
0,23.0,0,676.0,1,1,1,1,0,0,0,0,1,0,0,0,0,0,1,0.0,0.0,6.194405391104672,1.791759469228055,5.6240175061873385,6.647688373563329
1,48.0,1,158.0,1,2,0,0,0,1,0,0,0,1,0,0,0,0,0,0.0,0.0,0.0,0.0,0.0,0.0
0,47.0,1,158.0,1,2,0,1,0,1,0,0,1,1,0,0,0,0,0,3.332204510175204,7.883069351305753,6.289715570908998,2.9444389791664403,0.0,8.081784206935001
0,19.0,1,843.0,0,1,1,1,0,0,0,0,1,0,0,0,0,1,0,5.135798437050262,5.991464547107982,0.0,4.584967478670572,0.0,6.501289670540389
0,25.0,0,255.0,0,1,1,1,0,0,0,0,1,0,0,0,1,0,0,0.0,3.6635616461296463,0.0,6.742880635791903,4.727387818712341,6.905753276311464
1,28.0,1,678.0,1,1,1,0,0,0,0,0,1,0,0,0,0,0,1,0.0,0.0,0.0,0.0,0.0,0.0
1,16.0,1,129.0,0,2,0,0,0,1,0,0,0,1,0,0,0,0,0,0.0,0.0,0.0,0.0,0.0,0.0
0,45.0,1,129.0,0,2,0,1,0,1,0,0,1,1,0,0,0,0,0,0.0,7.83399634170946,0.0,5.117993812416755,0.6931471805599453,7.898039690764619
1,31.0,1,270.0,1,1,1,0,0,0,1,0,1,0,0,0,1,0,0,0.0,0.0,0.0,0.0,0.0,0.0
1,19.0,0,679.0,1,1,1,0,0,0,0,1,0,0,0,0,0,0,1,0.0,0.0,0.0,0.0,0.0,0.0
0,21.0,1,774.0,1,1,1,1,0,0,0,0,1,0,0,0,0,1,0,3.713572066704308,0.0,6.602587892189336,0.0,0.0,6.655440350367647
1,27.0,0,680.0,1,1,1,0,0,0,0,1,0,0,0,0,0,0,1,0.0,0.0,0.0,0.0,0.0,0.0
1,22.0,1,677.0,0,1,1,0,0,0,0,1,0,0,0,0,0,0,1,0.0,0.0,0.0,0.0,0.0,0.0
0,23.0,1,130.0,0,1,1,0,0,1,0,0,1,1,0,0,0,0,0,0.0,0.0,0.0,0.0,0.0,0.0
0,54.0,0,846.0,0,3,0,1,0,0,1,0,1,0,0,0,0,1,0,4.718498871295094,0.0,7.0431599159883405,2.1972245773362196,3.1780538303479458,7.160069207596127
0,0.0,1,846.0,0,3,0,0,1,0,1,0,1,0,0,0,0,1,0,0.0,0.0,0.0,0.0,0.0,0.0
1,4.0,1,846.0,0,3,0,0,1,0,1,0,1,0,0,0,0,1,0,0.0,0.0,0.0,0.0,0.0,0.0
0,23.0,0,847.0,0,1,1,1,0,0,0,0,1,0,0,0,0,1,0,2.772588722239781,0.6931471805599453,6.656726524178391,1.3862943611198906,1.3862943611198906,6.684611727667927
1,19.0,1,933.5,1,1,1,0,0,0,1,0,1,0,0,0,0,1,0,0.0,0.0,0.0,0.0,0.0,0.0
1,34.0,1,147.0,1,1,1,0,0,1,0,0,1,0,1,0,0,0,0,0.0,0.0,0.0,0.0,0.0,0.0
1,18.0,0,678.0,0,1,1,0,0,0,0,0,0,0,0,0,0,0,1,0.0,0.0,0.0,0.0,0.0,0.0
1,40.0,1,933.5,1,1,1,0,0,0,0,0,1,0,0,0,0,1,0,0.0,0.0,0.0,0.0,0.0,0.0
0,58.0,0,777.0,1,1,1,1,0,0,1,0,1,0,0,0,0,1,0,6.7464121285733745,0.0,3.1354942159291497,7.309212365692763,0.0,7.768956044538332
0,39.0,0,778.0,1,1,1,1,0,0,0,0,0,0,0,0,0,1,0,6.499787040655854,0.0,0.0,3.713572066704308,0.0,6.558197802812269
0,23.0,0,851.0,0,1,1,1,0,0,0,1,0,0,0,0,0,1,0,3.713572066704308,2.772588722239781,3.4339872044851463,0.0,6.45833828334479,6.583409222158765
0,11.0,0,679.0,0,1,1,0,1,0,0,0,1,0,0,0,0,0,1,0.0,0.0,0.0,0.0,0.0,0.0
1,43.0,1,148.0,1,1,1,0,0,1,0,0,1,0,1,0,0,0,0,0.0,0.0,0.0,0.0,0.0,0.0
1,29.0,0,258.0,0,1,1,0,0,0,1,0,1,0,0,0,1,0,0,0.0,0.0,0.0,0.0,0.0,0.0
0,36.0,0,259.0,0,1,1,1,0,0,0,0,1,0,0,0,1,0,0,2.995732273553991,6.1675164908883415,0.0,1.791759469228055,5.673323267171493,6.673297967767654
0,13.0,0,852.0,0,1,1,1,1,0,0,1,0,0,0,0,0,1,0,2.833213344056216,0.0,4.477336814478207,6.300785794663244,0.0,6.473890696352274
0,54.0,1,149.0,1,2,0,1,0,1,0,0,1,0,1,0,0,0,0,0.0,0.0,0.0,8.071218539969863,0.0,8.071218539969863
1,45.0,1,149.0,1,2,0,0,0,1,0,0,1,0,1,0,0,0,0,0.0,0.0,0.0,0.0,0.0,0.0
0,33.0,1,682.0,0,1,1,1,0,0,0,0,0,0,0,0,0,0,1,0.0,0.0,6.380122536899765,1.0986122886681096,5.545177444479562,6.741700694652055
0,46.0,1,780.0,1,1,1,1,0,0,0,0,1,0,0,0,0,1,0,0.0,6.937314081223682,0.0,0.0,0.0,6.937314081223682
1,15.0,1,683.0,0,1,1,0,0,0,0,0,0,0,0,0,0,0,1,0.0,0.0,0.0,0.0,0.0,0.0
0,35.0,0,853.0,0,1,1,1,0,0,0,0,1,0,0,0,0,1,0,4.499809670330265,0.0,0.0,6.302618975744905,0.0,6.453624998892692
1,23.0,1,781.0,1,1,1,0,0,0,1,0,1,0,0,0,0,1,0,0.0,0.0,0.0,0.0,0.0,0.0
1,15.0,0,684.0,0,1,1,0,0,0,0,0,0,0,0,0,0,0,1,0.0,0.0,0.0,0.0,0.0,0.0
0,27.0,0,273.0,1,1,1,1,0,0,0,0,1,0,0,0,1,0,0,0.0,0.0,6.364750756851911,5.356586274672012,0.0,6.674561391814426
0,15.0,0,782.0,1,1,1,1,0,0,0,0,1,0,0,0,0,1,0,0.0,1.0986122886681096,2.772588722239781,1.791759469228055,6.736966958001855,6.762729506931879
0,27.0,1,783.0,1,1,1,1,0,0,1,0,1,0,0,0,0,1,0,6.495265555937008,0.0,6.899723107284872,3.8501476017100584,0.0,7.4377951216719325
1,16.0,1,683.0,1,1,1,0,0,0,0,0,0,0,0,0,0,0,1,0.0,0.0,0.0,0.0,0.0,0.0
0,37.0,1,685.0,0,1,1,1,0,0,0,0,1,0,0,0,0,0,1,5.5093883366279774,0.0,6.556778356158042,1.791759469228055,0.0,6.86171134048073
1,45.0,1,132.0,0,2,0,0,0,1,0,0,0,1,0,0,0,0,0,0.0,0.0,0.0,0.0,0.0,0.0
0,58.0,1,132.0,0,2,0,1,0,1,0,0,0,1,0,0,0,0,0,0.0,5.634789603169249,8.196436811235028,4.812184355372417,3.4339872044851463,8.308691916838898
0,27.0,0,933.5,1,1,1,1,0,0,0,1,0,0,0,0,0,1,0,0.0,6.089044875446846,0.0,0.0,5.814130531825066,6.652863029353347
0,38.0,0,855.0,0,2,0,1,0,0,0,0,1,0,0,0,0,1,0,0.0,2.9444389791664403,3.4339872044851463,0.0,6.725033642166843,6.78105762593618
0,28.0,0,260.0,0,2,0,1,0,0,0,0,1,0,0,0,1,0,0,0.0,5.488937726156687,1.9459101490553132,0.0,6.297109319933935,6.672032945461067
1,47.0,1,140.0,0,2,0,0,0,1,0,0,1,0,0,1,0,0,0,0.0,0.0,0.0,0.0,0.0,0.0
0,41.0,1,140.0,0,2,0,1,0,1,0,0,1,0,0,1,0,0,0,0.0,7.354362330421477,0.0,1.0986122886681096,2.833213344056216,7.3658128372094716
1,28.0,1,133.0,0,1,1,0,0,1,0,0,1,1,0,0,0,0,0,0.0,0.0,0.0,0.0,0.0,0.0
1,23.0,0,686.0,0,1,1,0,0,0,0,0,1,0,0,0,0,0,1,0.0,0.0,0.0,0.0,0.0,0.0
1,24.0,1,856.0,0,7,0,0,0,0,1,0,1,0,0,0,0,1,0,0.0,0.0,0.0,0.0,0.0,0.0
0,58.0,0,856.0,0,7,0,1,0,0,1,0,1,0,0,0,0,1,0,2.5649493574615367,0.0,5.231108616854587,7.798523053625206,1.6094379124341003,7.878155336503324
1,36.0,1,856.0,0,7,0,0,0,0,1,0,1,0,0,0,0,1,0,0.0,0.0,0.0,0.0,0.0,0.0
0,24.0,0,856.0,0,7,0,1,0,0,1,0,0,0,0,0,0,1,0,7.218176838403408,0.0,3.9318256327243257,0.0,0.0,7.254177846456518
0,56.0,0,856.0,0,7,0,1,0,0,1,0,1,0,0,0,0,1,0,4.859812404361672,0.0,6.866933284461882,0.0,3.7612001156935624,7.029972911706386
1,15.0,1,856.0,0,7,0,0,0,0,1,0,1,0,0,0,0,1,0,0.0,0.0,0.0,0.0,0.0,0.0
0,19.0,1,141.0,0,7,0,1,0,0,1,0,1,0,0,1,0,0,0,5.043425116919247,5.14166355650266,7.637716432664798,0.0,0.0,7.782807262839695
0,27.0,0,261.0,0,1,1,1,0,0,0,0,1,0,0,0,1,0,0,0.0,0.0,0.0,6.490723534502507,4.897839799950911,6.674561391814426
0,47.0,0,857.0,0,1,1,1,0,0,0,0,1,0,0,0,0,1,0,4.0943445622221,0.6931471805599453,5.793013608384144,6.324358962381311,0.0,6.851184927493743
0,37.0,0,858.0,0,1,1,1,0,0,0,0,0,0,0,0,0,1,0,0.0,4.499809670330265,2.772588722239781,3.044522437723423,6.385194398997726,6.57507584059962
1,39.0,1,859.0,0,7,0,0,0,0,1,0,1,0,0,0,0,1,0,0.0,0.0,0.0,0.0,0.0,0.0
1,20.0,1,859.0,0,7,0,0,0,0,1,0,1,0,0,0,0,1,0,0.0,0.0,0.0,0.0,0.0,0.0
0,20.0,1,859.0,0,7,0,1,0,0,1,0,1,0,0,0,0,1,0,6.634633357861686,0.0,6.610696044717759,5.8664680569332965,0.0,7.5256399750415355
0,38.0,0,859.0,0,7,0,1,0,0,1,0,1,0,0,0,0,1,0,6.19644412779452,6.498282149476434,5.883322388488279,6.752270376141742,0.0,7.769378609513984
0,46.0,0,142.0,0,7,0,1,0,0,1,0,1,0,0,1,0,0,0,5.5134287461649825,0.0,6.037870919922137,6.175867270105761,3.6109179126442243,7.074963197966044
1,13.0,1,859.0,0,7,0,0,1,0,1,0,1,0,0,0,0,1,0,0.0,0.0,0.0,0.0,0.0,0.0
0,24.0,1,859.0,0,7,0,1,0,0,1,0,0,0,0,0,0,1,0,6.418364935936212,5.7899601708972535,3.8501476017100584,4.477336814478207,0.0,6.977281341630747
1,32.0,1,161.0,1,3,0,0,0,1,0,0,1,1,0,0,0,0,0,0.0,0.0,0.0,0.0,0.0,0.0
1,27.0,1,161.0,1,3,0,0,0,1,0,0,0,1,0,0,0,0,0,0.0,0.0,0.0,0.0,0.0,0.0
0,44.0,0,161.0,1,3,0,1,0,1,0,0,0,1,0,0,0,0,0,3.6109179126442243,6.3784261836515865,0.0,7.424165281042028,8.188133414510478,8.682199026000504
0,19.0,0,687.0,0,1,1,1,0,0,0,0,1,0,0,0,0,0,1,0.0,0.0,1.6094379124341003,1.9459101490553132,6.651571873589727,6.664409020350408
0,30.0,1,50.0,1,2,0,1,0,1,0,0,1,0,0,0,0,0,0,0.0,7.067319848653476,5.214935757608986,4.5217885770490405,0.0,7.277247726631484
1,23.0,1,50.0,1,2,0,0,0,1,0,0,1,0,0,0,0,0,0,0.0,0.0,0.0,0.0,0.0,0.0
0,4.0,1,133.0,0,6,0,0,1,1,0,0,1,0,1,0,0,0,0,0.0,0.0,0.0,0.0,0.0,0.0
0,0.0,1,133.0,0,6,0,0,1,1,0,0,1,0,1,0,0,0,0,0.0,0.0,0.0,0.0,0.0,0.0
1,17.0,1,933.5,1,6,0,0,0,1,0,0,1,0,0,0,0,1,0,0.0,0.0,0.0,0.0,0.0,0.0
1,44.0,1,133.0,0,6,0,0,0,1,0,0,1,0,1,0,0,0,0,0.0,0.0,0.0,0.0,0.0,0.0
0,31.0,0,133.0,0,6,0,1,0,1,0,0,0,0,1,0,0,0,0,1.0986122886681096,9.076580381796658,0.0,8.484876589939695,9.580937944755272,10.242634779606643
0,41.0,1,133.0,0,6,0,1,0,1,0,0,0,0,1,0,0,0,0,0.0,9.155250405658222,0.0,6.930494765951626,7.354362330421477,9.396653950039674
0,33.0,0,51.0,1,3,0,1,0,1,0,0,0,0,0,0,0,0,0,0.0,7.611347717403621,0.0,7.505492274737424,5.209486152841421,8.299037181613066
0,43.0,0,51.0,1,3,0,1,0,1,0,0,1,0,0,0,0,0,0,0.0,4.8283137373023015,0.0,8.288031567776464,5.231108616854587,8.363109176033522
0,43.0,0,51.0,1,3,0,1,0,1,0,0,0,0,0,0,0,0,0,0.0,8.062432791583195,0.0,3.295836866004329,8.384118837190895,8.93260863037757
0,36.0,0,784.0,1,1,1,1,0,0,0,0,1,0,0,0,0,1,0,7.221105098182496,4.6913478822291435,0.0,0.0,4.356708826689592,7.347943823148687
0,19.0,0,860.0,0,1,1,1,0,0,0,0,0,0,0,0,0,1,0,6.326149473155099,0.0,5.869296913133774,0.0,2.1972245773362196,6.824373670043086
0,24.0,1,688.0,0,1,1,1,0,0,0,0,1,0,0,0,0,0,1,0.0,7.453561871643373,0.0,0.0,0.0,7.453561871643373
1,17.0,1,685.0,1,1,1,0,0,0,0,0,0,0,0,0,0,0,1,0.0,0.0,0.0,0.0,0.0,0.0
0,23.0,1,861.0,0,1,1,1,0,0,0,0,1,0,0,0,0,1,0,7.15305163493748,4.442651256490317,0.0,5.484796933490655,6.395261598115449,7.696212639346407
0,17.0,0,686.0,1,1,1,1,0,0,0,0,0,0,0,0,0,0,1,6.326149473155099,0.0,1.3862943611198906,0.0,7.112327444710911,7.488852955733459
0,18.0,0,135.0,1,1,1,1,0,0,1,0,1,0,0,1,0,0,0,6.85751406254539,0.6931471805599453,5.4680601411351315,6.626717749249025,0.0,7.571473648851271
1,34.0,1,862.0,0,1,1,0,0,0,1,0,0,0,0,0,0,1,0,0.0,0.0,0.0,0.0,0.0,0.0
1,13.0,1,688.0,1,1,1,0,1,0,0,0,1,0,0,0,0,0,1,0.0,0.0,0.0,0.0,0.0,0.0
0,66.0,1,786.0,1,3,0,1,0,0,0,0,1,0,0,0,0,1,0,6.415096959171596,7.843848638152472,0.0,2.8903717578961645,0.0,8.063692634269517
0,27.0,1,786.0,1,3,0,1,0,0,0,0,1,0,0,0,0,1,0,0.0,6.7661917146603505,0.0,4.859812404361672,5.8971538676367405,7.214504414151143
0,19.0,0,689.0,1,3,0,1,0,0,0,0,1,0,0,0,0,0,1,7.390798521735676,0.0,1.6094379124341003,0.0,4.418840607796598,7.442492722794441
0,55.0,1,787.0,1,1,1,1,0,0,0,0,1,0,0,0,0,1,0,0.0,5.293304824724492,6.556778356158042,0.6931471805599453,0.0,6.805722553416985
0,40.0,0,143.0,0,1,1,1,0,0,1,0,1,0,0,1,0,0,0,0.0,0.0,0.6931471805599453,5.683579767338681,6.504288173536645,6.8690144506657065
1,23.0,1,691.0,0,3,0,0,0,0,0,1,0,0,0,0,0,0,1,0.0,0.0,0.0,0.0,0.0,0.0
0,7.0,0,691.0,0,3,0,0,1,0,0,0,1,0,0,0,0,0,1,0.0,0.0,0.0,0.0,0.0,0.0
1,12.0,1,691.0,0,3,0,0,1,0,0,0,1,0,0,0,0,0,1,0.0,0.0,0.0,0.0,0.0,0.0
0,37.0,0,789.0,1,1,1,1,0,0,0,0,1,0,0,0,0,1,0,0.0,6.787844982309579,0.0,4.07753744390572,6.091309882077698,7.234177179749849
0,22.0,0,865.0,0,1,1,1,0,0,0,0,1,0,0,0,0,1,0,0.0,2.639057329615259,6.263398262591624,2.0794415416798357,0.0,6.300785794663244
1,25.0,1,163.0,1,2,0,0,0,1,0,0,1,1,0,0,0,0,0,0.0,0.0,0.0,0.0,0.0,0.0
1,46.0,1,163.0,1,2,0,0,0,1,0,0,0,1,0,0,0,0,0,0.0,0.0,0.0,0.0,0.0,0.0
0,37.0,0,144.0,0,1,1,1,0,0,1,0,0,0,0,1,0,0,0,5.7899601708972535,0.0,6.1224928095143865,1.0986122886681096,0.0,6.664409020350408
1,50.0,1,151.0,1,2,0,0,0,1,0,0,0,0,1,0,0,0,0,0.0,0.0,0.0,0.0,0.0,0.0
1,28.0,1,151.0,1,2,0,0,0,1,0,0,0,0,1,0,0,0,0,0.0,0.0,0.0,0.0,0.0,0.0
1,26.0,1,134.0,0,1,1,0,0,1,0,0,1,0,1,0,0,0,0,0.0,0.0,0.0,0.0,0.0,0.0
1,28.0,1,690.0,1,1,1,0,0,0,0,0,1,0,0,0,0,0,1,0.0,0.0,0.0,0.0,0.0,0.0
0,23.0,0,691.0,1,1,1,1,0,0,0,1,0,0,0,0,0,0,1,1.6094379124341003,5.062595033026967,4.962844630259907,0.0,5.2832037287379885,6.214608098422191
0,23.0,0,262.0,0,1,1,1,0,1,0,0,1,0,0,0,1,0,0,1.3862943611198906,5.840641657373398,0.0,8.361941906144946,0.0,8.439663988907
0,34.0,0,145.0,0,1,1,1,0,0,1,0,1,0,0,1,0,0,0,6.900730664045173,0.0,2.70805020110221,0.0,0.0,6.914730892718563
1,65.0,1,134.0,0,2,0,0,0,1,0,0,1,1,0,0,0,0,0,0.0,0.0,0.0,0.0,0.0,0.0
1,20.0,1,134.0,0,2,0,0,0,1,0,0,1,1,0,0,0,0,0,0.0,0.0,0.0,0.0,0.0,0.0
1,29.0,1,867.0,0,2,0,0,0,0,1,0,1,0,0,0,0,1,0,0.0,0.0,0.0,0.0,0.0,0.0
0,30.0,1,867.0,0,2,0,1,0,0,1,0,1,0,0,0,0,1,0,5.176149732573829,0.0,7.745435610274381,0.0,0.0,7.818832443803404
1,3.0,1,868.0,0,3,0,0,1,0,1,0,1,0,0,0,0,1,0,0.0,0.0,0.0,0.0,0.0,0.0
0,40.0,0,868.0,0,3,0,1,0,0,1,0,1,0,0,0,0,1,0,7.1459844677143876,0.0,0.0,0.0,0.0,7.1459844677143876
0,32.0,0,868.0,0,3,0,1,0,0,1,0,1,0,0,0,0,1,0,7.194436851100335,6.0330862217988015,0.0,6.501289670540389,4.174387269895637,7.814803429489359
0,31.0,0,263.0,0,1,1,1,0,0,0,0,1,0,0,0,1,0,0,6.317164686747284,5.41610040220442,2.302585092994046,0.6931471805599453,0.0,6.669498089857879
0,13.0,1,869.0,0,1,1,1,1,0,0,0,1,0,0,0,0,1,0,3.332204510175204,4.406719247264253,6.985641817639208,0.0,0.0,7.080867896690782
0,29.0,0,692.0,0,2,0,1,0,0,0,0,1,0,0,0,0,0,1,3.6375861597263857,0.0,5.123963979403259,6.411818267709897,0.0,6.70073110954781
0,28.0,0,264.0,0,2,0,1,0,0,0,0,1,0,0,0,1,0,0,0.0,3.9889840465642745,0.0,6.597145701886651,1.9459101490553132,6.674561391814426
0,19.0,1,790.0,1,2,0,1,0,0,1,0,0,0,0,0,0,1,0,7.077498053569231,4.48863636973214,0.0,0.0,5.814130531825066,7.382124365737512
0,24.0,1,275.0,1,2,0,1,0,0,1,0,0,0,0,0,1,0,0,6.152732694704104,0.0,0.0,5.2832037287379885,0.0,6.501289670540389
1,22.0,0,266.0,0,1,1,0,0,0,1,0,1,0,0,0,1,0,0,0.0,0.0,0.0,0.0,0.0,0.0
0,13.0,0,872.0,0,1,1,1,1,0,0,0,0,0,0,0,0,1,0,6.008813185442595,0.0,7.421177528595393,0.0,6.059123195581797,7.825644732219989
0,21.0,0,873.0,0,1,1,1,0,0,0,0,1,0,0,0,0,1,0,0.0,0.0,3.1780538303479458,6.710523109452428,3.1354942159291497,6.763884908562435
0,24.0,1,791.0,1,1,1,1,0,0,0,0,0,0,0,0,0,1,0,0.0,0.0,7.269616749608169,2.3978952727983707,0.0,7.27655640271871
0,47.0,1,164.0,1,1,1,1,0,1,0,0,1,1,0,0,0,0,0,0.0,8.51398806046729,0.0,5.159055299214529,3.784189633918261,8.556413904569519
0,27.0,0,135.0,0,1,1,1,0,1,0,0,1,1,0,0,0,0,0,0.0,4.976733742420574,4.343805421853684,5.220355825078325,8.27715777243181,8.374938143835367
0,18.0,1,277.0,1,1,1,1,0,0,0,0,1,0,0,0,1,0,0,0.0,0.0,6.652863029353347,0.0,2.639057329615259,6.669498089857879
1,36.0,1,165.0,1,1,1,0,0,1,0,0,0,1,0,0,0,0,0,0.0,0.0,0.0,0.0,0.0,0.0
0,68.0,0,875.0,0,1,1,1,0,0,0,0,1,0,0,0,0,1,0,0.0,0.6931471805599453,5.4116460518550396,6.364750756851911,0.0,6.690842277418564
0,31.0,1,152.0,1,1,1,0,0,1,0,0,1,0,1,0,0,0,0,0.0,0.0,0.0,0.0,0.0,0.0
1,28.0,1,877.0,0,1,1,0,0,0,1,0,1,0,0,0,0,1,0,0.0,0.0,0.0,0.0,0.0,0.0
0,36.0,0,136.0,1,1,1,1,0,0,1,0,1,0,0,1,0,0,0,8.00736706798333,3.091042453358316,5.017279836814924,0.0,0.0,8.062747901086354
0,17.0,1,794.0,1,1,1,1,0,0,0,0,1,0,0,0,0,1,0,0.0,6.444131256700441,0.0,4.204692619390966,6.1092475827643655,7.042286171939743
1,13.0,1,695.0,1,1,1,0,1,0,0,0,1,0,0,0,0,0,1,0.0,0.0,0.0,0.0,0.0,0.0
0,30.0,0,693.0,0,1,1,1,0,0,0,0,1,0,0,0,0,0,1,0.0,2.3978952727983707,0.0,8.253488028345904,5.799092654460526,8.338066525518801
0,58.0,1,166.0,1,3,0,1,0,1,0,0,1,1,0,0,0,0,0,0.0,7.988542982737695,0.0,4.624972813284271,5.961005339623274,8.14177220465645
1,43.0,1,166.0,1,3,0,0,0,1,0,0,1,1,0,0,0,0,0,0.0,0.0,0.0,0.0,0.0,0.0
0,20.0,1,166.0,1,3,0,1,0,1,0,0,0,1,0,0,0,0,0,5.872117789475416,7.344072850573066,5.780743515792329,5.652489180268651,5.755742213586912,7.945555428253489
0,29.0,0,879.0,0,1,1,1,0,0,0,0,1,0,0,0,0,1,0,6.573680166960646,0.0,0.0,6.54965074223381,4.672828834461906,7.326465613840322
0,15.0,1,795.0,1,1,1,1,0,0,0,0,1,0,0,0,0,1,0,5.056245805348308,0.6931471805599453,7.0326242610280065,5.262690188904886,3.5263605246161616,7.323170717943469
0,30.0,0,696.0,0,1,1,1,0,0,0,0,1,0,0,0,0,0,1,6.192362489474872,0.0,5.493061443340548,0.0,4.382026634673881,6.697034247666484
0,33.0,0,136.0,0,3,0,1,0,1,0,0,0,1,0,0,0,0,0,8.611411866655219,9.148677711584076,3.1780538303479458,8.01102337918644,5.717027701406222,9.811043262144848
1,25.0,1,136.0,0,3,0,0,0,1,0,0,1,1,0,0,0,0,0,0.0,0.0,0.0,0.0,0.0,0.0
0,62.0,0,136.0,0,3,0,1,0,1,0,0,1,1,0,0,0,0,0,0.0,3.1354942159291497,0.0,8.106212902619962,3.1354942159291497,8.119398589612294
1,41.0,1,697.0,0,1,1,0,0,0,0,1,0,0,0,0,0,0,1,0.0,0.0,0.0,0.0,0.0,0.0
0,27.0,0,880.0,0,8,0,1,0,0,0,0,1,0,0,0,0,1,0,1.9459101490553132,0.0,0.0,6.645090969505644,7.040536390215956,7.557994958530806
1,18.0,0,698.0,0,8,0,0,0,0,0,0,1,0,0,0,0,0,1,0.0,0.0,0.0,0.0,0.0,0.0
1,27.0,1,698.0,0,8,0,0,0,0,0,0,1,0,0,0,0,0,1,0.0,0.0,0.0,0.0,0.0,0.0
0,19.0,1,880.0,0,8,0,1,0,0,0,0,1,0,0,0,0,1,0,6.349138991379798,0.0,0.0,4.584967478670572,6.70196036600254,7.301147805856032
0,37.0,0,698.0,0,8,0,1,0,0,0,0,1,0,0,0,0,0,1,0.0,0.0,4.7535901911063645,6.51025834052315,0.0,6.668228248417403
1,24.0,0,698.0,0,8,0,0,0,0,0,0,1,0,0,0,0,0,1,0.0,0.0,0.0,0.0,0.0,0.0
0,29.0,0,698.0,0,8,0,1,0,0,0,0,1,0,0,0,0,0,1,2.639057329615259,0.0,6.499787040655854,4.31748811353631,4.624972813284271,6.748759547491679
0,44.0,0,880.0,0,8,0,1,0,0,0,0,0,0,0,0,0,1,0,0.0,0.0,6.411818267709897,0.0,4.5217885770490405,6.551080335043404
0,19.0,0,881.0,0,1,1,1,0,0,0,0,1,0,0,0,0,1,0,0.0,5.583496308781699,6.78332520060396,1.0986122886681096,5.683579767338681,7.274479558773871
0,39.0,0,37.0,0,3,0,1,0,1,0,0,1,0,0,0,0,0,0,0.0,5.58724865840025,0.0,7.134890851565884,5.288267030694535,7.4489161025442
0,63.0,0,37.0,0,3,0,1,0,1,0,0,1,0,0,0,0,0,0,0.0,6.19644412779452,0.6931471805599453,7.9665866976384025,2.9444389791664403,8.129174996911793
0,39.0,0,37.0,0,3,0,1,0,1,0,0,1,0,0,0,0,0,0,2.302585092994046,7.330405211844402,0.0,0.0,4.990432586778736,7.427144133408616
1,41.0,1,796.0,1,1,1,0,0,0,1,0,1,0,0,0,0,1,0,0.0,0.0,0.0,0.0,0.0,0.0
1,27.0,1,696.0,1,1,1,0,0,0,0,0,1,0,0,0,0,0,1,0.0,0.0,0.0,0.0,0.0,0.0
0,56.0,1,137.0,1,1,1,1,0,0,1,0,0,0,0,1,0,0,0,6.023447592961033,6.20050917404269,2.302585092994046,4.770684624465665,3.5263605246161616,6.96979066990159
1,22.0,1,135.0,0,2,0,0,0,1,0,0,1,0,1,0,0,0,0,0.0,0.0,0.0,0.0,0.0,0.0
0,26.0,0,135.0,0,2,0,1,0,1,0,0,0,0,1,0,0,0,0,0.6931471805599453,7.146772179452637,8.474494436883122,5.602118820879701,8.540323608805092,9.345482965918476
0,24.0,0,797.0,1,1,1,1,0,0,0,0,1,0,0,0,0,1,0,0.0,0.0,0.0,0.0,7.170888478512505,7.170888478512505
1,18.0,1,697.0,1,1,1,0,0,0,0,1,0,0,0,0,0,0,1,0.0,0.0,0.0,0.0,0.0,0.0
1,13.0,1,700.0,0,2,0,0,1,0,0,0,1,0,0,0,0,0,1,0.0,0.0,0.0,0.0,0.0,0.0
0,32.0,1,883.0,0,2,0,1,0,0,0,0,1,0,0,0,0,1,0,0.0,0.0,6.928537818164665,0.0,0.0,6.928537818164665
0,30.0,0,933.5,1,1,1,1,0,1,0,0,0,0,0,0,0,1,0,3.2188758248682006,7.847371836159788,4.59511985013459,0.0,8.587092318795905,8.992433087457218
1,25.0,1,38.0,0,1,1,0,0,1,0,0,1,0,0,0,0,0,0,0.0,0.0,0.0,0.0,0.0,0.0
0,55.0,1,799.0,1,1,1,1,0,0,0,0,1,0,0,0,0,1,0,0.0,5.53338948872752,0.6931471805599453,0.0,6.317164686747284,6.693323668269949
0,19.0,0,884.0,0,1,1,1,0,0,0,1,0,0,0,0,0,1,0,0.0,1.0986122886681096,0.0,6.507277712385012,0.0,6.51025834052315
0,24.0,1,698.0,1,1,1,1,0,0,0,0,1,0,0,0,0,0,1,0.0,6.576469569048224,5.407171771460119,2.1972245773362196,0.6931471805599453,6.855408798609928
0,32.0,1,154.0,1,1,1,1,0,1,0,0,1,0,1,0,0,0,0,5.996452088619021,8.22282213081366,1.791759469228055,6.0473721790462776,4.143134726391533,8.437067146936952
0,24.0,0,267.0,0,1,1,0,0,0,1,0,1,0,0,0,1,0,0,0.0,0.0,0.0,0.0,0.0,0.0
1,32.0,1,890.0,0,1,1,0,0,0,1,0,1,0,0,0,0,1,0,0.0,0.0,0.0,0.0,0.0,0.0
1,36.0,0,701.0,1,1,1,0,0,0,0,0,1,0,0,0,0,0,1,0.0,0.0,0.0,0.0,0.0,0.0
0,28.0,1,52.0,1,1,1,1,0,1,0,0,0,0,0,0,0,0,0,0.0,3.4657359027997265,0.0,7.157735484249907,6.77078942390898,7.689828668736484
0,52.0,1,801.0,1,1,1,1,0,0,0,0,1,0,0,0,0,1,0,0.0,6.327936783729195,0.0,0.0,0.0,6.327936783729195
0,29.0,1,702.0,1,1,1,1,0,0,0,0,1,0,0,0,0,0,1,6.472346294500901,4.5217885770490405,2.639057329615259,0.0,0.0,6.621405651764134
0,23.0,1,147.0,0,2,0,1,0,0,1,0,0,0,0,1,0,0,0,3.912023005428146,0.0,7.907283609426348,0.0,0.0,7.925157512224704
1,32.0,1,933.5,1,2,0,0,0,0,1,0,1,0,0,0,0,1,0,0.0,0.0,0.0,0.0,0.0,0.0
1,35.0,0,703.0,1,1,1,0,0,0,0,0,1,0,0,0,0,0,1,0.0,0.0,0.0,0.0,0.0,0.0
0,41.0,0,138.0,0,1,1,1,0,1,0,0,0,1,0,0,0,0,0,2.70805020110221,8.821437352166997,4.406719247264253,6.405228458030842,7.98514393119862,9.250810304529896
1,16.0,1,704.0,1,1,1,0,0,0,0,1,0,0,0,0,0,0,1,0.0,0.0,0.0,0.0,0.0,0.0
1,33.0,1,269.0,0,1,1,0,0,1,0,0,0,0,0,0,1,0,0,0.0,0.0,0.0,0.0,0.0,0.0
1,6.0,1,706.0,0,1,1,0,1,0,0,0,0,0,0,0,0,0,1,0.0,0.0,0.0,0.0,0.0,0.0
0,15.0,1,803.0,1,2,0,1,0,0,0,0,0,0,0,0,0,1,0,3.6109179126442243,6.7357800142423265,0.0,0.0,0.0,6.777646593635117
0,38.0,0,705.0,1,2,0,1,0,0,0,0,1,0,0,0,0,0,1,0.0,6.505784060128229,4.442651256490317,5.5909869805108565,0.0,6.927557906278317
0,56.0,0,893.0,0,3,0,1,0,0,0,0,1,0,0,0,0,1,0,0.0,6.659293919683638,2.5649493574615367,1.3862943611198906,3.58351893845611,6.721425700790643
1,4.0,1,707.0,0,3,0,0,1,0,0,1,0,0,0,0,0,0,1,0.0,0.0,0.0,0.0,0.0,0.0
1,21.0,1,707.0,0,3,0,0,0,0,0,1,0,0,0,0,0,0,1,0.0,0.0,0.0,0.0,0.0,0.0
0,22.0,1,805.0,1,1,1,1,0,0,1,0,0,0,0,0,0,1,0,7.22402480828583,0.0,5.4638318050256105,0.0,0.0,7.382124365737512
0,37.0,0,270.0,0,2,0,1,0,0,0,0,1,0,0,0,1,0,0,0.0,0.0,6.666956792429207,1.3862943611198906,0.0,6.670766320845874
0,6.0,1,709.0,0,2,0,0,1,0,0,0,1,0,0,0,0,0,1,0.0,0.0,0.0,0.0,0.0,0.0
0,22.0,0,807.0,1,1,1,1,0,0,0,0,1,0,0,0,0,1,0,6.335054251498059,6.257667587882639,5.8998973535824915,0.0,0.0,7.278628942320682
0,26.0,0,139.0,0,1,1,1,0,1,0,0,1,1,0,0,0,0,0,0.0,4.927253685157205,0.0,0.0,8.939843124278502,8.957639268419648
0,22.0,1,272.0,0,2,0,1,0,0,0,0,1,0,0,0,1,0,0,0.0,1.3862943611198906,6.18826412308259,0.0,5.43372200355424,6.576469569048224
0,20.0,1,710.0,0,2,0,0,0,0,0,0,1,0,0,0,0,0,1,0.0,0.0,0.0,0.0,0.0,0.0
0,27.0,0,894.0,0,1,1,1,0,0,0,1,0,0,0,0,0,1,0,0.0,3.1354942159291497,0.0,7.053585727193677,0.0,7.072421900537371
0,24.0,1,139.0,1,1,1,1,0,0,1,0,1,0,0,1,0,0,0,6.0867747269123065,0.0,7.669028288589683,0.0,0.0,7.855544677915663
1,25.0,1,808.0,1,1,1,0,0,0,1,0,1,0,0,0,0,1,0,0.0,0.0,0.0,0.0,0.0,0.0
0,48.0,0,711.0,0,1,1,1,0,0,0,0,1,0,0,0,0,0,1,1.0986122886681096,0.0,4.430816798843313,6.380122536899765,5.455321115357702,6.811244378601294
0,24.0,0,273.0,0,1,1,1,0,0,0,0,1,0,0,0,1,0,0,6.668228248417403,0.0,0.0,2.0794415416798357,0.0,6.677083461247136
0,3.0,1,810.0,1,4,0,0,1,0,1,0,0,0,0,0,0,1,0,0.0,0.0,0.0,0.0,0.0,0.0
1,24.0,1,810.0,1,4,0,0,0,0,1,0,1,0,0,0,0,1,0,0.0,0.0,0.0,0.0,0.0,0.0
0,25.0,0,810.0,1,4,0,1,0,0,1,0,1,0,0,0,0,1,0,6.023447592961033,0.0,6.342121418721152,6.654152520183219,0.0,7.470224135899966
1,1.0,1,810.0,1,4,0,0,1,0,1,0,0,0,0,0,0,1,0,0.0,0.0,0.0,0.0,0.0,0.0
0,20.0,1,811.0,1,1,1,1,0,0,0,0,1,0,0,0,0,1,0,0.0,5.236441962829949,6.569481420414296,0.0,0.0,6.802394763324311
0,22.0,0,812.0,1,1,1,1,0,0,0,0,1,0,0,0,0,1,0,3.6888794541139363,0.0,4.1588830833596715,1.3862943611198906,6.484635235635252,6.633318433280377
0,28.0,1,140.0,1,1,1,1,0,0,1,0,0,0,0,1,0,0,0,6.059123195581797,0.0,6.626717749249025,0.0,0.0,7.074963197966044
1,17.0,1,707.0,1,1,1,0,0,0,0,0,0,0,0,0,0,0,1,0.0,0.0,0.0,0.0,0.0,0.0
0,28.0,0,141.0,0,1,1,1,0,1,0,0,0,1,0,0,0,0,0,0.0,8.11552088154677,0.0,7.670428522190693,3.332204510175204,8.615408238913192
1,47.0,1,53.0,1,1,1,0,0,1,0,0,1,0,0,0,0,0,0,0.0,0.0,0.0,0.0,0.0,0.0
1,34.0,0,281.0,1,1,1,0,0,0,1,0,1,0,0,0,1,0,0,0.0,0.0,0.0,0.0,0.0,0.0
0,29.0,1,155.0,1,4,0,1,0,1,0,0,1,0,1,0,0,0,0,5.5909869805108565,7.257707677160043,5.552959584921617,6.738152494595957,0.0,7.932362154339751
1,14.0,1,155.0,1,4,0,0,1,1,0,0,1,0,1,0,0,0,0,0.0,0.0,0.0,0.0,0.0,0.0
0,36.0,1,933.5,1,4,0,1,0,1,0,0,1,0,0,0,0,1,0,0.0,6.335054251498059,0.0,7.171656822768514,6.7226297948554485,7.899153483343097
0,40.0,1,155.0,1,4,0,1,0,1,0,0,0,0,1,0,0,0,0,7.749753406274437,0.0,8.491875383431948,8.049427057110695,6.212606095751519,9.289521169850625
0,49.0,1,813.0,1,1,1,1,0,0,1,0,1,0,0,0,0,1,0,3.1354942159291497,0.0,7.029972911706386,0.0,4.356708826689592,7.113956109566034
0,51.0,1,156.0,1,3,0,0,0,1,0,0,1,0,1,0,0,0,0,0.0,0.0,0.0,0.0,0.0,0.0
0,41.0,1,156.0,1,3,0,1,0,1,0,0,1,0,1,0,0,0,0,0.0,6.302618975744905,0.0,7.916078096302786,5.683579767338681,8.182838710766026
0,44.0,1,156.0,1,3,0,1,0,1,0,0,0,0,1,0,0,0,0,0.0,9.561138078742038,0.0,3.1354942159291497,6.371611847231857,9.602922854253334
0,47.0,0,814.0,1,1,1,1,0,0,1,0,1,0,0,0,0,1,0,7.623153068476902,0.0,4.564348191467836,0.0,4.795790545596741,7.723120092266331
0,22.0,1,815.0,1,1,1,1,0,0,0,0,1,0,0,0,0,1,0,0.0,0.0,6.852242569051878,0.0,1.6094379124341003,6.856461984594587
1,13.0,1,708.0,1,1,1,0,1,0,0,1,0,0,0,0,0,0,1,0.0,0.0,0.0,0.0,0.0,0.0
0,18.0,1,816.0,1,1,1,1,0,0,0,0,1,0,0,0,0,1,0,0.0,3.58351893845611,6.495265555937008,0.0,4.1588830833596715,6.633318433280377
0,28.0,0,717.0,0,1,1,1,0,0,0,0,1,0,0,0,0,0,1,0.0,7.026426808699636,1.3862943611198906,6.333279628139691,2.0794415416798357,7.437206366871292
0,22.0,1,274.0,0,1,1,1,0,0,0,0,0,0,0,0,1,0,0,6.063785208687608,1.0986122886681096,5.4510384535657,0.0,4.0943445622221,6.583409222158765
0,50.0,0,718.0,0,1,1,1,0,0,0,0,1,0,0,0,0,0,1,6.09807428216624,0.0,6.013715156042802,0.0,0.0,6.748759547491679
1,47.0,1,142.0,0,1,1,0,0,1,0,0,1,1,0,0,0,0,0,0.0,0.0,0.0,0.0,0.0,0.0
0,55.0,0,275.0,0,1,1,1,0,0,1,0,1,0,0,0,1,0,0,6.688354713946762,0.0,5.049856007249537,1.6094379124341003,5.823045895483019,7.1693500166706
1,21.0,1,709.0,1,2,0,0,0,0,0,0,1,0,0,0,0,0,1,0.0,0.0,0.0,0.0,0.0,0.0
0,39.0,0,709.0,1,2,0,1,0,0,0,1,0,0,0,0,0,0,1,0.0,0.0,0.6931471805599453,0.0,7.754052639035757,7.754481547470383
0,21.0,0,895.0,0,1,1,1,0,0,0,0,1,0,0,0,0,1,0,6.464588303689961,0.0,6.016157159698354,0.0,0.0,6.957497370876951
0,37.0,1,157.0,1,2,0,1,0,1,0,0,1,0,1,0,0,0,0,3.5263605246161616,8.156223323194624,2.8903717578961645,1.6094379124341003,7.233455418621439,8.5016733797582
0,31.0,1,157.0,1,2,0,1,0,1,0,0,1,0,1,0,0,0,0,3.1354942159291497,9.212936997823448,1.0986122886681096,4.8283137373023015,0.6931471805599453,9.227689010310796
0,23.0,0,276.0,0,1,1,1,0,0,0,0,1,0,0,0,1,0,0,4.7535901911063645,0.6931471805599453,0.0,0.0,5.521460917862246,5.902633333401366
1,28.0,1,167.0,1,1,1,0,0,1,0,0,0,1,0,0,0,0,0,0.0,0.0,0.0,0.0,0.0,0.0
0,23.0,0,148.0,0,1,1,1,0,0,1,0,1,0,0,1,0,0,0,4.77912349311153,0.0,6.856461984594587,5.332718793265369,7.6362696033793735,8.11522197256233
0,20.0,1,818.0,1,1,1,1,0,0,0,1,0,0,0,0,0,1,0,0.0,5.60947179518496,4.6913478822291435,0.0,5.442417710521793,6.415096959171596
0,28.0,0,137.0,0,3,0,1,0,1,0,0,1,0,1,0,0,0,0,1.3862943611198906,7.662937850461535,0.0,6.546785410760524,2.3978952727983707,7.950502434808851
0,40.0,1,137.0,0,3,0,1,0,1,0,0,0,0,1,0,0,0,0,0.0,9.780641722537283,0.0,6.054439346269371,5.049856007249537,9.81290617430489
0,54.0,0,137.0,0,3,0,1,0,1,0,0,0,0,1,0,0,0,0,0.0,7.513709247839705,0.0,0.0,7.478169694159785,8.188966863648876
1,18.0,1,896.0,0,1,1,0,0,0,1,0,1,0,0,0,0,1,0,0.0,0.0,0.0,0.0,0.0,0.0
0,27.0,1,819.0,1,1,1,1,0,0,0,0,0,0,0,0,0,1,0,0.0,2.70805020110221,0.0,6.5998704992128365,5.805134968916488,6.984716320118265
0,43.0,1,168.0,1,1,1,1,0,1,0,0,1,1,0,0,0,0,0,0.0,7.5745584842024805,0.0,0.0,7.409741954080923,8.188411308079031
1,25.0,1,720.0,0,1,1,0,0,0,0,1,0,0,0,0,0,0,1,0.0,0.0,0.0,0.0,0.0,0.0
0,13.0,0,898.0,0,1,1,1,1,0,0,0,1,0,0,0,0,1,0,6.315358001522335,5.5134287461649825,0.0,1.6094379124341003,0.0,6.6895992691789665
0,15.0,1,899.0,0,1,1,1,0,0,0,1,0,0,0,0,0,1,0,0.0,0.0,6.773080375655535,0.0,1.791759469228055,6.778784897685177
1,37.0,1,710.0,1,1,1,0,0,0,0,0,0,0,0,0,0,0,1,0.0,0.0,0.0,0.0,0.0,0.0
1,32.0,1,900.0,0,1,1,0,0,0,1,0,0,0,0,0,0,1,0,0.0,0.0,0.0,0.0,0.0,0.0
0,19.0,0,820.0,1,1,1,1,0,0,0,0,1,0,0,0,0,1,0,6.754604099487962,0.0,0.0,0.0,0.0,6.754604099487962
0,21.0,0,933.5,1,1,1,1,0,0,0,0,1,0,0,0,0,1,0,1.3862943611198906,0.6931471805599453,0.0,7.3098814858247865,4.709530201312334,7.3833681469923835
0,27.0,1,158.0,1,5,0,1,0,1,0,0,1,0,1,0,0,0,0,0.0,7.907651594711089,0.0,0.0,6.894670039433482,8.21716859576607
0,39.0,0,158.0,1,5,0,1,0,1,0,0,0,0,1,0,0,0,0,4.672828834461906,5.497168225293202,4.844187086458591,2.0794415416798357,8.510772623613315,8.60337088765729
1,22.0,1,158.0,1,5,0,0,0,1,0,0,1,0,1,0,0,0,0,0.0,0.0,0.0,0.0,0.0,0.0
0,25.0,1,158.0,1,5,0,1,0,1,0,0,1,0,1,0,0,0,0,0.0,8.385944904806284,8.363109176033522,6.70073110954781,5.8888779583328805,9.194414221425923
0,34.0,1,158.0,1,5,0,1,0,1,0,0,0,0,1,0,0,0,0,0.0,8.884887201837403,0.0,5.666426688112432,7.730174795246222,9.188605879830176
1,54.0,1,821.0,1,2,0,0,0,0,1,0,1,0,0,0,0,1,0,0.0,0.0,0.0,0.0,0.0,0.0
0,42.0,0,283.0,1,2,0,1,0,0,1,0,1,0,0,0,1,0,0,6.86171134048073,0.0,0.6931471805599453,0.0,0.0,6.862757913051401
0,36.0,0,822.0,1,1,1,1,0,0,0,1,0,0,0,0,0,1,0,6.601230118728877,0.0,1.0986122886681096,0.0,0.0,6.6039438246004725
0,43.0,1,284.0,1,1,1,1,0,0,0,1,0,0,0,0,1,0,0,0.0,5.1298987149230735,1.3862943611198906,0.0,6.115892125483034,6.436150368369428
0,23.0,1,901.0,0,1,1,1,0,0,0,1,0,0,0,0,0,1,0,4.189654742026425,4.553876891600541,0.0,0.0,6.100318952020064,6.405228458030842
0,57.0,1,169.0,1,1,1,0,0,1,0,0,1,1,0,0,0,0,0,0.0,0.0,0.0,0.0,0.0,0.0
0,54.0,1,170.0,1,2,0,0,0,1,0,0,1,1,0,0,0,0,0,0.0,0.0,0.0,0.0,0.0,0.0
0,51.0,1,170.0,1,2,0,1,0,1,0,0,1,1,0,0,0,0,0,0.0,9.708445431332793,6.786716950605081,0.0,5.8971538676367405,9.781545881730885
0,32.0,0,902.0,0,1,1,1,0,0,1,1,0,0,0,0,0,1,0,5.262690188904886,0.0,6.091309882077698,2.9444389791664403,0.0,6.480044561926653
0,33.0,1,171.0,1,1,1,0,0,1,0,0,1,1,0,0,0,0,0,0.0,0.0,0.0,0.0,0.0,0.0
1,8.0,1,903.0,0,3,0,0,1,0,1,0,1,0,0,0,0,1,0,0.0,0.0,0.0,0.0,0.0,0.0
1,44.0,1,903.0,0,3,0,0,0,0,1,0,1,0,0,0,0,1,0,0.0,0.0,0.0,0.0,0.0,0.0
0,27.0,0,903.0,0,3,0,1,0,0,1,0,1,0,0,0,0,1,0,6.775366090936392,0.0,4.127134385045092,5.66988092298052,0.0,7.111512116496157
0,48.0,1,904.0,0,1,1,1,0,0,0,0,1,0,0,0,0,1,0,5.950642552587727,0.0,0.0,5.976350909297934,2.3978952727983707,6.668228248417403
0,13.0,0,714.0,1,1,1,1,1,0,0,0,0,0,0,0,0,0,1,3.6635616461296463,0.0,0.0,6.598509028614515,0.0,6.648984550024776
1,5.0,0,722.0,0,2,0,0,1,0,0,0,1,0,0,0,0,0,1,0.0,0.0,0.0,0.0,0.0,0.0
0,18.0,0,278.0,0,2,0,1,0,0,0,0,1,0,0,0,1,0,0,6.626717749249025,0.0,3.5553480614894135,0.0,0.0,6.670766320845874
0,23.0,0,905.0,0,1,1,1,0,0,0,0,1,0,0,0,0,1,0,0.0,0.0,5.332718793265369,6.525029657843462,3.4657359027997265,6.823286122355687
0,23.0,0,715.0,1,1,1,1,0,0,0,0,1,0,0,0,0,0,1,0.0,5.0369526024136295,2.4849066497880004,6.472346294500901,0.0,6.698268054115413
1,35.0,1,933.5,1,1,1,0,0,0,0,1,0,0,0,0,0,1,0,0.0,0.0,0.0,0.0,0.0,0.0
0,25.0,0,724.0,0,1,1,1,0,0,0,0,1,0,0,0,0,0,1,4.955827057601261,1.3862943611198906,6.46302945692067,0.0,4.61512051684126,6.785587645007929
0,32.0,0,285.0,1,3,0,1,0,0,1,0,1,0,0,0,1,0,0,6.536691597591305,0.0,6.415096959171596,0.0,0.0,7.170119543449628
0,0.0,1,830.0,1,3,0,0,1,0,1,0,0,0,0,0,0,1,0,0.0,0.0,0.0,0.0,0.0,0.0
1,5.0,1,830.0,1,3,0,0,1,0,1,0,1,0,0,0,0,1,0,0.0,0.0,0.0,0.0,0.0,0.0
0,16.0,1,716.0,1,2,0,0,0,0,0,0,0,0,0,0,0,0,1,0.0,0.0,0.0,0.0,0.0,0.0
1,18.0,1,716.0,1,2,0,0,0,0,0,1,0,0,0,0,0,0,1,0.0,0.0,0.0,0.0,0.0,0.0
1,29.0,0,725.0,0,1,1,0,0,0,0,1,0,0,0,0,0,0,1,0.0,0.0,0.0,0.0,0.0,0.0
0,55.0,0,831.0,1,2,0,1,0,0,0,0,1,0,0,0,0,1,0,4.90527477843843,6.8416154764775925,0.0,1.9459101490553132,5.978885764901122,7.293017679772782
0,41.0,0,717.0,1,2,0,1,0,0,0,0,1,0,0,0,0,0,1,2.0794415416798357,0.0,5.697093486505405,4.6913478822291435,5.891644211825771,6.651571873589727
0,38.0,0,726.0,0,1,1,1,0,0,0,0,1,0,0,0,0,0,1,0.0,1.0986122886681096,6.003887067106539,4.804021044733257,0.0,6.269096283706261
1,27.0,1,159.0,1,1,1,0,0,1,0,0,1,0,1,0,0,0,0,0.0,0.0,0.0,0.0,0.0,0.0
1,55.0,1,719.0,1,1,1,0,0,0,0,0,1,0,0,0,0,0,1,0.0,0.0,0.0,0.0,0.0,0.0
1,75.0,1,906.0,0,1,1,0,0,0,1,0,1,0,0,0,0,1,0,0.0,0.0,0.0,0.0,0.0,0.0
0,50.0,1,160.0,1,1,1,1,0,1,0,0,1,0,1,0,0,0,0,0.0,6.706862336602747,5.963579343618446,4.3694478524670215,6.542471960506805,7.589335823170617
0,23.0,0,720.0,1,1,1,1,0,0,0,0,1,0,0,0,0,0,1,3.332204510175204,0.0,3.4965075614664802,6.587550014824796,0.0,6.665683717782408
0,37.0,1,721.0,1,1,1,1,0,0,0,1,0,0,0,0,0,0,1,6.573680166960646,0.0,4.007333185232471,0.0,0.0,6.646390514847729
0,33.0,0,722.0,1,1,1,1,0,0,0,0,1,0,0,0,0,0,1,0.0,0.0,5.4510384535657,0.0,6.434546518787453,6.75110146893676
0,45.0,0,833.0,1,1,1,1,0,0,1,0,1,0,0,0,0,1,0,6.848005274576363,5.641907070938114,3.6109179126442243,2.5649493574615367,3.6888794541139363,7.177782416195197
1,47.0,1,143.0,0,1,1,0,0,1,0,0,0,1,0,0,0,0,0,0.0,0.0,0.0,0.0,0.0,0.0
1,13.0,1,172.0,1,2,0,0,1,1,0,0,1,1,0,0,0,0,0,0.0,0.0,0.0,0.0,0.0,0.0
0,29.0,1,172.0,1,2,0,1,0,1,0,0,1,1,0,0,0,0,0,0.0,8.754476306284166,0.0,7.220373836723949,4.499809670330265,8.961109485898655
0,19.0,0,287.0,1,1,1,1,0,0,1,0,1,0,0,0,1,0,0,3.4339872044851463,0.0,3.7612001156935624,8.179199798423086,2.0794415416798357,8.201111644442758
1,30.0,1,835.0,1,1,1,0,0,0,1,0,1,0,0,0,0,1,0,0.0,0.0,0.0,0.0,0.0,0.0
0,39.0,0,141.0,1,2,0,1,0,1,0,0,0,0,0,1,0,0,0,1.3862943611198906,4.430816798843313,0.0,6.692083742506628,8.001019961323651,8.262300941787448
0,31.0,0,141.0,1,2,0,1,0,1,0,0,1,0,0,1,0,0,0,0.0,3.8501476017100584,0.0,5.3471075307174685,7.975564658495202,8.059592328887545
0,29.0,1,162.0,1,1,1,1,0,1,0,0,0,0,1,0,0,0,0,0.0,9.342946336524204,2.5649493574615367,6.679599185844383,5.998936561946683,9.44359265743868
0,16.0,0,288.0,1,1,1,1,0,0,1,0,1,0,0,0,1,0,0,6.304448802421981,4.51085950651685,3.1780538303479458,6.2422232654551655,0.0,7.067319848653476
0,18.0,1,836.0,1,1,1,1,0,0,0,1,0,0,0,0,0,1,0,0.0,1.0986122886681096,7.322510433997394,0.0,0.0,7.323830566202317
0,38.0,0,727.0,0,1,1,1,0,0,0,0,0,0,0,0,0,0,1,2.1972245773362196,0.0,7.254884810077338,2.3978952727983707,1.3862943611198906,7.269616749608169
1,50.0,0,728.0,0,1,1,0,0,0,0,0,1,0,0,0,0,0,1,0.0,0.0,0.0,0.0,0.0,0.0
1,21.0,0,729.0,0,1,1,0,0,0,0,1,0,0,0,0,0,0,1,0.0,0.0,0.0,0.0,0.0,0.0
1,22.0,1,730.0,0,1,1,0,0,0,0,1,0,0,0,0,0,0,1,0.0,0.0,0.0,0.0,0.0,0.0
1,20.0,1,725.0,1,1,1,0,0,0,0,0,1,0,0,0,0,0,1,0.0,0.0,0.0,0.0,0.0,0.0
0,36.0,0,910.0,0,1,1,1,0,0,1,0,1,0,0,0,0,1,0,6.582025138892826,0.0,6.156978985585555,0.0,0.0,7.084226422097916
0,23.0,1,911.0,0,1,1,1,0,0,0,0,1,0,0,0,0,1,0,0.0,5.645446897643238,0.0,0.0,4.276666119016055,5.869296913133774
1,31.0,1,144.0,0,3,0,0,0,1,0,0,0,1,0,0,0,0,0,0.0,0.0,0.0,0.0,0.0,0.0
1,39.0,1,144.0,0,3,0,0,0,1,0,0,1,1,0,0,0,0,0,0.0,0.0,0.0,0.0,0.0,0.0
0,50.0,1,144.0,0,3,0,1,0,1,0,0,0,1,0,0,0,0,0,0.0,8.424858580213442,0.0,0.6931471805599453,5.5909869805108565,8.481980435660493
0,40.0,0,291.0,1,1,1,1,0,0,0,0,1,0,0,0,1,0,0,0.0,6.804614520062624,0.0,0.0,4.499809670330265,6.898714534329988
0,28.0,0,912.0,0,1,1,1,0,0,0,0,1,0,0,0,0,1,0,2.1972245773362196,0.0,4.356708826689592,6.329720905522696,0.0,6.470799503782602
0,38.0,0,175.0,1,5,0,1,0,1,0,0,1,1,0,0,0,0,0,1.0986122886681096,4.74493212836325,6.648984550024776,8.037543185118697,6.1070228877422545,8.39615486303918
0,37.0,0,175.0,1,5,0,1,0,1,0,0,1,1,0,0,0,0,0,0.0,8.189799618728228,3.5263605246161616,8.8698199525084,0.6931471805599453,9.282754052485227
1,59.0,1,175.0,1,5,0,0,0,1,0,0,0,1,0,0,0,0,0,0.0,0.0,0.0,0.0,0.0,0.0
0,41.0,1,175.0,1,5,0,1,0,1,0,0,0,1,0,0,0,0,0,3.58351893845611,8.716699572964293,0.0,5.198497031265826,5.081404364984463,8.776321456449958
0,33.0,1,175.0,1,5,0,1,0,1,0,0,1,1,0,0,0,0,0,0.0,8.29853954537488,0.0,0.0,7.72356247227797,8.744806737401898
1,54.0,1,933.5,1,1,1,0,0,0,0,0,1,0,0,0,0,1,0,0.0,0.0,0.0,0.0,0.0,0.0
0,40.0,1,913.0,0,1,1,1,0,0,0,0,1,0,0,0,0,1,0,0.0,0.0,7.789454566086673,0.0,0.0,7.789454566086673
0,43.0,1,142.0,1,1,1,1,0,0,1,0,1,0,0,1,0,0,0,4.875197323201151,0.0,6.769641976852503,3.4657359027997265,3.295836866004329,6.964135612418245
1,26.0,1,140.0,0,4,0,0,0,1,0,0,0,0,1,0,0,0,0,0.0,0.0,0.0,0.0,0.0,0.0
0,65.0,1,140.0,0,4,0,1,0,1,0,0,0,0,1,0,0,0,0,0.0,8.881141619321468,0.0,1.9459101490553132,0.0,8.881975184248867
1,22.0,1,140.0,0,4,0,0,0,1,0,0,0,0,1,0,0,0,0,0.0,0.0,0.0,0.0,0.0,0.0
0,28.0,0,140.0,0,4,0,1,0,1,0,0,1,0,1,0,0,0,0,0.0,8.196436811235028,0.0,3.4657359027997265,8.090708716083997,8.84246002419529
1,35.0,1,914.0,0,1,1,0,0,0,0,0,1,0,0,0,0,1,0,0.0,0.0,0.0,0.0,0.0,0.0
1,30.0,1,727.0,1,1,1,0,0,0,0,0,1,0,0,0,0,0,1,0.0,0.0,0.0,0.0,0.0,0.0
0,28.0,0,149.0,0,1,1,1,0,1,0,0,1,0,0,1,0,0,0,0.0,7.848153086199526,0.0,4.90527477843843,5.730099782973575,8.007034012193408
0,23.0,1,916.0,0,1,1,1,0,0,0,0,1,0,0,0,0,1,0,0.0,2.3978952727983707,5.075173815233827,0.0,4.836281906951478,5.68697535633982
0,24.0,1,917.0,0,1,1,1,0,0,0,0,1,0,0,0,0,1,0,6.54965074223381,0.0,3.9512437185814275,1.0986122886681096,1.6094379124341003,6.628041376179533
1,16.0,1,733.0,0,1,1,0,0,0,0,1,0,0,0,0,0,0,1,0.0,0.0,0.0,0.0,0.0,0.0
1,18.0,1,838.0,1,1,1,0,0,0,1,0,1,0,0,0,0,1,0,0.0,0.0,0.0,0.0,0.0,0.0
0,20.0,0,918.0,0,1,1,1,0,0,0,0,1,0,0,0,0,1,0,5.991464547107982,4.356708826689592,5.7430031878094825,0.0,2.833213344056216,6.6895992691789665
1,29.0,1,145.0,0,2,0,0,0,1,0,0,1,1,0,0,0,0,0,0.0,0.0,0.0,0.0,0.0,0.0
1,29.0,1,145.0,0,2,0,0,0,1,0,0,1,1,0,0,0,0,0,0.0,0.0,0.0,0.0,0.0,0.0
0,21.0,0,728.0,1,1,1,0,0,0,0,0,1,0,0,0,0,0,1,0.0,0.0,0.0,0.0,0.0,0.0
1,2.0,0,54.0,1,3,0,0,1,1,0,0,1,0,0,0,0,0,0,0.0,0.0,0.0,0.0,0.0,0.0
0,43.0,0,54.0,1,3,0,1,0,1,0,0,1,0,0,0,0,0,0,3.4657359027997265,4.343805421853684,0.0,7.21081845347222,7.446585099157725,8.062747901086354
0,28.0,0,54.0,1,3,0,1,0,1,0,0,1,0,0,0,0,0,0,0.0,7.5411524551363085,0.0,0.6931471805599453,8.4252971767117,8.771059915373288
0,31.0,0,40.0,0,1,1,1,0,1,0,0,0,0,0,0,0,0,0,0.0,7.808729306744399,0.0,3.9512437185814275,7.669495251007694,8.445482343862237
0,23.0,1,919.0,0,1,1,1,0,0,0,0,1,0,0,0,0,1,0,3.6109179126442243,2.9444389791664403,6.508769136971682,0.0,3.4965075614664802,6.6293632534374485
1,26.0,1,146.0,0,2,0,0,0,1,0,0,1,1,0,0,0,0,0,0.0,0.0,0.0,0.0,0.0,0.0
0,43.0,0,146.0,0,2,0,1,0,1,0,0,0,1,0,0,0,0,0,0.0,3.6888794541139363,5.793013608384144,8.443331342817782,4.454347296253507,8.536014945656826
0,28.0,0,839.0,1,1,1,1,0,0,0,0,1,0,0,0,0,1,0,7.346010209913293,0.0,1.791759469228055,0.0,0.0,7.349230824613334
0,24.0,0,734.0,0,2,0,1,0,0,0,1,0,0,0,0,0,0,1,0.0,5.58724865840025,7.283448228756631,4.0943445622221,0.0,7.484930283289661
0,27.0,0,920.0,0,2,0,1,0,0,0,0,1,0,0,0,0,1,0,4.709530201312334,0.0,6.459904454377535,0.0,0.0,6.618738983517219
0,13.0,0,841.0,1,2,0,1,1,0,1,0,0,0,0,0,0,1,0,7.716460800176355,3.4657359027997265,6.230481447578482,0.0,4.962844630259907,7.981049759665957
0,27.0,0,292.0,1,2,0,1,0,0,1,0,1,0,0,0,1,0,0,6.902742737158593,0.0,3.295836866004329,0.6931471805599453,0.0,6.92951677076365
1,2.0,1,730.0,1,3,0,0,1,0,0,0,1,0,0,0,0,0,1,0.0,0.0,0.0,0.0,0.0,0.0
1,24.0,1,730.0,1,3,0,0,0,0,0,0,1,0,0,0,0,0,1,0.0,0.0,0.0,0.0,0.0,0.0
1,2.0,1,730.0,1,3,0,0,1,0,0,0,1,0,0,0,0,0,1,0.0,0.0,0.0,0.0,0.0,0.0
0,50.0,0,55.0,1,2,0,1,0,1,0,0,1,0,0,0,0,0,0,2.639057329615259,5.480638923341991,0.0,5.087596335232384,7.764720544771477,7.926241523170962
1,27.0,1,55.0,1,2,0,0,0,1,0,0,0,0,0,0,0,0,0,0.0,0.0,0.0,0.0,0.0,0.0
0,26.0,0,921.0,0,1,1,1,0,0,0,0,1,0,0,0,0,1,0,7.065613363597717,0.0,0.0,5.236441962829949,4.61512051684126,7.284820912568604
0,31.0,0,731.0,1,1,1,1,0,0,0,0,0,0,0,0,0,0,1,3.1780538303479458,0.0,0.0,0.0,2.8903717578961645,3.713572066704308
0,28.0,0,150.0,0,1,1,1,0,0,1,0,1,0,0,1,0,0,0,8.177515823846075,0.0,0.0,2.639057329615259,1.0986122886681096,8.181720455128108
0,4.0,0,732.0,1,5,0,0,1,0,0,0,0,0,0,0,0,0,1,0.0,0.0,0.0,0.0,0.0,0.0
0,9.0,1,732.0,1,5,0,0,1,0,0,0,1,0,0,0,0,0,1,0.0,0.0,0.0,0.0,0.0,0.0
0,0.0,1,732.0,1,5,0,0,1,0,0,0,1,0,0,0,0,0,1,0.0,0.0,0.0,0.0,0.0,0.0
1,35.0,0,732.0,1,5,0,0,0,0,0,0,1,0,0,0,0,0,1,0.0,0.0,0.0,0.0,0.0,0.0
1,3.0,1,732.0,1,5,0,0,1,0,0,0,1,0,0,0,0,0,1,0.0,0.0,0.0,0.0,0.0,0.0
0,25.0,0,151.0,0,2,0,1,0,0,1,0,1,0,0,1,0,0,0,7.579167967396076,0.0,5.087596335232384,5.480638923341991,3.367295829986474,7.776954403322442
0,63.0,0,151.0,0,2,0,1,0,0,1,0,1,0,0,1,0,0,0,8.035278911144667,0.0,4.110873864173311,1.0986122886681096,0.0,8.055157731819678
1,34.0,1,922.0,0,2,0,0,0,0,1,0,1,0,0,0,0,1,0,0.0,0.0,0.0,0.0,0.0,0.0
0,35.0,0,922.0,0,2,0,1,0,0,1,0,1,0,0,0,0,1,0,7.106606137727303,0.0,7.463363045520021,6.608000625296087,0.0,8.216628493133443
1,26.0,1,733.0,1,1,1,0,0,0,0,0,1,0,0,0,0,0,1,0.0,0.0,0.0,0.0,0.0,0.0
0,39.0,0,735.0,0,1,1,1,0,0,0,0,1,0,0,0,0,0,1,0.0,1.3862943611198906,0.0,6.688354713946762,3.912023005428146,6.75110146893676
0,34.0,0,143.0,1,1,1,1,0,1,0,0,0,0,0,1,0,0,0,0.0,5.823045895483019,7.200424892944957,4.532599493153256,5.579729825986222,7.617267813628347
0,36.0,0,148.0,0,1,1,1,0,1,0,0,1,1,0,0,0,0,0,0.0,6.921658184151129,0.6931471805599453,2.833213344056216,7.946617563244473,8.257385655730436
1,46.0,1,736.0,0,1,1,0,0,0,0,0,1,0,0,0,0,0,1,0.0,0.0,0.0,0.0,0.0,0.0
0,26.0,1,845.0,1,1,1,1,0,0,0,0,1,0,0,0,0,1,0,3.7612001156935624,4.189654742026425,6.79794041297493,6.0112671744041615,0.0,7.251344983372214
1,28.0,1,846.0,1,1,1,0,0,0,1,0,1,0,0,0,0,1,0,0.0,0.0,0.0,0.0,0.0,0.0
0,20.0,1,924.0,0,1,1,1,0,0,0,0,0,0,0,0,0,1,0,0.0,8.033009498596668,2.0794415416798357,0.0,4.219507705176107,8.056743774975313
1,35.0,0,737.0,0,1,1,0,0,0,0,0,1,0,0,0,0,0,1,0.0,0.0,0.0,0.0,0.0,0.0
0,11.0,0,734.0,1,8,0,0,1,0,0,0,0,0,0,0,0,0,1,0.0,0.0,0.0,0.0,0.0,0.0
1,14.0,0,734.0,1,8,0,0,1,0,0,1,0,0,0,0,0,0,1,0.0,0.0,0.0,0.0,0.0,0.0
1,4.0,1,734.0,1,8,0,0,1,0,0,1,0,0,0,0,0,0,1,0.0,0.0,0.0,0.0,0.0,0.0
0,11.0,0,734.0,1,8,0,0,1,0,0,0,1,0,0,0,0,0,1,0.0,0.0,0.0,0.0,0.0,0.0
1,31.0,1,734.0,1,8,0,0,0,0,0,0,1,0,0,0,0,0,1,0.0,0.0,0.0,0.0,0.0,0.0
0,15.0,1,734.0,1,8,0,1,0,0,0,0,1,0,0,0,0,0,1,0.0,6.795705775173515,0.0,0.0,0.0,6.795705775173515
0,39.0,0,734.0,1,8,0,1,0,0,0,0,1,0,0,0,0,0,1,0.0,1.0986122886681096,0.0,4.248495242049359,6.729824070489475,6.811244378601294
0,7.0,0,734.0,1,8,0,0,1,0,0,0,1,0,0,0,0,0,1,0.0,0.0,0.0,0.0,0.0,0.0
0,24.0,0,847.0,1,1,1,1,0,0,0,0,1,0,0,0,0,1,0,4.430816798843313,0.0,4.867534450455582,6.22455842927536,0.0,6.57507584059962
1,22.0,1,735.0,1,1,1,0,0,0,0,0,1,0,0,0,0,0,1,0.0,0.0,0.0,0.0,0.0,0.0
1,26.0,0,281.0,0,1,1,0,0,0,1,0,1,0,0,0,1,0,0,0.0,0.0,0.0,0.0,0.0,0.0
0,53.0,1,165.0,1,2,0,1,0,1,0,0,0,0,1,0,0,0,0,0.0,6.762729506931879,3.912023005428146,3.6888794541139363,7.773594467360194,8.110427237575024
0,40.0,0,165.0,1,2,0,1,0,1,0,0,1,0,1,0,0,0,0,1.0986122886681096,4.343805421853684,0.0,5.308267697401205,0.0,5.634789603169249
0,19.0,0,294.0,1,1,1,1,0,0,1,0,1,0,0,0,1,0,0,5.081404364984463,0.0,6.7912214627261855,0.0,0.0,6.956545443151569
0,54.0,0,926.0,0,3,0,1,0,0,1,0,0,0,0,0,0,1,0,6.073044534100405,0.0,6.7661917146603505,2.995732273553991,0.6931471805599453,7.186144304522325
0,21.0,0,283.0,0,3,0,1,0,0,1,0,1,0,0,0,1,0,0,6.35088571671474,6.371611847231857,4.859812404361672,2.70805020110221,0.0,7.1693500166706
0,25.0,0,926.0,0,3,0,1,0,0,1,0,1,0,0,0,0,1,0,7.201170883281678,0.0,2.1972245773362196,0.0,0.0,7.207118856207756
0,48.0,1,295.0,1,3,0,1,0,0,1,0,1,0,0,0,1,0,0,4.927253685157205,0.0,6.777646593635117,0.0,0.0,6.922643891475888
0,41.0,1,144.0,1,3,0,1,0,0,1,1,0,0,0,1,0,0,0,0.0,0.0,7.028201432058005,2.1972245773362196,0.0,7.035268599281097
0,13.0,1,144.0,1,3,0,1,1,0,1,0,1,0,0,1,0,0,0,3.332204510175204,0.0,8.085486772102845,0.0,0.0,8.09376775793108
0,57.0,1,177.0,1,1,1,0,0,1,0,0,1,1,0,0,0,0,0,0.0,0.0,0.0,0.0,0.0,0.0
1,25.0,1,178.0,1,2,0,0,0,1,0,0,1,1,0,0,0,0,0,0.0,0.0,0.0,0.0,0.0,0.0
1,48.0,1,178.0,1,2,0,0,0,1,0,0,0,1,0,0,0,0,0,0.0,0.0,0.0,0.0,0.0,0.0
0,34.0,0,296.0,1,1,1,1,0,0,1,0,1,0,0,0,1,0,0,6.745236349484362,3.9512437185814275,5.929589143389895,0.0,3.2188758248682006,7.170119543449628
1,16.0,1,736.0,1,1,1,0,0,0,0,0,1,0,0,0,0,0,1,0.0,0.0,0.0,0.0,0.0,0.0
0,0.0,0,739.0,0,2,0,0,1,0,0,0,1,0,0,0,0,0,1,0.0,0.0,0.0,0.0,0.0,0.0
0,15.0,1,739.0,0,2,0,1,0,0,0,0,0,0,0,0,0,0,1,1.9459101490553132,7.462214939768189,7.68937110752969,0.0,0.0,8.27664912542186
0,37.0,0,848.0,1,1,1,1,0,0,0,0,0,0,0,0,0,1,0,6.056784013228625,0.0,1.0986122886681096,5.272999558563747,5.733341276897746,6.836259277277067
0,37.0,0,849.0,1,1,1,1,0,0,0,0,1,0,0,0,0,1,0,6.115892125483034,0.0,5.459585514144159,2.995732273553991,7.1631723908466425,7.59890045687141
0,49.0,0,740.0,0,1,1,1,0,0,0,0,1,0,0,0,0,0,1,6.710523109452428,0.6931471805599453,6.53813982376767,5.680172609017068,2.639057329615259,7.504942068396171
0,18.0,0,929.0,0,1,1,1,0,0,0,0,1,0,0,0,0,1,0,0.6931471805599453,0.6931471805599453,0.0,0.0,6.616065185132817,6.618738983517219
0,25.0,1,850.0,1,1,1,1,0,0,0,0,1,0,0,0,0,1,0,4.624972813284271,3.4965075614664802,0.0,4.927253685157205,6.452048954437226,6.806829360392176
0,27.0,1,930.0,0,1,1,1,0,0,0,1,0,0,0,0,0,1,0,0.0,4.762173934797756,7.6251071482389,1.0986122886681096,0.0,7.681099001536359
0,43.0,0,738.0,1,1,1,1,0,0,0,0,0,0,0,0,0,0,1,3.295836866004329,4.890349128221754,1.3862943611198906,4.770684624465665,6.320768294250582,6.726233402358747
0,20.0,0,933.0,0,1,1,1,0,0,0,0,1,0,0,0,0,1,0,2.302585092994046,0.0,5.062595033026967,6.26530121273771,0.0,6.539585955617669
1,54.0,1,142.0,0,1,1,0,0,1,0,0,1,0,1,0,0,0,0,0.0,0.0,0.0,0.0,0.0,0.0
1,30.0,1,739.0,1,1,1,0,0,0,0,0,1,0,0,0,0,0,1,0.0,0.0,0.0,0.0,0.0,0.0
1,37.0,1,149.0,0,1,1,0,0,1,0,0,1,1,0,0,0,0,0,0.0,0.0,0.0,0.0,0.0,0.0
0,30.0,1,851.0,1,1,1,1,0,0,0,0,0,0,0,0,0,1,0,4.110873864173311,3.7376696182833684,6.317164686747284,0.6931471805599453,0.0,6.486160788944089
0,20.0,0,934.0,0,2,0,1,0,0,0,0,1,0,0,0,0,1,0,6.448889394146858,4.543294782270004,0.0,0.0,0.0,6.586171654854675
0,20.0,0,742.0,0,2,0,1,0,0,0,0,1,0,0,0,0,0,1,3.258096538021482,0.0,6.680854678790215,3.8066624897703196,3.8066624897703196,6.813444599510896
0,24.0,0,852.0,1,1,1,1,0,0,0,0,1,0,0,0,0,1,0,0.0,6.3835066348840055,0.0,0.0,7.353081920515432,7.674152921281675
0,44.0,0,935.0,0,1,1,1,0,0,0,0,1,0,0,0,0,1,0,0.0,4.804021044733257,0.0,6.618738983517219,0.0,6.76849321164863
0,0.0,1,740.0,1,2,0,0,1,0,0,0,0,0,0,0,0,0,1,0.0,0.0,0.0,0.0,0.0,0.0
1,15.0,1,740.0,1,2,0,0,0,0,0,0,1,0,0,0,0,0,1,0.0,0.0,0.0,0.0,0.0,0.0
1,19.0,1,150.0,0,2,0,0,0,1,0,0,1,1,0,0,0,0,0,0.0,0.0,0.0,0.0,0.0,0.0
1,20.0,1,150.0,0,2,0,0,0,1,0,0,0,1,0,0,0,0,0,0.0,0.0,0.0,0.0,0.0,0.0
0,20.0,0,936.0,0,1,1,1,0,0,1,1,0,0,0,0,0,1,0,2.70805020110221,0.0,4.0943445622221,7.48324441607385,0.0,7.523481312573497
1,34.0,1,743.0,0,1,1,0,0,0,0,0,1,0,0,0,0,0,1,0.0,0.0,0.0,0.0,0.0,0.0
0,17.0,1,744.0,0,1,1,0,0,0,0,1,0,0,0,0,0,0,1,0.0,0.0,0.0,0.0,0.0,0.0
0,20.0,1,297.0,1,1,1,1,0,0,0,0,1,0,0,0,1,0,0,0.0,3.258096538021482,0.0,0.0,6.6895992691789665,6.720220155135295
0,42.0,0,298.0,1,1,1,1,0,0,0,0,1,0,0,0,1,0,0,0.0,0.6931471805599453,0.0,2.8903717578961645,7.379008127628304,7.3901814282264295
0,28.0,1,853.0,1,1,1,1,0,0,0,0,1,0,0,0,0,1,0,0.0,5.198497031265826,6.248042874508429,0.0,0.0,6.546785410760524
0,43.0,1,937.0,0,1,1,1,0,0,1,0,1,0,0,0,0,1,0,5.929589143389895,4.6443908991413725,7.596392304064196,3.6109179126442243,0.0,7.826044013518965
0,55.0,0,143.0,0,1,1,1,0,1,0,1,0,0,1,0,0,0,0,0.0,4.634728988229636,0.0,5.631211781821365,8.585599224080298,8.654168646443315
0,21.0,0,743.0,1,1,1,1,0,0,0,0,1,0,0,0,0,0,1,3.4011973816621555,3.332204510175204,3.8712010109078907,6.543911845564792,2.4849066497880004,6.695798917058491
0,17.0,0,286.0,0,1,1,1,0,0,0,0,1,0,0,0,1,0,0,0.0,6.487684018484611,5.69035945432406,0.0,3.58351893845611,6.894670039433482
0,54.0,0,167.0,1,1,1,1,0,1,0,0,0,0,1,0,0,0,0,0.0,6.327936783729195,0.0,9.63161321028986,7.937374696163295,9.830755556370029
0,25.0,1,854.0,1,1,1,1,0,0,0,0,1,0,0,0,0,1,0,0.0,5.327876168789581,0.0,0.0,6.309918278226516,6.626717749249025
0,27.0,1,744.0,1,1,1,1,0,0,0,0,1,0,0,0,0,0,1,0.0,4.060443010546419,6.747586526829315,0.0,0.0,6.812345094177479
0,45.0,0,168.0,1,1,1,1,0,1,0,0,0,0,1,0,0,0,0,0.0,6.208590026096629,0.0,7.57095858316901,8.341886969516187,8.79966169681513
1,31.0,1,180.0,1,1,1,0,0,1,0,0,1,1,0,0,0,0,0,0.0,0.0,0.0,0.0,0.0,0.0
1,19.0,1,169.0,1,1,1,0,0,1,0,0,0,0,1,0,0,0,0,0.0,0.0,0.0,0.0,0.0,0.0
0,30.0,0,745.0,0,1,1,1,0,0,0,0,1,0,0,0,0,0,1,0.0,3.784189633918261,0.0,0.0,1.9459101490553132,3.912023005428146
0,24.0,0,746.0,0,1,1,1,0,0,0,0,1,0,0,0,0,0,1,5.2574953720277815,6.210600077024653,0.0,0.0,2.833213344056216,6.558197802812269
0,27.0,0,939.0,0,1,1,1,0,0,0,0,1,0,0,0,0,1,0,0.0,3.044522437723423,3.6635616461296463,5.886104031450156,6.248042874508429,6.839476438228843
0,42.0,0,940.0,0,1,1,1,0,0,1,0,1,0,0,0,0,1,0,8.319473692442186,0.0,3.6109179126442243,0.0,7.509883061154913,8.69349667588463
1,29.0,1,151.0,0,2,0,0,0,1,0,0,0,1,0,0,0,0,0,0.0,0.0,0.0,0.0,0.0,0.0
0,37.0,0,151.0,0,2,0,1,0,1,0,0,0,1,0,0,0,0,0,0.0,7.71244383427499,2.0794415416798357,8.318498320504338,4.499809670330265,8.768729817231666
1,64.0,1,170.0,1,1,1,0,0,1,0,0,1,0,1,0,0,0,0,0.0,0.0,0.0,0.0,0.0,0.0
1,24.0,1,745.0,1,1,1,0,0,0,0,0,1,0,0,0,0,0,1,0.0,0.0,0.0,0.0,0.0,0.0
0,23.0,0,746.0,1,1,1,1,0,0,0,0,0,0,0,0,0,0,1,3.7612001156935624,0.0,0.0,6.641182169740591,1.0986122886681096,6.697034247666484
0,22.0,1,856.0,1,1,1,1,0,0,0,0,1,0,0,0,0,1,0,6.532334292222349,3.828641396489095,2.833213344056216,2.0794415416798357,1.6094379124341003,6.6320017773956295
0,23.0,0,857.0,1,1,1,1,0,0,1,0,1,0,0,0,0,1,0,5.176149732573829,6.202535517187923,5.135798437050262,0.0,6.931471805599453,7.529406457837013
0,21.0,0,941.0,0,1,1,1,0,0,0,0,1,0,0,0,0,1,0,1.3862943611198906,4.189654742026425,5.537334267018537,6.16541785423142,0.0,6.680854678790215
0,37.0,0,942.0,0,1,1,1,0,0,0,0,1,0,0,0,0,1,0,6.495265555937008,6.776506992372183,0.0,1.3862943611198906,2.639057329615259,7.348587530927593
0,17.0,1,858.0,1,1,1,1,0,0,1,0,1,0,0,0,0,1,0,5.5254529391317835,0.0,7.687080155783135,0.0,0.0,7.795646536334594
1,35.0,1,860.0,1,1,1,0,0,0,1,0,1,0,0,0,0,1,0,0.0,0.0,0.0,0.0,0.0,0.0
0,33.0,1,181.0,1,2,0,1,0,1,0,0,1,1,0,0,0,0,0,0.0,8.432288684325794,0.0,5.3471075307174685,6.86171134048073,8.657998068007258
0,37.0,1,181.0,1,2,0,1,0,1,0,0,0,1,0,0,0,0,0,0.0,7.757051142032013,0.0,5.3230099791384085,4.343805421853684,7.870165946469845
0,32.0,0,182.0,1,1,1,1,0,1,0,0,0,1,0,0,0,0,0,0.0,5.043425116919247,0.0,8.61122983334262,7.562681246721884,8.932080438103307
0,31.0,0,943.0,0,1,1,1,0,0,1,0,0,0,0,0,0,1,0,3.1354942159291497,0.0,0.0,0.6931471805599453,6.263398262591624,6.306275286948016
0,27.0,0,42.0,0,1,1,1,0,1,0,0,1,0,0,0,0,0,0,0.0,8.299285906897275,0.0,7.400009517162692,8.496990484098719,9.264354960282422
1,34.0,1,287.0,0,1,1,0,0,1,0,0,0,0,0,0,1,0,0,0.0,0.0,0.0,0.0,0.0,0.0
0,9.0,1,862.0,1,4,0,0,1,0,1,0,1,0,0,0,0,1,0,0.0,0.0,0.0,0.0,0.0,0.0
1,25.0,1,862.0,1,4,0,0,0,0,1,0,1,0,0,0,0,1,0,0.0,0.0,0.0,0.0,0.0,0.0
1,29.0,1,862.0,1,4,0,0,0,0,1,0,1,0,0,0,0,1,0,0.0,0.0,0.0,0.0,0.0,0.0
1,1.0,1,862.0,1,4,0,0,1,0,1,0,1,0,0,0,0,1,0,0.0,0.0,0.0,0.0,0.0,0.0
0,30.0,1,750.0,1,1,1,1,0,0,0,0,1,0,0,0,0,0,1,0.6931471805599453,6.682108597449809,0.0,2.3978952727983707,0.0,6.695798917058491
0,64.0,0,144.0,0,4,0,1,0,1,0,0,1,0,1,0,0,0,0,4.356708826689592,7.793586803371584,0.0,8.007034012193408,4.852030263919617,8.635864721133736
0,31.0,0,144.0,0,4,0,1,0,1,0,0,1,0,1,0,0,0,0,0.0,8.805525052709516,5.384495062789089,6.439350371100098,9.920197166099076,10.234552338068042
0,27.0,1,144.0,0,4,0,1,0,1,0,0,1,0,1,0,0,0,0,5.5909869805108565,7.938445551164788,0.0,4.007333185232471,4.356708826689592,8.071218539969863
0,27.0,0,144.0,0,4,0,1,0,1,0,0,1,0,1,0,0,0,0,0.0,8.415603335654604,0.0,8.727129915243165,8.57715877258367,9.679843876180236
1,25.0,1,145.0,0,1,1,0,0,1,0,0,1,0,1,0,0,0,0,0.0,0.0,0.0,0.0,0.0,0.0
1,28.0,1,751.0,1,1,1,0,0,0,0,0,1,0,0,0,0,0,1,0.0,0.0,0.0,0.0,0.0,0.0
1,32.0,1,748.0,0,1,1,0,0,0,0,0,1,0,0,0,0,0,1,0.0,0.0,0.0,0.0,0.0,0.0
0,36.0,0,945.0,0,1,1,1,0,0,0,0,0,0,0,0,0,1,0,0.0,0.0,0.0,6.587550014824796,1.0986122886681096,6.590301048196686
0,26.0,1,171.0,1,2,0,1,0,1,0,0,0,0,1,0,0,0,0,0.0,8.187021067343505,3.8712010109078907,2.995732273553991,5.438079308923196,8.265907334155747
0,36.0,0,171.0,1,2,0,1,0,1,0,0,1,0,1,0,0,0,0,0.6931471805599453,8.563122123304638,5.840641657373398,5.627621113690637,9.448017793067429,9.827577958435779
0,37.0,0,753.0,1,1,1,1,0,0,0,0,1,0,0,0,0,0,1,5.926926025970411,7.191429330036379,2.3978952727983707,4.406719247264253,0.0,7.491645473605133
0,45.0,0,750.0,0,1,1,1,0,0,0,0,1,0,0,0,0,0,1,0.0,0.0,0.0,6.652863029353347,0.0,6.652863029353347
0,22.0,0,172.0,1,2,0,1,0,1,0,0,1,0,1,0,0,0,0,5.111987788356544,3.6109179126442243,0.0,8.021256180143997,6.322565239927284,8.243282523048375
0,24.0,0,172.0,1,2,0,1,0,1,0,0,0,0,1,0,0,0,0,3.258096538021482,8.09925056179696,0.0,8.712101863715663,5.19295685089021,9.166492972195906
0,23.0,0,751.0,0,1,1,1,0,0,0,1,0,0,0,0,0,0,1,0.0,4.9344739331306915,1.6094379124341003,6.023447592961033,5.3981627015177525,6.652863029353347
0,31.0,1,864.0,1,1,1,1,0,0,0,0,0,0,0,0,0,1,0,1.0986122886681096,3.044522437723423,0.6931471805599453,6.934397209928558,1.0986122886681096,6.9584483932976555
0,37.0,0,173.0,1,1,1,1,0,1,0,0,1,0,1,0,0,0,0,0.6931471805599453,6.169610732491456,0.0,0.0,8.866158492284917,8.931419805192975
0,28.0,0,752.0,0,1,1,1,0,0,0,0,1,0,0,0,0,0,1,1.791759469228055,0.0,0.0,6.922643891475888,0.0,6.927557906278317
1,23.0,1,754.0,1,1,1,0,0,0,0,0,1,0,0,0,0,0,1,0.0,0.0,0.0,0.0,0.0,0.0
0,14.0,1,755.0,1,1,1,1,1,0,0,0,0,0,0,0,0,0,1,0.0,5.117993812416755,6.403574197934815,0.6931471805599453,0.0,6.647688373563329
1,40.0,1,152.0,0,1,1,0,0,1,0,0,1,1,0,0,0,0,0,0.0,0.0,0.0,0.0,0.0,0.0
0,42.0,1,865.0,1,1,1,1,0,0,1,0,1,0,0,0,0,1,0,3.6109179126442243,0.0,7.845807502637805,0.0,2.302585092994046,7.8632667240095735
0,53.0,0,866.0,1,1,1,1,0,0,0,0,1,0,0,0,0,1,0,2.995732273553991,4.406719247264253,4.454347296253507,6.645090969505644,6.194405391104672,7.274479558773871
1,46.0,0,757.0,1,1,1,0,0,0,0,0,1,0,0,0,0,0,1,0.0,0.0,0.0,0.0,0.0,0.0
0,28.0,1,289.0,0,1,1,1,0,0,1,0,1,0,0,0,1,0,0,0.0,4.382026634673881,7.602900462204755,0.0,0.0,7.641564441260972
1,25.0,1,753.0,0,1,1,0,0,0,0,0,0,0,0,0,0,0,1,0.0,0.0,0.0,0.0,0.0,0.0
0,34.0,1,146.0,0,1,1,1,0,1,0,1,0,0,1,0,0,0,0,0.0,0.0,3.091042453358316,2.0794415416798357,2.833213344056216,3.8066624897703196
0,58.0,0,868.0,1,1,1,1,0,0,1,0,1,0,0,0,0,1,0,7.1284959456800365,0.0,4.204692619390966,3.6109179126442243,0.0,7.207118856207756
0,31.0,1,183.0,1,7,0,1,0,1,0,0,1,1,0,0,0,0,0,0.0,7.83241092718792,0.6931471805599453,0.6931471805599453,0.0,7.833203948641057
1,24.0,1,183.0,1,7,0,0,0,1,0,0,0,1,0,0,0,0,0,0.0,0.0,0.0,0.0,0.0,0.0
0,52.0,1,933.5,1,7,0,1,0,1,0,0,1,0,0,0,0,1,0,0.0,8.09437844497296,4.718498871295094,3.9512437185814275,2.9444389791664403,8.147867129923947
1,25.0,1,183.0,1,7,0,0,0,1,0,0,0,1,0,0,0,0,0,0.0,0.0,0.0,0.0,0.0,0.0
1,17.0,1,183.0,1,7,0,0,0,1,0,0,1,1,0,0,0,0,0,0.0,0.0,0.0,0.0,0.0,0.0
0,27.0,0,183.0,1,7,0,1,0,1,0,0,1,1,0,0,0,0,0,0.0,6.118097198041348,4.927253685157205,7.194436851100335,7.415175109613295,8.183676582620658
1,29.0,1,183.0,1,7,0,0,0,1,0,0,0,1,0,0,0,0,0,0.0,0.0,0.0,0.0,0.0,0.0
0,45.0,1,175.0,1,1,1,1,0,1,0,0,1,0,1,0,0,0,0,0.0,8.920656296853728,6.144185634125646,2.70805020110221,6.415096959171596,9.056489647157923
0,28.0,1,870.0,1,1,1,1,0,0,0,1,0,0,0,0,0,1,0,0.0,2.9444389791664403,0.0,0.0,6.51471269087253,6.541029999189903
1,25.0,1,147.0,0,1,1,0,0,1,0,0,0,0,1,0,0,0,0,0.0,0.0,0.0,0.0,0.0,0.0
1,57.0,1,176.0,1,5,0,0,0,1,0,0,1,0,1,0,0,0,0,0.0,0.0,0.0,0.0,0.0,0.0
1,68.0,1,176.0,1,5,0,0,0,1,0,0,1,0,1,0,0,0,0,0.0,0.0,0.0,0.0,0.0,0.0
0,26.0,0,176.0,1,5,0,1,0,1,0,0,0,0,1,0,0,0,0,0.0,6.068425588244111,3.367295829986474,9.300363874623772,3.295836866004329,9.343734255146714
0,52.0,0,176.0,1,5,0,1,0,1,0,0,1,0,1,0,0,0,0,1.0986122886681096,5.8998973535824915,0.0,7.6708948313621175,7.498315870766981,8.36985260351753
0,36.0,0,176.0,1,5,0,1,0,1,0,0,1,0,1,0,0,0,0,0.0,6.313548046277095,0.0,8.569975376855206,3.1354942159291497,8.67317077287059
0,41.0,0,754.0,0,1,1,1,0,0,0,1,0,0,0,0,0,0,1,6.12029741895095,5.697093486505405,0.0,1.0986122886681096,0.0,6.625392368007956
0,14.0,0,299.0,1,1,1,1,1,0,0,0,1,0,0,0,1,0,0,6.244166900663736,0.0,5.973809611869261,0.0,0.0,6.810142450115136
1,16.0,1,755.0,0,1,1,0,0,0,0,1,0,0,0,0,0,0,1,0.0,0.0,0.0,0.0,0.0,0.0
0,24.0,0,933.5,1,1,1,1,0,0,1,0,1,0,0,0,0,1,0,6.511745329644728,0.0,6.218600119691729,0.0,0.0,7.068172000388042
0,62.0,1,153.0,0,1,1,1,0,1,0,0,1,1,0,0,0,0,0,0.0,7.3987862754199485,0.0,7.463363045520021,0.0,8.124446855715847
0,26.0,1,760.0,1,1,1,1,0,0,0,0,0,0,0,0,0,0,1,6.39024066706535,4.442651256490317,0.0,0.0,4.882801922586371,6.698268054115413
0,45.0,0,871.0,1,1,1,1,0,0,0,0,1,0,0,0,0,1,0,4.189654742026425,4.1588830833596715,1.3862943611198906,6.570882962339584,3.332204510175204,6.77078942390898
0,41.0,0,178.0,1,1,1,1,0,1,0,0,1,0,1,0,0,0,0,0.0,6.023447592961033,0.0,8.301769763117166,0.0,8.399085102935908
0,36.0,1,947.0,0,1,1,1,0,0,0,0,1,0,0,0,0,1,0,0.0,6.586171654854675,0.0,0.0,0.0,6.586171654854675
0,13.0,1,872.0,1,1,1,1,1,0,0,0,0,0,0,0,0,1,0,2.1972245773362196,7.234177179749849,7.27655640271871,5.5254529391317835,2.1972245773362196,8.038189179973203
0,48.0,1,184.0,1,2,0,1,0,1,0,0,1,1,0,0,0,0,0,0.0,9.173053787190167,0.0,0.6931471805599453,1.0986122886681096,9.173365135851288
1,27.0,1,184.0,1,2,0,0,0,1,0,0,1,1,0,0,0,0,0,0.0,0.0,0.0,0.0,0.0,0.0
0,22.0,1,873.0,1,1,1,1,0,0,0,1,0,0,0,0,0,1,0,4.955827057601261,2.833213344056216,0.0,5.181783550292085,5.820082930352362,6.508769136971682
0,39.0,1,874.0,1,1,1,1,0,0,0,0,1,0,0,0,0,1,0,5.673323267171493,0.0,4.442651256490317,5.58724865840025,0.0,6.46302945692067
0,45.0,0,290.0,0,1,1,1,0,0,0,0,1,0,0,0,1,0,0,7.24422751560335,5.424950017481403,0.0,0.0,0.0,7.3938782901077555
0,42.0,0,762.0,1,1,1,1,0,0,0,0,1,0,0,0,0,0,1,4.442651256490317,5.780743515792329,0.0,7.132497551660044,4.795790545596741,7.483806687665835
0,33.0,1,179.0,1,1,1,1,0,1,0,0,1,0,1,0,0,0,0,0.0,8.859363449152088,0.0,6.805722553416985,6.0063531596017325,9.029657471850737
0,27.0,1,933.5,1,1,1,1,0,0,0,0,1,0,0,0,0,1,0,0.0,4.499809670330265,6.774223886357614,3.5553480614894135,0.0,6.905753276311464
0,47.0,0,302.0,1,1,1,1,0,0,0,0,1,0,0,0,1,0,0,0.0,5.916202062607435,0.0,5.942799375126701,3.6635616461296463,6.670766320845874
1,20.0,1,291.0,0,1,1,0,0,1,0,0,1,0,0,0,1,0,0,0.0,0.0,0.0,0.0,0.0,0.0
1,32.0,1,154.0,0,2,0,0,0,1,0,0,0,1,0,0,0,0,0,0.0,0.0,0.0,0.0,0.0,0.0
1,54.0,1,154.0,0,2,0,0,0,1,0,0,1,1,0,0,0,0,0,0.0,0.0,0.0,0.0,0.0,0.0
0,23.0,0,875.0,1,2,0,1,0,0,0,0,1,0,0,0,0,1,0,0.0,7.026426808699636,0.0,0.0,6.901737206656574,7.6586995582682995
0,9.0,0,763.0,1,2,0,0,1,0,0,0,1,0,0,0,0,0,1,0.0,0.0,0.0,0.0,0.0,0.0
0,17.0,0,756.0,0,1,1,1,0,0,0,0,1,0,0,0,0,0,1,5.921578419643816,0.0,6.169610732491456,0.0,0.0,6.745236349484362
0,26.0,0,147.0,1,2,0,1,0,1,0,0,1,0,0,1,0,0,0,0.0,6.714170529909472,0.0,7.507690077819904,7.319202458767849,8.331586243630754
0,38.0,0,147.0,1,2,0,1,0,1,0,0,1,0,0,1,0,0,0,0.0,4.543294782270004,0.0,0.0,8.896177422274805,8.908829791587868
0,24.0,0,876.0,1,1,1,1,0,0,0,0,1,0,0,0,0,1,0,6.556778356158042,0.0,0.0,0.0,0.0,6.556778356158042
0,30.0,1,948.0,0,7,0,1,0,0,0,0,1,0,0,0,0,1,0,4.356708826689592,7.75190533307861,1.791759469228055,4.770684624465665,0.6931471805599453,7.8343923029104365
1,2.0,0,757.0,0,7,0,0,1,0,0,0,0,0,0,0,0,0,1,0.0,0.0,0.0,0.0,0.0,0.0
1,4.0,1,757.0,0,7,0,0,1,0,0,0,1,0,0,0,0,0,1,0.0,0.0,0.0,0.0,0.0,0.0
1,9.0,0,757.0,0,7,0,0,1,0,0,0,1,0,0,0,0,0,1,0.0,0.0,0.0,0.0,0.0,0.0
0,30.0,0,948.0,0,7,0,1,0,0,0,0,1,0,0,0,0,1,0,0.0,0.0,1.3862943611198906,8.14177220465645,0.0,8.142645185942795
1,5.0,0,757.0,0,7,0,0,1,0,0,0,1,0,0,0,0,0,1,0.0,0.0,0.0,0.0,0.0,0.0
0,2.0,0,757.0,0,7,0,0,1,0,0,0,1,0,0,0,0,0,1,0.0,0.0,0.0,0.0,0.0,0.0
0,32.0,0,148.0,0,3,0,1,0,1,0,0,1,0,1,0,0,0,0,3.828641396489095,6.893656354602635,0.0,0.0,8.825265953515752,8.966228514225776
1,53.0,1,148.0,0,3,0,0,0,1,0,0,1,0,1,0,0,0,0,0.0,0.0,0.0,0.0,0.0,0.0
0,46.0,1,933.5,1,3,0,1,0,1,0,0,1,0,0,0,0,1,0,0.0,8.257644958208228,0.0,0.6931471805599453,5.746203190540153,8.335671314792847
1,2.0,1,765.0,1,6,0,0,1,0,0,0,1,0,0,0,0,0,1,0.0,0.0,0.0,0.0,0.0,0.0
1,1.0,1,765.0,1,6,0,0,1,0,0,0,1,0,0,0,0,0,1,0.0,0.0,0.0,0.0,0.0,0.0
1,11.0,1,765.0,1,6,0,0,1,0,0,0,1,0,0,0,0,0,1,0.0,0.0,0.0,0.0,0.0,0.0
0,3.0,1,765.0,1,6,0,0,1,0,0,0,0,0,0,0,0,0,1,0.0,0.0,0.0,0.0,0.0,0.0
1,33.0,1,765.0,1,6,0,0,0,0,0,0,1,0,0,0,0,0,1,0.0,0.0,0.0,0.0,0.0,0.0
1,3.0,1,765.0,1,6,0,0,1,0,0,0,0,0,0,0,0,0,1,0.0,0.0,0.0,0.0,0.0,0.0
0,38.0,0,303.0,1,1,1,1,0,0,0,0,1,0,0,0,1,0,0,5.209486152841421,6.655440350367647,1.3862943611198906,3.5263605246161616,0.0,6.902742737158593
1,21.0,0,758.0,0,1,1,0,0,0,0,1,0,0,0,0,0,0,1,0.0,0.0,0.0,0.0,0.0,0.0
1,41.0,1,933.5,1,1,1,0,0,0,0,0,1,0,0,0,0,1,0,0.0,0.0,0.0,0.0,0.0,0.0
1,64.0,1,180.0,1,2,0,0,0,1,0,0,0,0,1,0,0,0,0,0.0,0.0,0.0,0.0,0.0,0.0
1,27.0,1,180.0,1,2,0,0,0,1,0,0,0,0,1,0,0,0,0,0.0,0.0,0.0,0.0,0.0,0.0
1,41.0,0,759.0,0,1,1,0,0,0,0,0,0,0,0,0,0,0,1,0.0,0.0,0.0,0.0,0.0,0.0
0,19.0,0,950.0,0,1,1,1,0,0,0,0,1,0,0,0,0,1,0,3.58351893845611,1.0986122886681096,6.1779441140506,4.804021044733257,0.0,6.461468176353717
0,42.0,1,760.0,0,1,1,1,0,0,0,0,1,0,0,0,0,0,1,0.0,0.0,7.425357887027151,4.189654742026425,4.143134726391533,7.498315870766981
0,30.0,0,150.0,0,1,1,1,0,1,0,0,0,0,1,0,0,0,0,0.0,8.310660905907225,0.0,6.300785794663244,7.149131598557407,8.679822114864455
0,38.0,0,951.0,0,1,1,1,0,0,0,0,1,0,0,0,0,1,0,5.214935757608986,5.318119993844216,0.0,4.709530201312334,5.926926025970411,6.769641976852503
0,63.0,1,181.0,1,1,1,1,0,1,0,0,1,0,1,0,0,0,0,0.0,8.429454277108231,0.6931471805599453,6.914730892718563,7.642524134232902,8.945202263959297
0,17.0,0,155.0,0,4,0,1,0,0,1,0,1,0,0,1,0,0,0,0.0,0.0,3.6635616461296463,0.0,1.0986122886681096,3.713572066704308
1,2.0,1,952.0,0,4,0,0,1,0,1,0,1,0,0,0,0,1,0,0.0,0.0,0.0,0.0,0.0,0.0
0,19.0,1,952.0,0,4,0,0,0,0,1,0,1,0,0,0,0,1,0,0.0,0.0,0.0,0.0,0.0,0.0
0,37.0,0,155.0,0,4,0,1,0,0,1,0,1,0,0,1,0,0,0,7.0431599159883405,1.6094379124341003,3.5553480614894135,0.0,0.0,7.075808863978387
0,50.0,1,878.0,1,1,1,1,0,0,1,0,1,0,0,0,0,1,0,5.420534999272286,0.0,6.680854678790215,4.68213122712422,0.0,7.029087564149662
0,38.0,1,768.0,1,1,1,1,0,0,0,0,1,0,0,0,0,0,1,0.0,5.153291594497779,6.423246963533519,0.0,0.0,6.669498089857879
0,28.0,1,182.0,1,1,1,1,0,1,0,0,1,0,1,0,0,0,0,0.0,8.045588280803528,0.0,7.247792581767846,5.905361848054571,8.494947582468917
1,35.0,1,156.0,0,2,0,0,0,1,0,0,1,1,0,0,0,0,0,0.0,0.0,0.0,0.0,0.0,0.0
0,27.0,0,933.5,1,2,0,1,0,1,0,0,1,0,0,0,0,1,0,9.569970943740548,7.305188215393037,0.0,0.6931471805599453,0.0,9.668777364850452
0,15.0,0,769.0,1,1,1,1,0,0,0,0,1,0,0,0,0,0,1,0.0,2.0794415416798357,0.0,6.620073206530356,0.0,6.6293632534374485
0,29.0,0,186.0,1,2,0,1,0,1,0,0,1,1,0,0,0,0,0,0.0,6.825460036255307,0.0,7.627057417018934,8.212839584676484,8.803874763534434
1,65.0,1,186.0,1,2,0,0,0,1,0,0,0,1,0,0,0,0,0,0.0,0.0,0.0,0.0,0.0,0.0
0,27.0,1,881.0,1,1,1,1,0,0,0,0,0,0,0,0,0,1,0,0.0,6.447305862541213,0.0,4.276666119016055,0.0,6.553933404025811
0,0.0,1,882.0,1,3,0,0,1,0,1,0,1,0,0,0,0,1,0,0.0,0.0,0.0,0.0,0.0,0.0
0,21.0,0,882.0,1,3,0,1,0,0,1,0,1,0,0,0,0,1,0,8.054840221101024,0.0,0.6931471805599453,0.0,0.0,8.055157731819678
1,19.0,1,882.0,1,3,0,0,0,0,1,0,1,0,0,0,0,1,0,0.0,0.0,0.0,0.0,0.0,0.0
1,39.0,1,883.0,1,1,1,0,0,0,1,0,1,0,0,0,0,1,0,0.0,0.0,0.0,0.0,0.0,0.0
0,60.0,0,955.0,0,1,1,0,0,0,0,0,0,0,0,0,0,1,0,0.0,0.0,0.0,0.0,0.0,0.0
0,30.0,0,156.0,0,1,1,1,0,1,0,0,0,0,0,1,0,0,0,6.70808408385307,3.8066624897703196,1.0986122886681096,7.9919305198524775,7.7458682297922685,8.721276239991704
1,30.0,0,762.0,0,2,0,0,0,0,0,0,1,0,0,0,0,0,1,0.0,0.0,0.0,0.0,0.0,0.0
1,40.0,1,762.0,0,2,0,0,0,0,0,0,1,0,0,0,0,0,1,0.0,0.0,0.0,0.0,0.0,0.0
0,26.0,0,304.0,1,1,1,1,0,0,1,0,1,0,0,0,1,0,0,0.0,3.258096538021482,2.639057329615259,2.4849066497880004,6.906754778648554,6.954638864880987
0,38.0,0,957.0,0,1,1,1,0,0,0,0,0,0,0,0,0,1,0,7.869019376499024,0.0,4.6443908991413725,0.0,0.0,7.907651594711089
0,22.0,1,958.0,0,2,0,1,0,0,1,0,1,0,0,0,0,1,0,4.875197323201151,2.772588722239781,7.805882040228621,0.0,0.0,7.8632667240095735
0,27.0,0,293.0,0,2,0,1,0,0,1,0,1,0,0,0,1,0,0,5.19295685089021,0.0,7.498869733976931,4.882801922586371,0.0,7.65728279297819
0,65.0,0,959.0,0,1,1,1,0,0,1,0,1,0,0,0,0,1,0,7.259116128097101,0.0,4.442651256490317,0.0,0.0,7.316548177182976
1,61.0,1,764.0,0,1,1,0,0,0,0,1,0,0,0,0,0,0,1,0.0,0.0,0.0,0.0,0.0,0.0
0,20.0,0,885.0,1,1,1,1,0,0,0,0,1,0,0,0,0,1,0,0.0,0.0,4.718498871295094,3.6888794541139363,6.9985096422506015,7.126890808898808
1,24.0,0,765.0,0,1,1,0,0,0,0,0,1,0,0,0,0,0,1,0.0,0.0,0.0,0.0,0.0,0.0
1,16.0,0,766.0,0,1,1,0,0,0,0,0,1,0,0,0,0,0,1,0.0,0.0,0.0,0.0,0.0,0.0
1,35.0,1,305.0,1,1,1,0,0,0,1,0,1,0,0,0,1,0,0,0.0,0.0,0.0,0.0,0.0,0.0
0,21.0,1,887.0,1,1,1,1,0,0,0,0,1,0,0,0,0,1,0,0.0,6.525029657843462,3.9512437185814275,4.882801922586371,0.6931471805599453,6.762729506931879
1,23.0,1,771.0,1,1,1,0,0,0,0,0,1,0,0,0,0,0,1,0.0,0.0,0.0,0.0,0.0,0.0
0,17.0,1,888.0,1,2,0,1,0,0,0,0,0,0,0,0,0,1,0,0.0,5.572154032177765,0.0,0.0,6.220590170099739,6.639875833826536
0,24.0,0,888.0,1,2,0,1,0,0,0,1,0,0,0,0,0,1,0,5.043425116919247,2.0794415416798357,5.488937726156687,5.365976015021851,6.118097198041348,6.974478911025045
0,27.0,0,767.0,0,1,1,1,0,0,0,0,0,0,0,0,0,0,1,6.7650389767805414,0.0,0.0,0.0,3.1780538303479458,6.7912214627261855
0,26.0,1,187.0,1,5,0,1,0,1,0,0,1,0,1,0,0,0,0,0.0,7.555381944240273,0.0,7.48324441607385,0.0,8.212839584676484
0,26.0,1,187.0,1,5,0,1,0,1,0,0,0,0,1,0,0,0,0,0.0,8.146998697389993,0.0,1.6094379124341003,7.581209826196346,8.597297435657898
0,20.0,1,187.0,1,5,0,1,0,1,0,0,1,0,1,0,0,0,0,0.0,1.3862943611198906,0.0,7.148345743900068,7.875119281040293,8.270013062273787
1,28.0,1,187.0,1,5,0,0,0,1,0,0,1,0,1,0,0,0,0,0.0,0.0,0.0,0.0,0.0,0.0
0,37.0,1,187.0,1,5,0,1,0,1,0,0,1,0,1,0,0,0,0,2.1972245773362196,3.091042453358316,0.0,4.04305126783455,7.681560362559537,7.720017940432244
0,23.0,0,889.0,1,2,0,1,0,0,1,0,1,0,0,0,0,1,0,6.561030665896573,0.0,0.0,0.0,6.369900982828227,7.162397497355718
1,49.0,1,889.0,1,2,0,0,0,0,1,0,1,0,0,0,0,1,0,0.0,0.0,0.0,0.0,0.0,0.0
0,50.0,0,158.0,0,1,1,1,0,1,0,0,1,1,0,0,0,0,0,0.0,7.199678345691172,0.0,3.713572066704308,8.72891172506098,8.93022956502072
1,4.0,1,151.0,0,3,0,0,1,1,0,0,1,0,1,0,0,0,0,0.0,0.0,0.0,0.0,0.0,0.0
1,32.0,1,151.0,0,3,0,0,0,1,0,0,1,0,1,0,0,0,0,0.0,0.0,0.0,0.0,0.0,0.0
0,44.0,1,151.0,0,3,0,0,0,1,0,0,1,0,1,0,0,0,0,0.0,0.0,0.0,0.0,0.0,0.0
0,20.0,1,294.0,0,1,1,1,0,0,0,0,1,0,0,0,1,0,0,6.870053411798126,0.0,8.42989086301344,4.663439094112067,0.0,8.639233817325263
0,30.0,0,893.0,1,2,0,1,0,0,1,0,1,0,0,0,0,1,0,6.2766434893416445,6.694562058521095,3.58351893845611,5.303304908059076,0.0,7.3613754289773485
0,29.0,0,893.0,1,2,0,1,0,0,1,0,1,0,0,0,0,1,0,6.354370040797351,0.0,8.50532301884575,7.513163545234075,1.0986122886681096,8.902183446335016
0,22.0,1,773.0,1,1,1,1,0,0,0,0,1,0,0,0,0,0,1,3.6375861597263857,1.3862943611198906,0.0,5.723585101952381,6.366470447731438,6.831953565565855
1,35.0,1,961.0,0,3,0,0,0,0,1,0,1,0,0,0,0,1,0,0.0,0.0,0.0,0.0,0.0,0.0
0,0.0,1,961.0,0,3,0,0,1,0,1,0,0,0,0,0,0,1,0,0.0,0.0,0.0,0.0,0.0,0.0
0,6.0,1,961.0,0,3,0,0,1,0,1,0,1,0,0,0,0,1,0,0.0,0.0,0.0,0.0,0.0,0.0
0,38.0,1,306.0,1,1,1,1,0,1,0,0,1,0,0,0,1,0,0,0.0,8.412943170042439,0.0,2.639057329615259,5.713732805509369,8.480529207044645
0,34.0,1,152.0,0,2,0,1,0,1,0,0,1,0,1,0,0,0,0,0.0,3.8918202981106265,7.63433723562832,1.3862943611198906,1.9459101490553132,7.661527081358517
1,34.0,1,152.0,0,2,0,0,0,1,0,0,0,0,1,0,0,0,0,0.0,0.0,0.0,0.0,0.0,0.0
0,27.0,0,775.0,1,1,1,1,0,0,0,0,1,0,0,0,0,0,1,5.645446897643238,2.1972245773362196,5.823045895483019,0.0,0.0,6.4425401664681985
0,53.0,0,149.0,1,1,1,1,0,0,1,0,1,0,0,1,0,0,0,5.3230099791384085,4.962844630259907,5.942799375126701,3.6635616461296463,0.6931471805599453,6.641182169740591
0,28.0,0,57.0,1,2,0,1,0,1,0,0,1,0,0,0,0,0,0,0.0,5.981414211254481,4.77912349311153,2.70805020110221,7.4073177104694174,7.684783943522785
0,31.0,0,57.0,1,2,0,1,0,1,0,0,1,0,0,0,0,0,0,0.0,7.232010331664759,0.0,7.493317248862145,6.3784261836515865,8.233768709217097
0,56.0,0,964.0,0,1,1,1,0,0,1,1,0,0,0,0,0,1,0,5.455321115357702,0.0,7.213031659834869,0.0,5.147494476813453,7.473637108496206
0,36.0,0,895.0,1,1,1,1,0,0,1,0,1,0,0,0,0,1,0,6.7464121285733745,0.0,6.12029741895095,0.0,0.0,7.173958319756794
0,30.0,0,307.0,1,1,1,1,0,0,0,0,0,0,0,0,1,0,0,3.258096538021482,5.5053315359323625,5.293304824724492,1.0986122886681096,5.7745515455444085,6.674561391814426
1,32.0,1,965.0,0,1,1,0,0,0,1,0,1,0,0,0,0,1,0,0.0,0.0,0.0,0.0,0.0,0.0
1,44.0,1,188.0,1,2,0,0,0,1,0,0,0,0,1,0,0,0,0,0.0,0.0,0.0,0.0,0.0,0.0
1,54.0,1,188.0,1,2,0,0,0,1,0,0,0,0,1,0,0,0,0,0.0,0.0,0.0,0.0,0.0,0.0
0,24.0,0,896.0,1,1,1,1,0,0,0,0,1,0,0,0,0,1,0,5.225746673713202,0.0,6.1675164908883415,7.501634457883413,3.9889840465642745,7.83399634170946
0,44.0,0,966.0,0,1,1,1,0,0,0,0,1,0,0,0,0,1,0,5.517452896464707,0.0,0.0,0.0,6.436150368369428,6.77078942390898
0,25.0,0,897.0,1,1,1,1,0,0,0,0,1,0,0,0,0,1,0,0.0,1.3862943611198906,3.1780538303479458,6.542471960506805,0.0,6.579251212010101
1,35.0,1,968.0,0,1,1,0,0,0,1,0,1,0,0,0,0,1,0,0.0,0.0,0.0,0.0,0.0,0.0
0,29.0,1,969.0,0,1,1,1,0,0,1,0,1,0,0,0,0,1,0,5.700443573390686,0.0,6.790097235513905,1.791759469228055,0.0,7.083387847625295
0,22.0,1,308.0,1,1,1,1,0,0,0,0,1,0,0,0,1,0,0,0.0,6.507277712385012,4.804021044733257,0.0,4.04305126783455,6.741700694652055
1,22.0,1,776.0,1,1,1,0,0,0,0,0,1,0,0,0,0,0,1,0.0,0.0,0.0,0.0,0.0,0.0
0,22.0,1,900.0,1,2,0,1,0,0,0,0,0,0,0,0,0,1,0,0.0,6.234410725718371,1.0986122886681096,2.1972245773362196,4.31748811353631,6.386879319362645
1,18.0,1,900.0,1,2,0,0,0,0,0,1,0,0,0,0,0,1,0,0.0,0.0,0.0,0.0,0.0,0.0
0,22.0,0,971.0,0,1,1,1,0,0,0,0,0,0,0,0,0,1,0,5.54907608489522,0.0,0.0,0.0,5.924255797414532,6.4457198193855785
0,52.0,1,777.0,1,1,1,1,0,0,0,0,1,0,0,0,0,0,1,6.8416154764775925,6.659293919683638,0.0,0.0,0.0,7.44716835960004
1,0.0,1,972.0,0,4,0,0,1,0,1,0,1,0,0,0,0,1,0,0.0,0.0,0.0,0.0,0.0,0.0
1,1.0,1,972.0,0,4,0,0,1,0,1,0,1,0,0,0,0,1,0,0.0,0.0,0.0,0.0,0.0,0.0
0,34.0,0,972.0,0,4,0,1,0,0,1,0,1,0,0,0,0,1,0,7.664346632098617,0.0,0.6931471805599453,0.6931471805599453,0.0,7.665284718471351
1,6.0,1,972.0,0,4,0,0,1,0,1,0,1,0,0,0,0,1,0,0.0,0.0,0.0,0.0,0.0,0.0
0,22.0,1,778.0,1,1,1,1,0,0,0,0,1,0,0,0,0,0,1,4.820281565605037,0.6931471805599453,6.493753839851687,0.0,0.0,6.665683717782408
1,31.0,1,779.0,1,1,1,0,0,0,0,0,1,0,0,0,0,0,1,0.0,0.0,0.0,0.0,0.0,0.0
0,31.0,0,58.0,1,1,1,1,0,1,0,0,1,0,0,0,0,0,0,6.3784261836515865,7.140453043101158,0.0,5.43372200355424,1.9459101490553132,7.642044402873258
0,20.0,0,309.0,1,2,0,1,0,0,1,0,1,0,0,0,1,0,0,6.740519359606223,0.0,3.8501476017100584,4.820281565605037,0.0,6.922643891475888
1,25.0,1,309.0,1,2,0,0,0,0,1,0,1,0,0,0,1,0,0,0.0,0.0,0.0,0.0,0.0,0.0
1,23.0,1,933.5,1,5,0,0,0,1,0,0,0,0,0,0,0,1,0,0.0,0.0,0.0,0.0,0.0,0.0
0,53.0,0,189.0,1,5,0,1,0,1,0,0,1,0,1,0,0,0,0,3.9318256327243257,9.354700422483019,0.0,8.00603417874901,8.374476889214643,9.848767340335895
0,32.0,0,189.0,1,5,0,1,0,1,0,0,0,0,1,0,0,0,0,0.0,5.420534999272286,0.0,8.262042843966942,5.484796933490655,8.37539918579835
1,27.0,1,189.0,1,5,0,0,0,1,0,0,0,0,1,0,0,0,0,0.0,0.0,0.0,0.0,0.0,0.0
0,48.0,0,189.0,1,5,0,1,0,1,0,0,0,0,1,0,0,0,0,0.0,5.83773044716594,6.835184586147301,9.295416544331301,0.0,9.405824915296419
0,37.0,1,43.0,0,1,1,1,0,1,0,0,1,0,0,0,0,0,0,5.4116460518550396,9.158625936289503,0.0,7.1846291527173145,7.532088143541722,9.465215121451847
1,21.0,1,903.0,1,1,1,0,0,0,1,0,1,0,0,0,0,1,0,0.0,0.0,0.0,0.0,0.0,0.0
1,29.0,1,159.0,0,1,1,0,0,1,0,0,0,1,0,0,0,0,0,0.0,0.0,0.0,0.0,0.0,0.0
1,46.0,1,160.0,0,1,1,0,0,1,0,0,1,1,0,0,0,0,0,0.0,0.0,0.0,0.0,0.0,0.0
0,19.0,0,780.0,1,1,1,1,0,0,0,0,1,0,0,0,0,0,1,1.0986122886681096,0.0,0.0,2.302585092994046,6.626717749249025,6.641182169740591
0,22.0,0,904.0,1,1,1,1,0,0,0,0,1,0,0,0,0,1,0,0.0,0.0,0.0,6.658011045870748,0.0,6.658011045870748
0,54.0,0,189.0,1,1,1,1,0,1,0,0,1,1,0,0,0,0,0,0.0,7.956476798036782,0.0,0.0,7.418780882750794,8.416267272826277
0,43.0,1,781.0,1,1,1,1,0,0,0,0,1,0,0,0,0,0,1,4.1588830833596715,7.200424892944957,2.302585092994046,5.537334267018537,3.7612001156935624,7.442492722794441
1,18.0,1,782.0,1,1,1,0,0,0,0,0,1,0,0,0,0,0,1,0.0,0.0,0.0,0.0,0.0,0.0
0,36.0,0,310.0,1,2,0,1,0,1,0,0,0,0,0,0,1,0,0,2.639057329615259,7.300472814267799,0.6931471805599453,7.272398392570047,7.578656850594762,8.494743062578646
0,20.0,1,310.0,1,2,0,1,0,1,0,0,1,0,0,0,1,0,0,0.0,7.0317412587631285,8.238536930171769,5.087596335232384,0.0,8.532278828834277
0,63.0,0,974.0,0,1,1,1,0,0,0,0,1,0,0,0,0,1,0,0.0,4.653960350157523,0.0,6.396929655216146,0.0,6.556778356158042
0,50.0,1,905.0,1,1,1,1,0,0,0,0,1,0,0,0,0,1,0,4.9344739331306915,6.561030665896573,0.0,2.9444389791664403,3.713572066704308,6.805722553416985
0,13.0,1,933.5,1,2,0,1,1,0,1,0,1,0,0,0,0,1,0,3.091042453358316,0.0,7.355641102974253,0.0,0.6931471805599453,7.369600720526409
1,43.0,1,311.0,1,2,0,0,0,0,1,0,1,0,0,0,1,0,0,0.0,0.0,0.0,0.0,0.0,0.0
1,16.0,1,783.0,1,1,1,0,0,0,0,1,0,0,0,0,0,0,1,0.0,0.0,0.0,0.0,0.0,0.0
1,31.0,1,975.0,0,3,0,0,0,0,1,0,1,0,0,0,0,1,0,0.0,0.0,0.0,0.0,0.0,0.0
1,0.0,1,975.0,0,3,0,0,1,0,1,0,1,0,0,0,0,1,0,0.0,0.0,0.0,0.0,0.0,0.0
1,10.0,1,975.0,0,3,0,0,1,0,1,0,1,0,0,0,0,1,0,0.0,0.0,0.0,0.0,0.0,0.0
1,10.0,0,773.0,0,1,1,0,1,0,0,0,1,0,0,0,0,0,1,0.0,0.0,0.0,0.0,0.0,0.0
0,55.0,0,977.0,0,1,1,1,0,0,0,0,1,0,0,0,0,1,0,6.9363427358340495,2.9444389791664403,0.0,0.0,0.0,6.953684210870537
0,18.0,1,906.0,1,3,0,1,0,0,0,0,1,0,0,0,0,1,0,5.356586274672012,6.38856140554563,1.0986122886681096,6.202535517187923,4.143134726391533,7.217443431696533
0,7.0,1,785.0,1,3,0,0,1,0,0,0,1,0,0,0,0,0,1,0.0,0.0,0.0,0.0,0.0,0.0
1,1.0,1,785.0,1,3,0,0,1,0,0,0,1,0,0,0,0,0,1,0.0,0.0,0.0,0.0,0.0,0.0
0,44.0,0,776.0,0,1,1,1,0,0,0,0,1,0,0,0,0,0,1,3.1354942159291497,0.6931471805599453,0.0,6.762729506931879,0.0,6.78897174299217
0,27.0,0,299.0,0,1,1,1,0,0,1,0,1,0,0,0,1,0,0,6.501289670540389,6.448889394146858,0.6931471805599453,0.0,0.0,7.168579897264035
0,20.0,0,933.5,1,1,1,1,0,0,0,1,0,0,0,0,0,1,0,3.4339872044851463,1.6094379124341003,0.0,5.7745515455444085,6.113682179832232,6.693323668269949
0,49.0,1,190.0,1,1,1,1,0,1,0,0,0,0,1,0,0,0,0,0.0,8.95712413640568,1.0986122886681096,0.0,4.59511985013459,8.969923491991516
1,22.0,1,788.0,1,1,1,0,0,0,0,0,0,0,0,0,0,0,1,0.0,0.0,0.0,0.0,0.0,0.0
0,21.0,1,907.0,1,1,1,1,0,0,0,0,0,0,0,0,0,1,0,6.336825731146441,2.302585092994046,0.0,0.0,3.4339872044851463,6.403574197934815
0,26.0,0,979.0,0,1,1,1,0,0,1,0,1,0,0,0,0,1,0,2.8903717578961645,0.0,6.616065185132817,5.978885764901122,0.0,7.05444965813294
0,65.0,1,150.0,1,1,1,1,0,0,1,0,1,0,0,1,0,0,0,6.3784261836515865,5.2832037287379885,5.60947179518496,0.0,0.0,6.963189985870238
1,20.0,1,980.0,0,1,1,0,0,0,1,0,1,0,0,0,0,1,0,0.0,0.0,0.0,0.0,0.0,0.0
1,0.0,1,981.0,0,4,0,0,1,0,1,0,0,0,0,0,0,1,0,0.0,0.0,0.0,0.0,0.0,0.0
1,16.0,1,981.0,0,4,0,0,0,0,1,0,1,0,0,0,0,1,0,0.0,0.0,0.0,0.0,0.0,0.0
1,22.0,1,981.0,0,4,0,0,0,0,1,0,1,0,0,0,0,1,0,0.0,0.0,0.0,0.0,0.0,0.0
0,0.0,1,981.0,0,4,0,0,1,0,1,0,1,0,0,0,0,1,0,0.0,0.0,0.0,0.0,0.0,0.0
0,21.0,0,777.0,0,1,1,1,0,0,0,0,1,0,0,0,0,0,1,6.267200548541362,0.0,0.0,5.556828061699537,0.0,6.665683717782408
1,30.0,1,789.0,1,1,1,0,0,0,0,1,0,0,0,0,0,0,1,0.0,0.0,0.0,0.0,0.0,0.0
0,14.0,1,778.0,0,1,1,1,1,0,0,0,0,0,0,0,0,0,1,5.8971538676367405,3.8066624897703196,0.0,0.0,6.240275845170769,6.824373670043086
0,45.0,0,982.0,0,1,1,1,0,0,1,0,1,0,0,0,0,1,0,6.851184927493743,5.680172609017068,1.0986122886681096,0.0,0.0,7.122059881629142
0,22.0,0,983.0,0,1,1,1,0,0,0,0,1,0,0,0,0,1,0,0.0,0.0,0.0,2.995732273553991,6.666956792429207,6.690842277418564
1,21.0,1,984.0,0,1,1,0,0,0,1,0,1,0,0,0,0,1,0,0.0,0.0,0.0,0.0,0.0,0.0
0,37.0,0,301.0,0,1,1,1,0,0,0,0,1,0,0,0,1,0,0,6.297109319933935,6.089044875446846,0.6931471805599453,0.0,0.0,6.891625897052253
1,29.0,1,933.5,1,2,0,0,0,0,1,0,1,0,0,0,0,1,0,0.0,0.0,0.0,0.0,0.0,0.0
0,29.0,1,911.0,1,2,0,1,0,0,1,0,1,0,0,0,0,1,0,3.044522437723423,0.0,7.551186867296149,0.0,1.3862943611198906,7.563200592358071
0,21.0,1,912.0,1,1,1,1,0,0,0,0,1,0,0,0,0,1,0,0.0,5.293304824724492,6.327936783729195,2.995732273553991,3.8066624897703196,6.710523109452428
0,52.0,0,913.0,1,1,1,1,0,0,0,0,1,0,0,0,0,1,0,0.6931471805599453,2.639057329615259,1.3862943611198906,0.0,6.55250788703459,6.576469569048224
1,36.0,1,915.0,1,1,1,0,0,0,0,0,1,0,0,0,0,1,0,0.0,0.0,0.0,0.0,0.0,0.0
1,59.0,1,192.0,1,3,0,0,0,1,0,0,0,1,0,0,0,0,0,0.0,0.0,0.0,0.0,0.0,0.0
0,21.0,0,192.0,1,3,0,1,0,1,0,0,1,1,0,0,0,0,0,2.5649493574615367,7.526178913346146,0.0,7.231287004327616,5.883322388488279,8.19063168090354
0,25.0,0,192.0,1,3,0,1,0,1,0,0,1,1,0,0,0,0,0,3.091042453358316,7.67275789664251,0.0,7.584264818389059,9.450065682882071,9.73174978928182
0,23.0,0,152.0,1,1,1,1,0,0,1,0,1,0,0,1,0,0,0,7.72356247227797,0.0,5.030437921392435,4.672828834461906,4.110873864173311,7.8551570058813445
1,36.0,1,302.0,0,1,1,0,0,1,0,0,0,0,0,0,1,0,0,0.0,0.0,0.0,0.0,0.0,0.0
0,38.0,0,314.0,1,2,0,1,0,0,0,0,1,0,0,0,1,0,0,5.087596335232384,1.3862943611198906,0.0,6.437751649736401,0.0,6.670766320845874
1,0.0,1,791.0,1,2,0,0,1,0,0,0,1,0,0,0,0,0,1,0.0,0.0,0.0,0.0,0.0,0.0
0,19.0,1,917.0,1,1,1,1,0,0,0,0,1,0,0,0,0,1,0,0.0,0.0,6.551080335043404,2.9444389791664403,4.465908118654584,6.6895992691789665
0,30.0,1,986.0,0,1,1,1,0,0,0,0,1,0,0,0,0,1,0,5.003946305945459,0.0,0.0,6.429719478039138,3.5553480614894135,6.687108607866515
0,23.0,1,792.0,1,2,0,1,0,0,0,0,1,0,0,0,0,0,1,2.70805020110221,0.0,6.082218910376446,4.6443908991413725,5.8111409929767,6.78897174299217
0,55.0,1,792.0,1,2,0,1,0,0,0,0,1,0,0,0,0,0,1,5.802118375377063,4.74493212836325,0.0,1.0986122886681096,0.0,6.102558594613569
0,44.0,1,918.0,1,1,1,1,0,0,0,1,0,0,0,0,0,1,0,0.0,6.139884552226255,0.6931471805599453,5.153291594497779,0.0,6.456769655572163
0,30.0,0,153.0,0,1,1,1,0,1,0,0,1,0,1,0,0,0,0,8.418918622147897,5.3612921657094255,2.3978952727983707,5.062595033026967,2.5649493574615367,8.5016733797582
0,39.0,1,920.0,1,1,1,1,0,0,0,0,1,0,0,0,0,1,0,2.5649493574615367,2.1972245773362196,0.0,1.6094379124341003,6.625392368007956,6.656726524178391
0,19.0,0,782.0,0,1,1,1,0,0,0,0,0,0,0,0,0,0,1,6.049733455231958,0.0,0.0,0.0,0.0,6.049733455231958
0,24.0,0,783.0,0,1,1,1,0,0,0,0,1,0,0,0,0,0,1,0.0,6.77078942390898,2.8903717578961645,0.0,0.0,6.790097235513905
0,37.0,0,2.0,1,1,1,1,0,1,0,0,1,0,0,1,0,0,0,7.451241684987676,6.504288173536645,0.0,3.367295829986474,7.217443431696533,8.237214703349489
0,24.0,0,784.0,0,1,1,1,0,0,0,0,0,0,0,0,0,0,1,0.0,0.0,0.0,6.5998704992128365,3.091042453358316,6.628041376179533
0,17.0,1,922.0,1,1,1,1,0,0,0,0,1,0,0,0,0,1,0,0.0,0.0,7.53689712956617,4.962844630259907,1.0986122886681096,7.61085279039525
0,17.0,1,304.0,0,1,1,1,0,0,0,0,1,0,0,0,1,0,0,0.0,6.654152520183219,0.0,2.639057329615259,0.0,6.670766320845874
0,14.0,0,785.0,0,1,1,1,1,0,0,0,0,0,0,0,0,0,1,2.1972245773362196,0.0,0.0,0.0,5.176149732573829,5.220355825078325
0,13.0,0,990.0,0,1,1,1,1,0,0,1,0,0,0,0,0,1,0,0.0,6.416732282512326,0.0,0.0,0.0,6.416732282512326
0,35.0,1,191.0,1,1,1,1,0,1,0,0,0,0,1,0,0,0,0,0.0,7.035268599281097,0.0,0.0,8.263848131368906,8.520388082312756
0,32.0,1,925.0,1,2,0,1,0,0,1,0,1,0,0,0,0,1,0,6.484635235635252,0.0,6.486160788944089,0.0,0.0,7.177782416195197
1,18.0,1,925.0,1,2,0,0,0,0,1,0,1,0,0,0,0,1,0,0.0,0.0,0.0,0.0,0.0,0.0
0,21.0,1,926.0,1,1,1,1,0,0,0,0,1,0,0,0,0,1,0,6.272877006546167,2.1972245773362196,4.499809670330265,3.091042453358316,0.0,6.473890696352274
0,25.0,0,927.0,1,1,1,1,0,0,1,0,1,0,0,0,0,1,0,6.621405651764134,0.0,4.700480365792417,5.910796644040527,0.0,7.113142108707088
0,36.0,0,929.0,1,1,1,1,0,0,1,0,1,0,0,0,0,1,0,4.6913478822291435,0.0,6.848005274576363,6.759255270663693,0.0,7.555381944240273
0,20.0,0,786.0,0,1,1,1,0,0,0,0,1,0,0,0,0,0,1,5.8944028342648505,0.0,3.4657359027997265,2.5649493574615367,6.182084906716632,6.790097235513905
0,22.0,0,787.0,0,1,1,1,0,0,0,0,0,0,0,0,0,0,1,4.844187086458591,1.3862943611198906,0.0,7.174724309836376,0.0,7.268920128193722
1,27.0,1,315.0,1,1,1,0,0,0,1,0,1,0,0,0,1,0,0,0.0,0.0,0.0,0.0,0.0,0.0
0,27.0,0,193.0,1,1,1,1,0,1,0,0,1,1,0,0,0,0,0,2.302585092994046,7.616775808698373,0.0,3.044522437723423,7.516433302915632,8.268218880067506
1,38.0,1,788.0,0,1,1,0,0,0,0,0,1,0,0,0,0,0,1,0.0,0.0,0.0,0.0,0.0,0.0
1,23.0,0,316.0,1,1,1,0,0,0,1,0,1,0,0,0,1,0,0,0.0,0.0,0.0,0.0,0.0,0.0
0,21.0,1,930.0,1,1,1,1,0,0,1,0,1,0,0,0,0,1,0,4.31748811353631,0.0,6.570882962339584,0.0,6.220590170099739,7.162397497355718
0,18.0,0,931.0,1,1,1,1,0,0,0,0,1,0,0,0,0,1,0,0.0,0.0,7.479299637782834,7.158513997329321,2.1972245773362196,8.027150106832774
0,20.0,1,991.0,0,1,1,1,0,0,0,0,1,0,0,0,0,1,0,0.0,5.541263545158426,6.767343125265392,6.0063531596017325,0.0,7.331714969726466
1,28.0,1,192.0,1,1,1,0,0,1,0,0,1,0,1,0,0,0,0,0.0,0.0,0.0,0.0,0.0,0.0
0,57.0,0,794.0,1,1,1,1,0,0,0,1,0,0,0,0,0,0,1,5.616771097666572,2.1972245773362196,0.0,2.995732273553991,6.1463292576688975,6.643789733147672
0,10.0,1,795.0,1,2,0,0,1,0,0,0,0,0,0,0,0,0,1,0.0,0.0,0.0,0.0,0.0,0.0
0,23.0,1,932.0,1,2,0,1,0,0,0,0,1,0,0,0,0,1,0,0.0,0.0,6.774223886357614,0.0,0.0,6.774223886357614
1,22.0,1,194.0,1,2,0,0,0,1,0,0,1,1,0,0,0,0,0,0.0,0.0,0.0,0.0,0.0,0.0
1,24.0,1,194.0,1,2,0,0,0,1,0,0,0,1,0,0,0,0,0,0.0,0.0,0.0,0.0,0.0,0.0
0,52.0,0,796.0,1,1,1,1,0,0,0,0,1,0,0,0,0,0,1,3.8066624897703196,0.0,0.0,3.7612001156935624,7.4570320891223805,7.505492274737424
1,31.0,1,797.0,1,1,1,0,0,0,0,0,0,0,0,0,0,0,1,0.0,0.0,0.0,0.0,0.0,0.0
1,15.0,1,789.0,0,1,1,0,0,0,0,0,0,0,0,0,0,0,1,0.0,0.0,0.0,0.0,0.0,0.0
0,40.0,0,992.0,0,1,1,1,0,0,0,0,1,0,0,0,0,1,0,5.176149732573829,6.838405200847344,0.0,0.0,0.0,7.011213987350367
0,18.0,0,993.0,0,1,1,1,0,0,0,0,1,0,0,0,0,1,0,0.0,0.0,3.4657359027997265,7.660114319173928,0.0,7.674617497364363
0,28.0,1,933.0,1,1,1,1,0,0,0,0,1,0,0,0,0,1,0,6.473890696352274,0.6931471805599453,3.4965075614664802,4.276666119016055,4.948759890378168,6.79346613258001
1,40.0,1,799.0,1,2,0,0,0,0,0,0,1,0,0,0,0,0,1,0.0,0.0,0.0,0.0,0.0,0.0
0,32.0,1,799.0,1,2,0,1,0,0,0,1,0,0,0,0,0,0,1,2.1972245773362196,6.53813982376767,1.3862943611198906,1.791759469228055,0.0,6.561030665896573
0,35.0,0,994.0,0,1,1,1,0,0,0,1,0,0,0,0,0,1,0,0.0,0.0,1.0986122886681096,6.511745329644728,2.3978952727983707,6.529418838262226
0,52.0,0,790.0,0,2,0,1,0,0,0,0,1,0,0,0,0,0,1,0.0,6.731018100482083,0.6931471805599453,1.0986122886681096,2.1972245773362196,6.744059186311348
0,34.0,0,305.0,0,2,0,1,0,0,0,0,1,0,0,0,1,0,0,6.54534966033442,3.258096538021482,5.6240175061873385,0.0,0.0,6.904750769961838
1,46.0,0,791.0,0,1,1,0,0,0,0,0,1,0,0,0,0,0,1,0.0,0.0,0.0,0.0,0.0,0.0
0,23.0,0,995.0,0,1,1,1,0,0,0,0,0,0,0,0,0,1,0,4.143134726391533,0.0,0.0,0.6931471805599453,7.698029170272805,7.726212650507529
0,44.0,0,317.0,1,1,1,1,0,0,0,0,1,0,0,0,1,0,0,1.0986122886681096,0.0,0.0,6.670766320845874,0.0,6.673297967767654
0,59.0,0,997.0,0,1,1,1,0,0,0,0,0,0,0,0,0,1,0,6.133398042996649,4.941642422609304,0.0,0.6931471805599453,0.0,6.398594934535208
0,42.0,0,306.0,0,1,1,1,0,1,0,0,1,0,0,0,1,0,0,0.0,7.193685818395112,0.0,7.905441649060286,6.539585955617669,8.462314529906248
0,18.0,0,998.0,0,1,1,1,0,0,0,0,1,0,0,0,0,1,0,0.0,0.0,0.0,6.555356891810665,0.0,6.555356891810665
0,29.0,0,160.0,0,2,0,1,0,0,1,0,1,0,0,1,0,0,0,8.09712193091871,4.442651256490317,0.0,0.0,1.0986122886681096,8.12296471523406
1,15.0,1,999.0,0,2,0,0,0,0,1,0,1,0,0,0,0,1,0,0.0,0.0,0.0,0.0,0.0,0.0
0,19.0,1,1000.0,0,1,1,1,0,0,1,0,1,0,0,0,0,1,0,7.171656822768514,0.0,3.4657359027997265,0.6931471805599453,0.0,7.195937226475569
1,49.0,0,793.0,0,1,1,0,0,0,0,1,0,0,0,0,0,0,1,0.0,0.0,0.0,0.0,0.0,0.0
1,19.0,1,1001.0,0,1,1,0,0,0,1,0,1,0,0,0,0,1,0,0.0,0.0,0.0,0.0,0.0,0.0
0,36.0,1,195.0,1,1,1,1,0,1,0,0,0,1,0,0,0,0,0,0.6931471805599453,9.21333588095598,0.6931471805599453,7.426549072397305,3.332204510175204,9.37058672111828
1,59.0,1,794.0,0,1,1,0,0,0,0,0,0,0,0,0,0,0,1,0.0,0.0,0.0,0.0,0.0,0.0
1,24.0,1,802.0,1,1,1,0,0,0,0,0,0,0,0,0,0,0,1,0.0,0.0,0.0,0.0,0.0,0.0
1,4.0,1,935.0,1,3,0,0,1,0,1,0,1,0,0,0,0,1,0,0.0,0.0,0.0,0.0,0.0,0.0
1,20.0,1,935.0,1,3,0,0,0,0,1,0,1,0,0,0,0,1,0,0.0,0.0,0.0,0.0,0.0,0.0
0,24.0,1,935.0,1,3,0,1,0,0,1,0,1,0,0,0,0,1,0,5.568344503761097,0.0,6.660575149839686,0.0,0.0,6.948897222313312
0,31.0,0,1002.0,0,1,1,1,0,0,1,0,0,0,0,0,0,1,0,6.587550014824796,0.0,6.617402977974478,0.0,0.0,7.29505641646263
0,23.0,1,936.0,1,1,1,1,0,0,1,0,1,0,0,0,0,1,0,5.288267030694535,4.343805421853684,8.636929873018572,2.0794415416798357,0.0,8.68541582383069
0,3.0,1,937.0,1,4,0,0,1,0,1,0,1,0,0,0,0,1,0,0.0,0.0,0.0,0.0,0.0,0.0
1,22.0,1,937.0,1,4,0,0,0,0,1,0,1,0,0,0,0,1,0,0.0,0.0,0.0,0.0,0.0,0.0
0,20.0,1,937.0,1,4,0,0,0,0,1,0,1,0,0,0,0,1,0,0.0,0.0,0.0,0.0,0.0,0.0
0,0.0,1,937.0,1,4,0,0,1,0,1,0,1,0,0,0,0,1,0,0.0,0.0,0.0,0.0,0.0,0.0
1,13.0,1,1004.0,0,1,1,0,1,0,1,0,0,0,0,0,0,1,0,0.0,0.0,0.0,0.0,0.0,0.0
1,47.0,1,161.0,0,2,0,0,0,1,0,0,1,1,0,0,0,0,0,0.0,0.0,0.0,0.0,0.0,0.0
0,51.0,1,161.0,0,2,0,1,0,1,0,0,1,1,0,0,0,0,0,0.0,8.18088094199639,4.672828834461906,0.0,0.0,8.210124405164267
0,22.0,1,161.0,0,2,0,1,0,0,1,0,1,0,0,1,0,0,0,5.4116460518550396,0.0,6.447305862541213,2.70805020110221,0.0,6.7661917146603505
1,3.0,1,1005.0,0,2,0,0,1,0,1,0,0,0,0,0,0,1,0,0.0,0.0,0.0,0.0,0.0,0.0
0,4.0,1,938.0,1,4,0,0,1,0,1,0,1,0,0,0,0,1,0,0.0,0.0,0.0,0.0,0.0,0.0
0,16.0,0,938.0,1,4,0,1,0,0,1,0,1,0,0,0,0,1,0,7.642044402873258,0.0,2.3978952727983707,0.0,0.0,7.646831391430482
0,24.0,0,938.0,1,4,0,1,0,0,1,0,1,0,0,0,0,1,0,6.436150368369428,0.0,6.218600119691729,5.720311776607412,6.655440350367647,7.6984827878809465
1,1.0,1,938.0,1,4,0,0,1,0,1,0,1,0,0,0,0,1,0,0.0,0.0,0.0,0.0,0.0,0.0
0,31.0,0,1006.0,0,1,1,1,0,0,0,0,1,0,0,0,0,1,0,5.351858133476067,3.044522437723423,0.0,6.93537044601511,5.298317366548036,7.284134806195205
0,34.0,0,803.0,1,1,1,1,0,0,0,0,1,0,0,0,0,0,1,7.1252830915107115,6.09807428216624,0.0,3.1354942159291497,0.0,7.443663683115591
0,20.0,1,804.0,1,1,1,1,0,0,0,0,0,0,0,0,0,0,1,0.0,0.0,6.742880635791903,0.0,0.0,6.742880635791903
0,19.0,1,1007.0,0,1,1,1,0,0,0,0,1,0,0,0,0,1,0,0.0,7.639161171659173,0.0,0.0,0.0,7.639161171659173
1,19.0,1,805.0,1,1,1,0,0,0,0,0,1,0,0,0,0,0,1,0.0,0.0,0.0,0.0,0.0,0.0
0,35.0,0,1008.0,0,1,1,1,0,0,1,0,1,0,0,0,0,1,0,6.8966943316227125,0.0,6.7226297948554485,1.0986122886681096,0.0,7.507141079727608
1,3.0,1,806.0,1,2,0,0,1,0,0,0,1,0,0,0,0,0,1,0.0,0.0,0.0,0.0,0.0,0.0
1,36.0,1,806.0,1,2,0,0,0,0,0,0,1,0,0,0,0,0,1,0.0,0.0,0.0,0.0,0.0,0.0
1,20.0,1,1009.0,0,1,1,0,0,0,1,0,1,0,0,0,0,1,0,0.0,0.0,0.0,0.0,0.0,0.0
0,27.0,1,60.0,1,3,0,1,0,1,0,0,0,0,0,0,0,0,0,5.598421958998375,7.683403681053826,1.0986122886681096,1.0986122886681096,0.0,7.801800401908972
0,58.0,0,60.0,1,3,0,1,0,1,0,0,0,0,0,0,0,0,0,0.0,8.145839612936841,0.0,6.6039438246004725,7.693481640835175,8.760766624241956
0,56.0,0,60.0,1,3,0,1,0,1,0,0,1,0,0,0,0,0,0,5.0369526024136295,7.467942332285852,0.0,5.814130531825066,7.3395376954076745,8.236685322712457
1,27.0,1,798.0,0,1,1,0,0,0,0,1,0,0,0,0,0,0,1,0.0,0.0,0.0,0.0,0.0,0.0
1,25.0,0,799.0,0,1,1,0,0,0,0,0,1,0,0,0,0,0,1,0.0,0.0,0.0,0.0,0.0,0.0
1,39.0,0,800.0,0,1,1,0,0,0,0,1,0,0,0,0,0,0,1,0.0,0.0,0.0,0.0,0.0,0.0
0,43.0,1,1010.0,0,1,1,1,0,0,1,0,1,0,0,0,0,1,0,2.4849066497880004,0.0,7.168579897264035,3.6635616461296463,0.0,7.205635176410364
1,42.0,1,939.0,1,1,1,0,0,0,1,0,1,0,0,0,0,1,0,0.0,0.0,0.0,0.0,0.0,0.0
0,24.0,1,808.0,1,1,1,1,0,0,0,0,1,0,0,0,0,0,1,1.3862943611198906,6.926577033222725,6.5337888379333435,3.9318256327243257,0.0,7.472500744737558
1,19.0,1,809.0,1,1,1,0,0,0,0,0,1,0,0,0,0,0,1,0.0,0.0,0.0,0.0,0.0,0.0
0,32.0,0,810.0,1,1,1,1,0,0,0,0,1,0,0,0,0,0,1,0.0,5.4638318050256105,0.0,6.163314804034641,0.0,6.565264970035361
0,32.0,1,942.0,1,1,1,1,0,0,1,0,1,0,0,0,0,1,0,6.92461239604856,0.0,5.730099782973575,1.791759469228055,0.0,7.192182058713246
1,61.0,1,811.0,1,1,1,0,0,0,0,0,1,0,0,0,0,0,1,0.0,0.0,0.0,0.0,0.0,0.0
0,64.0,0,154.0,1,1,1,1,0,0,1,0,1,0,0,1,0,0,0,7.672292455628756,0.0,5.2574953720277815,4.0943445622221,0.0,7.7823903355874595
0,21.0,0,308.0,0,1,1,1,0,0,0,0,1,0,0,0,1,0,0,6.126869184114185,4.382026634673881,7.034387929915503,0.0,0.0,7.421177528595393
0,26.0,0,943.0,1,1,1,1,0,0,0,1,0,0,0,0,0,1,0,0.0,2.302585092994046,0.0,0.0,7.227662498728655,7.234177179749849
0,35.0,1,162.0,0,1,1,1,0,1,0,0,0,1,0,0,0,0,0,4.477336814478207,7.450079569807499,7.919719760924575,0.0,4.382026634673881,8.441607204459642
0,43.0,0,309.0,0,2,0,1,0,0,0,0,1,0,0,0,1,0,0,6.86484777797086,0.0,0.6931471805599453,0.0,3.6888794541139363,6.905753276311464
1,3.0,1,803.0,0,2,0,0,1,0,0,0,0,0,0,0,0,0,1,0.0,0.0,0.0,0.0,0.0,0.0
0,56.0,0,44.0,0,2,0,1,0,1,0,0,1,0,0,0,0,0,0,0.0,2.3978952727983707,0.0,9.139917907679637,7.111512116496157,9.264354960282422
1,45.0,1,933.5,1,2,0,0,0,1,0,0,0,0,0,0,0,1,0,0.0,0.0,0.0,0.0,0.0,0.0
1,25.0,1,813.0,1,3,0,0,0,0,0,1,0,0,0,0,0,0,1,0.0,0.0,0.0,0.0,0.0,0.0
0,12.0,1,813.0,1,3,0,0,1,0,0,0,1,0,0,0,0,0,1,0.0,0.0,0.0,0.0,0.0,0.0
1,2.0,1,813.0,1,3,0,0,1,0,0,1,0,0,0,0,0,0,1,0.0,0.0,0.0,0.0,0.0,0.0
0,46.0,1,945.0,1,2,0,1,0,0,0,0,1,0,0,0,0,1,0,0.0,1.6094379124341003,6.727431724850855,0.0,3.4965075614664802,6.769641976852503
0,32.0,0,945.0,1,2,0,1,0,0,0,0,1,0,0,0,0,1,0,7.921898411023797,4.836281906951478,2.302585092994046,0.0,4.6443908991413725,8.004365564979574
0,20.0,0,1015.0,0,1,1,1,0,0,0,0,1,0,0,0,0,1,0,0.0,5.883322388488279,5.662960480135946,0.0,0.0,6.470799503782602
1,24.0,0,804.0,0,1,1,0,0,0,0,1,0,0,0,0,0,0,1,0.0,0.0,0.0,0.0,0.0,0.0
0,28.0,0,805.0,0,3,0,1,0,0,0,0,1,0,0,0,0,0,1,0.0,0.0,0.0,6.78332520060396,0.0,6.78332520060396
0,12.0,0,805.0,0,3,0,0,1,0,0,0,1,0,0,0,0,0,1,0.0,0.0,0.0,0.0,0.0,0.0
0,11.0,0,805.0,0,3,0,0,1,0,0,0,1,0,0,0,0,0,1,0.0,0.0,0.0,0.0,0.0,0.0
0,16.0,1,946.0,1,3,0,1,0,0,0,0,1,0,0,0,0,1,0,0.0,6.646390514847729,0.0,0.0,2.0794415416798357,6.655440350367647
0,29.0,1,814.0,1,3,0,0,0,0,0,1,0,0,0,0,0,0,1,0.0,0.0,0.0,0.0,0.0,0.0
0,24.0,0,814.0,1,3,0,1,0,0,0,0,1,0,0,0,0,0,1,6.274762021241939,0.0,0.0,0.0,5.19295685089021,6.565264970035361
0,22.0,1,1016.0,0,1,1,1,0,0,0,0,1,0,0,0,0,1,0,4.127134385045092,0.0,5.3706380281276624,6.100318952020064,0.0,6.580639137284949
0,21.0,1,816.0,1,1,1,1,0,0,0,0,1,0,0,0,0,0,1,3.6109179126442243,5.093750200806762,0.0,6.3784261836515865,0.0,6.668228248417403
0,38.0,0,310.0,0,1,1,1,0,0,0,0,1,0,0,0,1,0,0,0.0,0.6931471805599453,0.0,6.668228248417403,0.0,6.669498089857879
1,35.0,0,164.0,0,1,1,0,0,1,0,0,1,1,0,0,0,0,0,0.0,0.0,0.0,0.0,0.0,0.0
0,79.0,0,806.0,0,1,1,1,0,0,0,0,1,0,0,0,0,0,1,6.415096959171596,0.0,0.0,5.303304908059076,1.791759469228055,6.704414354964107
0,22.0,0,1018.0,0,1,1,1,0,0,0,1,0,0,0,0,0,1,0,6.173786103901937,3.5553480614894135,0.0,3.4011973816621555,1.6094379124341003,6.304448802421981
0,42.0,1,807.0,0,1,1,1,0,0,0,0,0,0,0,0,0,0,1,6.466144724237619,5.645446897643238,0.0,0.0,0.0,6.829793737512425
1,34.0,1,949.0,1,1,1,0,0,0,1,0,1,0,0,0,0,1,0,0.0,0.0,0.0,0.0,0.0,0.0
1,52.0,1,156.0,0,1,1,0,0,1,0,0,1,0,1,0,0,0,0,0.0,0.0,0.0,0.0,0.0,0.0
1,43.0,1,818.0,1,1,1,0,0,0,0,0,1,0,0,0,0,0,1,0.0,0.0,0.0,0.0,0.0,0.0
0,30.0,0,950.0,1,1,1,1,0,0,0,0,1,0,0,0,0,1,0,7.02197642307216,0.0,0.0,0.0,6.678342114654332,7.557472901614746
1,35.0,1,808.0,0,1,1,0,0,0,0,0,1,0,0,0,0,0,1,0.0,0.0,0.0,0.0,0.0,0.0
1,18.0,0,809.0,0,1,1,0,0,0,0,0,1,0,0,0,0,0,1,0.0,0.0,0.0,0.0,0.0,0.0
1,27.0,1,165.0,0,1,1,0,0,1,0,0,1,1,0,0,0,0,0,0.0,0.0,0.0,0.0,0.0,0.0
0,46.0,0,1019.0,0,1,1,1,0,0,0,0,1,0,0,0,0,1,0,6.709304340258299,3.4657359027997265,0.0,3.912023005428146,1.0986122886681096,6.804614520062624
1,15.0,1,166.0,0,3,0,0,0,1,0,0,1,1,0,0,0,0,0,0.0,0.0,0.0,0.0,0.0,0.0
1,44.0,1,166.0,0,3,0,0,0,1,0,0,0,1,0,0,0,0,0,0.0,0.0,0.0,0.0,0.0,0.0
0,20.0,0,166.0,0,3,0,1,0,1,0,0,1,1,0,0,0,0,0,0.0,5.393627546352361,0.0,1.791759469228055,8.096817470572319,8.162801353492073
0,35.0,0,951.0,1,1,1,1,0,0,1,0,1,0,0,0,0,1,0,7.198931240688173,3.912023005428146,4.060443010546419,0.0,0.0,7.275172319452771
1,19.0,1,952.0,1,1,1,0,0,0,1,0,1,0,0,0,0,1,0,0.0,0.0,0.0,0.0,0.0,0.0
1,47.0,1,1020.0,0,1,1,0,0,0,1,0,1,0,0,0,0,1,0,0.0,0.0,0.0,0.0,0.0,0.0
0,26.0,0,1021.0,0,1,1,1,0,0,1,0,1,0,0,0,0,1,0,6.9411900550683745,5.153291594497779,3.295836866004329,0.0,6.251903883165888,7.4673710669175595
1,24.0,1,811.0,0,1,1,0,0,0,0,0,0,0,0,0,0,0,1,0.0,0.0,0.0,0.0,0.0,0.0
0,23.0,1,953.0,1,1,1,1,0,0,0,0,1,0,0,0,0,1,0,0.0,0.0,7.6511201757027,0.0,0.0,7.6511201757027
0,26.0,0,162.0,0,2,0,1,0,0,1,0,1,0,0,1,0,0,0,7.194436851100335,0.0,6.881411303642535,6.184148890937483,0.0,7.933438387627489
1,5.0,1,1022.0,0,2,0,0,1,0,1,0,1,0,0,0,0,1,0,0.0,0.0,0.0,0.0,0.0,0.0
0,35.0,0,194.0,1,1,1,1,0,1,0,0,0,0,1,0,0,0,0,4.007333185232471,6.202535517187923,2.5649493574615367,8.808668062106715,5.537334267018537,8.92319149068606
0,18.0,0,1023.0,0,1,1,1,0,0,1,0,1,0,0,0,0,1,0,6.996681488176539,3.4657359027997265,5.736572297479192,0.0,0.0,7.267525427828172
1,32.0,1,954.0,1,1,1,0,0,0,1,0,1,0,0,0,0,1,0,0.0,0.0,0.0,0.0,0.0,0.0
1,13.0,1,812.0,0,1,1,0,1,0,0,0,1,0,0,0,0,0,1,0.0,0.0,0.0,0.0,0.0,0.0
0,15.0,0,955.0,1,1,1,1,0,0,0,0,1,0,0,0,0,1,0,0.0,0.0,2.995732273553991,5.8664680569332965,5.7899601708972535,6.548219102762372
0,18.0,1,956.0,1,1,1,1,0,0,0,1,0,0,0,0,0,1,0,6.47543271670409,2.995732273553991,0.0,0.0,1.6094379124341003,6.51025834052315
0,41.0,1,167.0,0,1,1,1,0,1,0,0,1,1,0,0,0,0,0,1.6094379124341003,8.438149984075785,0.0,5.529429087511423,5.365976015021851,8.534640105019959
0,36.0,0,813.0,0,1,1,1,0,0,0,0,0,0,0,0,0,0,1,0.0,0.0,0.0,6.163314804034641,2.5649493574615367,6.18826412308259
0,33.0,0,1024.0,0,1,1,1,0,0,0,0,1,0,0,0,0,1,0,6.949856455000773,3.9318256327243257,0.0,2.302585092994046,0.0,7.00488198971286
0,41.0,0,321.0,1,1,1,1,0,0,0,0,0,0,0,0,1,0,0,1.6094379124341003,6.6039438246004725,0.0,3.9512437185814275,0.0,6.675823221634848
0,47.0,0,61.0,1,1,1,1,0,1,0,0,0,0,0,0,0,0,0,7.552237287560802,2.9444389791664403,0.0,4.499809670330265,8.392083380373393,8.767640577257792
1,32.0,1,322.0,1,1,1,0,0,1,0,0,1,0,0,0,1,0,0,0.0,0.0,0.0,0.0,0.0,0.0
0,36.0,0,824.0,1,1,1,1,0,0,0,0,1,0,0,0,0,0,1,0.0,3.970291913552122,2.1972245773362196,0.0,8.333510708982942,8.347827345782498
1,13.0,1,825.0,1,1,1,0,1,0,0,0,1,0,0,0,0,0,1,0.0,0.0,0.0,0.0,0.0,0.0
1,34.0,0,814.0,0,2,0,0,0,0,0,1,0,0,0,0,0,0,1,0.0,0.0,0.0,0.0,0.0,0.0
0,24.0,0,814.0,0,2,0,1,0,0,0,0,1,0,0,0,0,0,1,1.791759469228055,0.6931471805599453,2.0794415416798357,0.0,6.79794041297493,6.812345094177479
0,16.0,0,958.0,1,4,0,1,0,0,1,0,1,0,0,0,0,1,0,7.1592919047975645,0.0,2.70805020110221,7.234898420314831,0.0,7.895808377083183
1,12.0,1,958.0,1,4,0,0,1,0,1,0,1,0,0,0,0,1,0,0.0,0.0,0.0,0.0,0.0,0.0
0,24.0,1,958.0,1,4,0,1,0,0,1,0,1,0,0,0,0,1,0,7.05444965813294,0.0,0.0,4.882801922586371,0.0,7.161622002939187
0,35.0,0,958.0,1,4,0,1,0,0,1,0,1,0,0,0,0,1,0,7.176254532017144,0.0,0.0,1.0986122886681096,0.0,7.177782416195197
0,26.0,0,195.0,1,2,0,1,0,1,0,0,1,0,1,0,0,0,0,0.0,3.091042453358316,9.251962046667002,7.2254814727822945,8.88447171813916,9.85413973290579
0,39.0,0,195.0,1,2,0,1,0,1,0,0,0,0,1,0,0,0,0,2.3978952727983707,5.298317366548036,0.0,8.735042754269337,4.624972813284271,8.783702698635217
0,18.0,1,1026.0,0,1,1,1,0,0,0,0,1,0,0,0,0,1,0,2.1972245773362196,0.6931471805599453,1.6094379124341003,6.040254711277414,5.720311776607412,6.602587892189336
0,23.0,0,826.0,1,2,0,1,0,0,0,0,1,0,0,0,0,0,1,0.0,5.945420608606575,4.962844630259907,0.0,5.568344503761097,6.665683717782408
1,29.0,1,826.0,1,2,0,0,0,0,0,1,0,0,0,0,0,0,1,0.0,0.0,0.0,0.0,0.0,0.0
0,38.0,1,933.5,1,1,1,0,0,0,0,0,1,0,0,0,0,1,0,0.0,0.0,0.0,0.0,0.0,0.0
0,31.0,0,1028.0,0,1,1,1,0,0,0,0,1,0,0,0,0,1,0,6.073044534100405,4.718498871295094,5.476463551931511,4.465908118654584,0.0,6.767343125265392
0,49.0,0,324.0,1,1,1,1,0,0,1,0,1,0,0,0,1,0,0,7.0707241072602764,0.0,3.044522437723423,4.6443908991413725,0.0,7.170119543449628
1,17.0,1,961.0,1,2,0,0,0,0,1,0,1,0,0,0,0,1,0,0.0,0.0,0.0,0.0,0.0,0.0
0,23.0,1,961.0,1,2,0,1,0,0,1,0,0,0,0,0,0,1,0,5.43372200355424,7.280697195384741,6.816735880594968,1.3862943611198906,0.0,7.861341795599989
1,15.0,1,816.0,0,1,1,0,0,0,0,0,0,0,0,0,0,0,1,0.0,0.0,0.0,0.0,0.0,0.0
1,11.0,1,963.0,1,3,0,0,1,0,1,0,1,0,0,0,0,1,0,0.0,0.0,0.0,0.0,0.0,0.0
0,30.0,0,963.0,1,3,0,1,0,0,1,1,0,0,0,0,0,1,0,6.398594934535208,3.4657359027997265,0.6931471805599453,6.492239835020471,5.2574953720277815,7.301822342137932
1,42.0,1,963.0,1,3,0,0,0,0,1,0,1,0,0,0,0,1,0,0.0,0.0,0.0,0.0,0.0,0.0
0,21.0,0,1030.0,0,1,1,1,0,0,0,0,0,0,0,0,0,1,0,6.461468176353717,0.0,0.0,0.0,0.0,6.461468176353717
1,41.0,1,157.0,0,4,0,0,0,1,0,0,0,0,1,0,0,0,0,0.0,0.0,0.0,0.0,0.0,0.0
1,14.0,1,157.0,0,4,0,0,1,1,0,0,1,0,1,0,0,0,0,0.0,0.0,0.0,0.0,0.0,0.0
0,27.0,0,157.0,0,4,0,1,0,1,0,0,0,0,1,0,0,0,0,0.0,6.7661917146603505,0.0,3.044522437723423,7.22402480828583,7.7226775164680035
0,29.0,0,157.0,0,4,0,1,0,1,0,0,0,0,1,0,0,0,0,6.274762021241939,6.037870919922137,0.0,0.0,9.119320973589014,9.218110109240543
1,25.0,1,196.0,1,2,0,0,0,1,0,0,1,0,1,0,0,0,0,0.0,0.0,0.0,0.0,0.0,0.0
0,54.0,1,196.0,1,2,0,1,0,1,0,0,1,0,1,0,0,0,0,0.0,9.017604776833355,0.0,4.04305126783455,4.77912349311153,9.038483865029992
0,46.0,0,325.0,1,1,1,1,0,0,0,0,1,0,0,0,1,0,0,6.879355804460439,0.0,3.044522437723423,0.0,1.791759469228055,6.904750769961838
0,18.0,1,830.0,1,1,1,1,0,0,0,0,1,0,0,0,0,0,1,0.0,6.678342114654332,2.833213344056216,0.0,0.0,6.698268054115413
0,22.0,0,62.0,1,1,1,1,0,1,0,0,0,0,0,0,0,0,0,7.581719640125308,4.418840607796598,0.0,8.0149968943483,7.786136437783072,8.919319398258887
1,29.0,1,326.0,1,2,0,0,0,1,0,0,0,0,0,0,1,0,0,0.0,0.0,0.0,0.0,0.0,0.0
0,26.0,0,326.0,1,2,0,1,0,1,0,0,0,0,0,0,1,0,0,6.408528791059498,6.985641817639208,0.0,7.60688453121963,0.0,8.21554741194707
0,36.0,1,964.0,1,1,1,1,0,0,0,0,0,0,0,0,0,1,0,0.0,7.500529485395295,0.0,5.84354441703136,0.0,7.674617497364363
0,19.0,1,314.0,0,1,1,0,0,0,0,0,1,0,0,0,1,0,0,0.0,0.0,0.0,0.0,0.0,0.0
0,56.0,0,965.0,1,1,1,1,0,0,0,1,0,0,0,0,0,1,0,7.177782416195197,0.0,4.248495242049359,0.6931471805599453,0.0,7.22983877815125
0,20.0,1,966.0,1,1,1,1,0,0,0,0,1,0,0,0,0,1,0,6.297109319933935,5.170483995038151,0.0,1.791759469228055,0.0,6.583409222158765
0,10.0,0,817.0,0,2,0,0,1,0,0,0,1,0,0,0,0,0,1,0.0,0.0,0.0,0.0,0.0,0.0
1,14.0,0,817.0,0,2,0,0,1,0,0,1,0,0,0,0,0,0,1,0.0,0.0,0.0,0.0,0.0,0.0
1,27.0,1,1033.0,0,1,1,0,0,0,1,0,0,0,0,0,0,1,0,0.0,0.0,0.0,0.0,0.0,0.0
0,35.0,0,967.0,1,1,1,1,0,0,1,0,1,0,0,0,0,1,0,8.435766192720509,0.0,6.831953565565855,5.948034989180646,0.0,8.685584842676693
0,13.0,0,818.0,0,1,1,1,1,0,0,0,1,0,0,0,0,0,1,0.0,0.0,4.110873864173311,0.6931471805599453,8.546363568716018,8.558143177745192
0,21.0,0,969.0,1,1,1,1,0,0,0,0,1,0,0,0,0,1,0,0.6931471805599453,0.0,4.969813299576001,6.326149473155099,0.6931471805599453,6.556778356158042
1,22.0,0,820.0,0,1,1,0,0,0,0,0,1,0,0,0,0,0,1,0.0,0.0,0.0,0.0,0.0,0.0
1,29.0,0,315.0,0,2,0,0,0,1,0,0,1,0,0,0,1,0,0,0.0,0.0,0.0,0.0,0.0,0.0
0,32.0,0,315.0,0,2,0,1,0,1,0,0,1,0,0,0,1,0,0,9.00601857490256,7.627057417018934,7.560080465021827,8.902863672196222,6.626717749249025,9.914872497402692
0,20.0,1,970.0,1,1,1,1,0,0,0,0,1,0,0,0,0,1,0,0.0,2.772588722239781,6.1224928095143865,4.564348191467836,0.0,6.338594078203183
0,44.0,0,1036.0,0,1,1,1,0,0,1,0,1,0,0,0,0,1,0,7.853993087224244,1.3862943611198906,3.044522437723423,0.0,0.0,7.8628820346414905
0,22.0,1,972.0,1,1,1,1,0,0,0,0,0,0,0,0,0,1,0,0.0,0.0,0.0,7.3783837129967145,5.1298987149230735,7.478169694159785
0,39.0,0,170.0,0,2,0,1,0,1,0,0,1,1,0,0,0,0,0,8.27563105457801,7.616283561580385,0.0,7.302496423727326,6.416732282512326,8.993551586299981
0,19.0,1,170.0,0,2,0,1,0,1,0,0,1,1,0,0,0,0,0,0.0,8.229777750081887,0.0,0.0,3.7376696182833684,8.240648863374913
0,0.0,0,821.0,0,6,0,0,1,0,0,0,1,0,0,0,0,0,1,0.0,0.0,0.0,0.0,0.0,0.0
1,0.0,0,821.0,0,6,0,0,1,0,0,0,1,0,0,0,0,0,1,0.0,0.0,0.0,0.0,0.0,0.0
0,12.0,1,821.0,0,6,0,0,1,0,0,1,0,0,0,0,0,0,1,0.0,0.0,0.0,0.0,0.0,0.0
1,7.0,0,821.0,0,6,0,0,1,0,0,0,1,0,0,0,0,0,1,0.0,0.0,0.0,0.0,0.0,0.0
0,32.0,0,316.0,0,6,0,1,0,0,0,1,0,0,0,0,1,0,0,6.677083461247136,0.0,0.0,0.0,0.0,6.677083461247136
0,11.0,1,821.0,0,6,0,0,1,0,0,0,1,0,0,0,0,0,1,0.0,0.0,0.0,0.0,0.0,0.0
0,18.0,0,973.0,1,1,1,1,0,0,0,0,0,0,0,0,0,1,0,7.294377299288821,4.0943445622221,4.564348191467836,7.01211529430638,5.802118375377063,8.027802848370312
0,49.0,0,158.0,0,1,1,1,0,1,0,0,0,0,1,0,0,0,0,2.302585092994046,5.19295685089021,0.0,1.3862943611198906,8.970304952991755,8.994296557777195
1,61.0,1,1038.0,0,1,1,0,0,0,1,0,1,0,0,0,0,1,0,0.0,0.0,0.0,0.0,0.0,0.0
1,7.0,1,823.0,0,3,0,0,1,0,0,0,0,0,0,0,0,0,1,0.0,0.0,0.0,0.0,0.0,0.0
0,25.0,1,823.0,0,3,0,1,0,0,0,0,1,0,0,0,0,0,1,0.0,5.204006687076795,6.51025834052315,0.0,0.0,6.748759547491679
0,51.0,1,1039.0,0,3,0,1,0,0,0,0,0,0,0,0,0,1,0,1.9459101490553132,0.0,6.561030665896573,0.0,0.0,6.569481420414296
1,56.0,1,317.0,0,1,1,0,0,1,0,0,1,0,0,0,1,0,0,0.0,0.0,0.0,0.0,0.0,0.0
0,31.0,1,833.0,1,1,1,1,0,0,0,0,1,0,0,0,0,0,1,3.258096538021482,6.569481420414296,0.0,2.833213344056216,0.0,6.625392368007956
1,16.0,1,933.5,1,1,1,0,0,0,0,1,0,0,0,0,0,1,0,0.0,0.0,0.0,0.0,0.0,0.0
1,29.0,1,834.0,1,1,1,0,0,0,0,0,1,0,0,0,0,0,1,0.0,0.0,0.0,0.0,0.0,0.0
1,17.0,1,825.0,0,1,1,0,0,0,0,1,0,0,0,0,0,0,1,0.0,0.0,0.0,0.0,0.0,0.0
0,47.0,1,835.0,1,1,1,1,0,0,0,1,0,0,0,0,0,0,1,4.430816798843313,0.6931471805599453,0.0,6.484635235635252,1.3862943611198906,6.60934924316738
0,25.0,0,171.0,0,3,0,1,0,1,0,0,1,1,0,0,0,0,0,0.0,1.3862943611198906,0.0,6.638567789166521,8.17244681834278,8.36822903827628
0,28.0,0,171.0,0,3,0,1,0,1,0,0,1,1,0,0,0,0,0,3.4011973816621555,5.978885764901122,0.0,6.569481420414296,8.380456667842767,8.611775833902186
0,32.0,0,171.0,0,3,0,1,0,1,0,0,1,1,0,0,0,0,0,0.0,6.040254711277414,0.0,7.59337419312129,6.257667587882639,7.981049759665957
1,56.0,1,198.0,1,3,0,0,0,1,0,0,0,0,1,0,0,0,0,0.0,0.0,0.0,0.0,0.0,0.0
1,25.0,1,198.0,1,3,0,0,0,1,0,0,0,0,1,0,0,0,0,0.0,0.0,0.0,0.0,0.0,0.0
1,13.0,1,198.0,1,3,0,0,1,1,0,0,1,0,1,0,0,0,0,0.0,0.0,0.0,0.0,0.0,0.0
1,41.0,1,199.0,1,2,0,0,0,1,0,0,1,0,1,0,0,0,0,0.0,0.0,0.0,0.0,0.0,0.0
1,28.0,1,199.0,1,2,0,0,0,1,0,0,0,0,1,0,0,0,0,0.0,0.0,0.0,0.0,0.0,0.0
1,25.0,1,980.0,1,2,0,0,0,0,1,0,1,0,0,0,0,1,0,0.0,0.0,0.0,0.0,0.0,0.0
1,11.0,1,980.0,1,2,0,0,1,0,1,0,1,0,0,0,0,1,0,0.0,0.0,0.0,0.0,0.0,0.0
0,20.0,0,320.0,0,1,1,0,0,0,1,0,1,0,0,0,1,0,0,0.0,0.0,0.0,0.0,0.0,0.0
0,24.0,1,981.0,1,1,1,1,0,0,0,0,1,0,0,0,0,1,0,0.0,6.142037405587356,5.7745515455444085,0.0,4.51085950651685,6.775366090936392
0,41.0,0,1044.0,0,1,1,1,0,0,0,0,1,0,0,0,0,1,0,5.54907608489522,4.700480365792417,0.0,5.831882477283517,0.0,6.559615237493242
0,29.0,0,982.0,1,1,1,1,0,0,0,0,0,0,0,0,0,1,0,0.0,0.0,3.1354942159291497,6.6052979209482015,0.0,6.634633357861686
1,59.0,1,200.0,1,1,1,0,0,1,0,0,0,0,1,0,0,0,0,0.0,0.0,0.0,0.0,0.0,0.0
0,31.0,1,837.0,1,2,0,1,0,0,0,0,1,0,0,0,0,0,1,0.0,6.522092798170152,0.0,0.0,5.365976015021851,6.794586580876499
0,16.0,0,983.0,1,2,0,1,0,0,0,0,1,0,0,0,0,1,0,3.784189633918261,0.0,0.0,7.546446273746024,4.787491742782046,7.628517626575055
0,65.0,0,1045.0,0,2,0,1,0,0,1,0,1,0,0,0,0,1,0,4.04305126783455,0.0,6.9865664594064265,3.091042453358316,0.0,7.055312843339752
0,21.0,1,1045.0,0,2,0,1,0,0,1,0,1,0,0,0,0,1,0,0.0,0.6931471805599453,7.949091499830517,0.0,0.0,7.949444420250626
1,27.0,1,827.0,0,1,1,0,0,0,0,0,1,0,0,0,0,0,1,0.0,0.0,0.0,0.0,0.0,0.0
1,37.0,1,838.0,1,1,1,0,0,0,0,0,1,0,0,0,0,0,1,0.0,0.0,0.0,0.0,0.0,0.0
0,42.0,0,828.0,0,1,1,1,0,0,0,0,1,0,0,0,0,0,1,8.527143522269405,6.169610732491456,0.0,0.0,0.0,8.617400451833262
0,36.0,1,829.0,0,8,0,1,0,0,0,0,0,0,0,0,0,0,1,0.0,0.0,6.741700694652055,0.0,0.0,6.741700694652055
1,24.0,0,829.0,0,8,0,0,0,0,0,1,0,0,0,0,0,0,1,0.0,0.0,0.0,0.0,0.0,0.0
1,27.0,1,829.0,0,8,0,0,0,0,0,1,0,0,0,0,0,0,1,0.0,0.0,0.0,0.0,0.0,0.0
0,19.0,0,1046.0,0,8,0,1,0,0,0,0,0,0,0,0,0,1,0,4.68213122712422,0.0,6.226536669287466,3.8918202981106265,0.0,6.493753839851687
0,26.0,0,1046.0,0,8,0,1,0,0,0,0,1,0,0,0,0,1,0,0.0,6.814542897259958,2.639057329615259,2.3978952727983707,2.772588722239781,6.855408798609928
1,19.0,1,829.0,0,8,0,0,0,0,0,0,0,0,0,0,0,0,1,0.0,0.0,0.0,0.0,0.0,0.0
0,26.0,0,1046.0,0,8,0,1,0,0,0,0,1,0,0,0,0,1,0,7.332369205929062,0.6931471805599453,0.0,0.0,0.0,7.333023014386481
0,35.0,0,1046.0,0,8,0,1,0,0,0,0,1,0,0,0,0,1,0,0.0,4.762173934797756,3.9512437185814275,0.0,6.553933404025811,6.767343125265392
0,24.0,0,984.0,1,1,1,1,0,0,0,0,0,0,0,0,0,1,0,0.0,0.0,0.0,6.558197802812269,0.0,6.558197802812269
0,9.0,1,839.0,1,1,1,0,1,0,0,0,1,0,0,0,0,0,1,0.0,0.0,0.0,0.0,0.0,0.0
0,40.0,1,47.0,0,1,1,1,0,1,0,0,0,0,0,0,0,0,0,0.0,8.246958032568177,0.0,5.777652323222656,0.0,8.327967858305488
1,23.0,1,840.0,1,1,1,0,0,0,0,1,0,0,0,0,0,0,1,0.0,0.0,0.0,0.0,0.0,0.0
0,4.0,1,1050.0,0,4,0,0,1,0,1,0,1,0,0,0,0,1,0,0.0,0.0,0.0,0.0,0.0,0.0
0,20.0,0,1050.0,0,4,0,1,0,0,1,0,1,0,0,0,0,1,0,6.756932389247553,1.3862943611198906,0.0,6.84587987526405,0.0,7.496652438168283
1,21.0,1,1050.0,0,4,0,0,0,0,1,0,1,0,0,0,0,1,0,0.0,0.0,0.0,0.0,0.0,0.0
0,4.0,1,1050.0,0,4,0,0,1,0,1,0,1,0,0,0,0,1,0,0.0,0.0,0.0,0.0,0.0,0.0
1,19.0,1,830.0,0,1,1,0,0,0,0,0,1,0,0,0,0,0,1,0.0,0.0,0.0,0.0,0.0,0.0
1,18.0,1,841.0,1,1,1,0,0,0,0,0,1,0,0,0,0,0,1,0.0,0.0,0.0,0.0,0.0,0.0
0,26.0,1,986.0,1,1,1,1,0,0,0,0,0,0,0,0,0,1,0,2.0794415416798357,6.62273632394984,0.0,3.6635616461296463,0.0,6.680854678790215
0,13.0,0,1051.0,0,2,0,1,1,0,0,0,1,0,0,0,0,1,0,0.0,4.1588830833596715,4.007333185232471,3.044522437723423,6.821107472256465,6.960347729101308
1,16.0,1,831.0,0,2,0,0,0,0,0,0,1,0,0,0,0,0,1,0.0,0.0,0.0,0.0,0.0,0.0
1,14.0,1,1052.0,0,1,1,0,1,0,1,0,1,0,0,0,0,1,0,0.0,0.0,0.0,0.0,0.0,0.0
0,40.0,0,199.0,1,1,1,1,0,1,0,0,1,1,0,0,0,0,0,0.0,6.317164686747284,2.3978952727983707,7.933079771880415,3.970291913552122,8.132412674500905
0,34.0,0,321.0,0,1,1,1,0,0,1,0,1,0,0,0,1,0,0,3.6635616461296463,0.0,6.408528791059498,0.0,6.003887067106539,6.955592608396297
1,21.0,1,200.0,1,2,0,0,0,1,0,0,0,1,0,0,0,0,0,0.0,0.0,0.0,0.0,0.0,0.0
0,29.0,1,200.0,1,2,0,1,0,1,0,0,1,1,0,0,0,0,0,0.0,8.342601680684194,5.429345628954441,0.6931471805599453,7.255591274253665,8.672828482947686
0,40.0,1,844.0,1,1,1,1,0,0,0,0,1,0,0,0,0,0,1,6.703188113240863,2.5649493574615367,1.0986122886681096,0.0,4.382026634673881,6.811244378601294
0,16.0,0,1054.0,0,1,1,1,0,0,0,0,1,0,0,0,0,1,0,0.0,0.6931471805599453,0.0,0.0,4.127134385045092,4.143134726391533
0,37.0,0,832.0,0,1,1,1,0,0,0,0,1,0,0,0,0,0,1,6.597145701886651,0.0,0.0,5.056245805348308,0.0,6.790097235513905
1,41.0,1,156.0,1,1,1,0,0,0,1,0,0,0,0,1,0,0,0,0.0,0.0,0.0,0.0,0.0,0.0
1,16.0,1,988.0,1,2,0,0,0,0,1,0,0,0,0,0,0,1,0,0.0,0.0,0.0,0.0,0.0,0.0
0,39.0,0,988.0,1,2,0,1,0,0,1,0,0,0,0,0,0,1,0,4.59511985013459,0.0,4.836281906951478,0.0,6.9874902470009905,7.174724309836376
1,30.0,1,322.0,0,2,0,0,0,0,0,0,1,0,0,0,1,0,0,0.0,0.0,0.0,0.0,0.0,0.0
0,40.0,1,322.0,0,2,0,1,0,0,0,0,1,0,0,0,1,0,0,5.0238805208462765,0.0,6.570882962339584,0.0,0.0,6.762729506931879
0,63.0,1,989.0,1,1,1,1,0,0,0,0,1,0,0,0,0,1,0,0.0,5.641907070938114,4.553876891600541,0.0,5.602118820879701,6.470799503782602
0,32.0,1,163.0,0,1,1,1,0,0,1,0,1,0,0,1,0,0,0,5.948034989180646,0.0,6.169610732491456,3.1354942159291497,1.0986122886681096,6.784457062637643
0,47.0,0,990.0,1,1,1,1,0,0,0,0,1,0,0,0,0,1,0,0.6931471805599453,2.8903717578961645,0.0,6.975413927455952,0.0,6.992096427415888
0,23.0,0,1056.0,0,1,1,1,0,0,0,0,0,0,0,0,0,1,0,0.0,5.726847747587197,5.973809611869261,2.302585092994046,2.639057329615259,6.580639137284949
0,23.0,0,991.0,1,1,1,1,0,0,0,0,1,0,0,0,0,1,0,0.0,2.0794415416798357,0.0,5.25227342804663,6.218600119691729,6.54965074223381
1,19.0,1,1057.0,0,1,1,0,0,0,1,0,1,0,0,0,0,1,0,0.0,0.0,0.0,0.0,0.0,0.0
1,44.0,1,159.0,0,2,0,0,0,1,0,0,0,0,1,0,0,0,0,0.0,0.0,0.0,0.0,0.0,0.0
0,29.0,0,159.0,0,2,0,1,0,1,0,0,1,0,1,0,0,0,0,1.9459101490553132,1.791759469228055,0.0,8.738094230177667,6.075346031088684,8.807022955925477
0,21.0,0,834.0,0,1,1,1,0,0,0,0,1,0,0,0,0,0,1,6.368187186350492,0.0,0.0,5.003946305945459,3.9889840465642745,6.664409020350408
0,23.0,0,323.0,0,1,1,1,0,0,0,0,1,0,0,0,1,0,0,6.3578422665081,5.337538079701318,0.0,0.0,2.302585092994046,6.675823221634848
0,26.0,1,201.0,1,1,1,0,0,1,0,0,1,1,0,0,0,0,0,0.0,0.0,0.0,0.0,0.0,0.0
1,47.0,1,160.0,0,1,1,0,0,1,0,0,0,0,1,0,0,0,0,0.0,0.0,0.0,0.0,0.0,0.0
1,20.0,1,835.0,0,1,1,0,0,0,0,1,0,0,0,0,0,0,1,0.0,0.0,0.0,0.0,0.0,0.0
0,48.0,1,175.0,0,1,1,0,0,1,0,0,1,1,0,0,0,0,0,0.0,0.0,0.0,0.0,0.0,0.0
1,4.0,1,836.0,0,2,0,0,1,0,0,0,1,0,0,0,0,0,1,0.0,0.0,0.0,0.0,0.0,0.0
0,25.0,1,836.0,0,2,0,1,0,0,0,0,1,0,0,0,0,0,1,5.777652323222656,0.0,4.406719247264253,1.3862943611198906,5.700443573390686,6.558197802812269
0,0.0,1,837.0,0,1,1,0,1,0,0,0,1,0,0,0,0,0,1,0.0,0.0,0.0,0.0,0.0,0.0
0,29.0,0,330.0,1,1,1,1,0,0,1,0,1,0,0,0,1,0,0,6.261491684321042,0.0,3.091042453358316,1.6094379124341003,6.699500340161678,7.215239978730097
0,21.0,0,1058.0,0,1,1,1,0,0,0,0,1,0,0,0,0,1,0,3.7376696182833684,6.480044561926653,1.0986122886681096,3.4011973816621555,0.0,6.584791392385716
0,20.0,0,324.0,0,1,1,1,0,0,0,0,1,0,0,0,1,0,0,6.856461984594587,0.0,0.0,1.791759469228055,0.0,6.86171134048073
0,34.0,0,838.0,0,3,0,1,0,0,0,0,1,0,0,0,0,0,1,0.0,5.081404364984463,0.0,6.416732282512326,3.8066624897703196,6.704414354964107
1,9.0,1,838.0,0,3,0,0,1,0,0,0,1,0,0,0,0,0,1,0.0,0.0,0.0,0.0,0.0,0.0
1,12.0,0,838.0,0,3,0,0,1,0,0,0,1,0,0,0,0,0,1,0.0,0.0,0.0,0.0,0.0,0.0
0,13.0,0,994.0,1,1,1,1,1,0,0,0,1,0,0,0,0,1,0,0.0,0.0,0.0,0.0,7.322510433997394,7.322510433997394
1,27.0,1,995.0,1,1,1,0,0,0,1,0,1,0,0,0,0,1,0,0.0,0.0,0.0,0.0,0.0,0.0
0,34.0,1,202.0,1,1,1,1,0,1,0,0,1,0,1,0,0,0,0,0.0,6.818924065275521,0.0,7.797291273547472,6.473890696352274,8.292798858200374
1,18.0,1,176.0,0,2,0,0,0,1,0,0,1,1,0,0,0,0,0,0.0,0.0,0.0,0.0,0.0,0.0
1,16.0,1,176.0,0,2,0,0,0,1,0,0,0,1,0,0,0,0,0,0.0,0.0,0.0,0.0,0.0,0.0
1,43.0,1,839.0,0,2,0,0,0,0,0,0,1,0,0,0,0,0,1,0.0,0.0,0.0,0.0,0.0,0.0
1,0.0,0,839.0,0,2,0,0,1,0,0,0,1,0,0,0,0,0,1,0.0,0.0,0.0,0.0,0.0,0.0
0,20.0,1,325.0,0,1,1,1,0,0,0,0,1,0,0,0,1,0,0,0.0,1.6094379124341003,6.635946555686647,3.1354942159291497,0.6931471805599453,6.670766320845874
0,45.0,0,1059.0,0,1,1,1,0,0,1,0,1,0,0,0,0,1,0,6.778784897685177,0.0,6.066108090103747,0.0,0.0,7.1770187659099
0,35.0,0,158.0,1,1,1,1,0,1,0,0,1,0,0,1,0,0,0,0.0,6.587550014824796,8.13622555490846,0.0,0.6931471805599453,8.328934041955529
0,21.0,0,1060.0,0,1,1,1,0,0,0,0,1,0,0,0,0,1,0,7.581719640125308,4.574710978503383,0.0,4.007333185232471,3.713572066704308,7.674152921281675
1,14.0,1,840.0,0,1,1,0,1,0,0,0,1,0,0,0,0,0,1,0.0,0.0,0.0,0.0,0.0,0.0
0,46.0,0,1061.0,0,1,1,1,0,0,0,1,0,0,0,0,0,1,0,0.0,5.0369526024136295,0.0,0.0,5.986452005284438,6.311734809152915
0,22.0,0,997.0,1,3,0,1,0,0,0,0,1,0,0,0,0,1,0,5.568344503761097,0.0,0.0,4.68213122712422,7.0326242610280065,7.313886831633462
0,2.0,1,845.0,1,3,0,0,1,0,0,0,1,0,0,0,0,0,1,0.0,0.0,0.0,0.0,0.0,0.0
0,3.0,1,845.0,1,3,0,0,1,0,0,0,1,0,0,0,0,0,1,0.0,0.0,0.0,0.0,0.0,0.0
1,28.0,1,841.0,0,3,0,0,0,0,0,0,0,0,0,0,0,0,1,0.0,0.0,0.0,0.0,0.0,0.0
0,60.0,0,1062.0,0,3,0,1,0,0,0,1,0,0,0,0,0,1,0,0.0,0.0,6.672032945461067,5.648974238161206,1.3862943611198906,6.98100574072173
0,48.0,0,841.0,0,3,0,1,0,0,0,1,0,0,0,0,0,0,1,0.0,1.0986122886681096,4.290459441148391,6.318968113746434,4.969813299576001,6.648984550024776
0,18.0,1,331.0,1,2,0,1,0,0,0,0,0,0,0,0,1,0,0,3.9512437185814275,5.8289456176102075,0.6931471805599453,0.0,6.07993319509559,6.71901315438526
0,31.0,0,998.0,1,2,0,1,0,0,0,0,1,0,0,0,0,1,0,7.21890970761906,0.0,0.0,0.0,3.091042453358316,7.234177179749849
1,26.0,1,163.0,0,2,0,0,0,1,0,0,0,0,1,0,0,0,0,0.0,0.0,0.0,0.0,0.0,0.0
0,41.0,0,163.0,0,2,0,1,0,1,0,0,0,0,1,0,0,0,0,6.576469569048224,6.464588303689961,1.0986122886681096,7.352441100243583,8.482394685873542,8.955190024526887
0,26.0,1,999.0,1,1,1,1,0,0,0,0,1,0,0,0,0,1,0,5.1298987149230735,0.0,5.948034989180646,5.117993812416755,0.0,6.57507584059962
0,29.0,1,1063.0,0,1,1,1,0,0,0,0,1,0,0,0,0,1,0,0.0,3.784189633918261,6.542471960506805,0.0,0.0,6.602587892189336
0,24.0,0,332.0,1,1,1,1,0,0,0,0,1,0,0,0,1,0,0,6.502790045915623,6.844815479208263,0.6931471805599453,0.0,0.0,7.381501894506707
0,25.0,1,1064.0,0,1,1,1,0,0,0,0,1,0,0,0,0,1,0,2.3978952727983707,0.0,6.812345094177479,1.791759469228055,0.0,6.828712071641684
0,0.0,0,842.0,0,1,1,0,1,0,0,0,0,0,0,0,0,0,1,0.0,0.0,0.0,0.0,0.0,0.0
1,30.0,0,843.0,0,1,1,0,0,0,0,0,1,0,0,0,0,0,1,0.0,0.0,0.0,0.0,0.0,0.0
1,18.0,1,177.0,0,2,0,0,0,1,0,0,0,1,0,0,0,0,0,0.0,0.0,0.0,0.0,0.0,0.0
1,32.0,1,177.0,0,2,0,0,0,1,0,0,0,1,0,0,0,0,0,0.0,0.0,0.0,0.0,0.0,0.0
0,28.0,0,1000.0,1,1,1,1,0,0,0,0,1,0,0,0,0,1,0,0.0,0.0,0.0,6.26530121273771,7.5443321080536885,7.789454566086673
0,21.0,0,165.0,0,1,1,1,0,0,1,0,1,0,0,1,0,0,0,7.699389406256737,0.0,5.869296913133774,0.0,2.995732273553991,7.8551570058813445
0,25.0,0,1065.0,0,1,1,1,0,0,0,0,1,0,0,0,0,1,0,0.0,6.270988431858299,2.1972245773362196,5.0369526024136295,0.0,6.536691597591305
0,47.0,1,1002.0,1,3,0,1,0,0,1,0,0,0,0,0,0,1,0,5.62040086571715,0.0,0.0,3.2188758248682006,0.0,5.703782474656201
1,27.0,1,1002.0,1,3,0,0,0,0,1,1,0,0,0,0,0,1,0,0.0,0.0,0.0,0.0,0.0,0.0
1,8.0,1,1002.0,1,3,0,0,1,0,1,0,1,0,0,0,0,1,0,0.0,0.0,0.0,0.0,0.0,0.0
0,24.0,0,1003.0,1,1,1,1,0,0,0,0,1,0,0,0,0,1,0,0.0,0.0,4.04305126783455,6.336825731146441,6.78105762593618,7.313886831633462
1,30.0,1,334.0,1,1,1,0,0,0,1,0,1,0,0,0,1,0,0,0.0,0.0,0.0,0.0,0.0,0.0
1,24.0,1,848.0,1,1,1,0,0,0,0,1,0,0,0,0,0,0,1,0.0,0.0,0.0,0.0,0.0,0.0
1,13.0,1,849.0,1,1,1,0,1,0,0,0,1,0,0,0,0,0,1,0.0,0.0,0.0,0.0,0.0,0.0
0,16.0,0,335.0,1,1,1,1,0,0,0,0,1,0,0,0,1,0,0,0.0,0.0,2.995732273553991,6.879355804460439,0.0,6.898714534329988
0,23.0,1,1004.0,1,1,1,1,0,0,1,0,1,0,0,0,0,1,0,5.575949103146316,0.0,7.3453648404168685,3.8066624897703196,0.0,7.526178913346146
0,16.0,1,1067.0,0,1,1,1,0,0,1,0,1,0,0,0,0,1,0,5.605802066295998,0.0,7.719573989259581,4.770684624465665,0.0,7.878534196140362
0,29.0,0,844.0,0,1,1,1,0,0,0,0,1,0,0,0,0,0,1,3.4339872044851463,0.0,6.406879986069314,5.5909869805108565,1.9459101490553132,6.812345094177479
0,46.0,1,326.0,0,1,1,1,0,0,0,0,1,0,0,0,1,0,0,0.6931471805599453,0.0,6.80128303447162,0.0,4.574710978503383,6.903747257584598
1,13.0,0,845.0,0,1,1,0,1,0,0,1,0,0,0,0,0,0,1,0.0,0.0,0.0,0.0,0.0,0.0
1,22.0,1,852.0,1,1,1,0,0,0,0,0,1,0,0,0,0,0,1,0.0,0.0,0.0,0.0,0.0,0.0
1,29.0,1,853.0,1,1,1,0,0,0,0,0,1,0,0,0,0,0,1,0.0,0.0,0.0,0.0,0.0,0.0
1,46.0,1,854.0,1,1,1,0,0,0,0,0,1,0,0,0,0,0,1,0.0,0.0,0.0,0.0,0.0,0.0
0,24.0,1,1005.0,1,2,0,1,0,0,0,0,1,0,0,0,0,1,0,7.116394144093465,0.0,0.0,0.6931471805599453,1.3862943611198906,7.119635638017636
1,33.0,1,855.0,1,2,0,0,0,0,0,0,1,0,0,0,0,0,1,0.0,0.0,0.0,0.0,0.0,0.0
0,38.0,0,1006.0,1,1,1,1,0,0,1,0,1,0,0,0,0,1,0,5.389071729816501,0.0,6.375024819828097,6.647688373563329,0.0,7.362010551259734
1,57.0,1,847.0,0,2,0,0,0,0,0,0,1,0,0,0,0,0,1,0.0,0.0,0.0,0.0,0.0,0.0
0,27.0,1,1070.0,0,2,0,1,0,0,0,0,1,0,0,0,0,1,0,0.0,2.639057329615259,6.467698726104354,3.8712010109078907,0.0,6.556778356158042
0,38.0,1,848.0,0,1,1,1,0,0,0,0,1,0,0,0,0,0,1,1.9459101490553132,7.751475318021456,0.0,0.0,0.0,7.754052639035757
0,28.0,1,856.0,1,1,1,1,0,0,0,0,1,0,0,0,0,0,1,6.410174881966167,0.0,0.0,5.429345628954441,0.0,6.727431724850855
0,25.0,0,327.0,0,1,1,1,0,0,1,0,1,0,0,0,1,0,0,6.827629234502852,0.0,0.6931471805599453,4.5217885770490405,0.0,6.922643891475888
1,22.0,1,1007.0,1,1,1,0,0,0,1,0,1,0,0,0,0,1,0,0.0,0.0,0.0,0.0,0.0,0.0
0,33.0,1,1071.0,0,1,1,1,0,0,1,0,1,0,0,0,0,1,0,6.559615237493242,0.0,7.552762084214147,2.639057329615259,0.0,7.8724551500639794
0,35.0,1,1008.0,1,1,1,1,0,0,0,0,1,0,0,0,0,1,0,5.313205979041787,7.177782416195197,4.110873864173311,0.0,0.0,7.360103972989152
0,24.0,1,1009.0,1,1,1,1,0,0,0,0,1,0,0,0,0,1,0,5.673323267171493,4.174387269895637,6.025865973825314,3.58351893845611,0.0,6.688354713946762
1,31.0,1,202.0,1,4,0,0,0,1,0,0,1,1,0,0,0,0,0,0.0,0.0,0.0,0.0,0.0,0.0
1,16.0,1,202.0,1,4,0,0,0,1,0,0,1,1,0,0,0,0,0,0.0,0.0,0.0,0.0,0.0,0.0
1,28.0,1,933.5,1,4,0,0,0,1,0,0,1,0,0,0,0,1,0,0.0,0.0,0.0,0.0,0.0,0.0
0,8.0,1,202.0,1,4,0,0,1,1,0,0,0,1,0,0,0,0,0,0.0,0.0,0.0,0.0,0.0,0.0
1,20.0,1,1010.0,1,1,1,0,0,0,1,0,1,0,0,0,0,1,0,0.0,0.0,0.0,0.0,0.0,0.0
0,26.0,0,159.0,1,1,1,1,0,0,1,0,1,0,0,1,0,0,0,3.7376696182833684,0.0,6.09807428216624,6.35088571671474,0.0,6.964135612418245
0,43.0,0,178.0,0,1,1,1,0,1,0,0,0,1,0,0,0,0,0,0.0,6.90975328164481,0.0,7.780720886117918,0.0,8.130059039992796
0,70.0,1,204.0,1,1,1,1,0,1,0,0,1,0,1,0,0,0,0,5.488937726156687,6.97166860472579,0.0,7.736743682453495,1.0986122886681096,8.188411308079031
1,17.0,1,849.0,0,1,1,0,0,0,0,0,0,0,0,0,0,0,1,0.0,0.0,0.0,0.0,0.0,0.0
1,14.0,1,850.0,0,1,1,0,1,0,0,0,1,0,0,0,0,0,1,0.0,0.0,0.0,0.0,0.0,0.0
1,21.0,1,858.0,1,2,0,0,0,0,0,0,1,0,0,0,0,0,1,0.0,0.0,0.0,0.0,0.0,0.0
0,37.0,1,1012.0,1,2,0,1,0,0,0,0,0,0,0,0,0,1,0,0.0,0.0,5.099866427824199,0.0,6.18826412308259,6.476972362889683
0,15.0,0,1073.0,0,1,1,1,0,0,0,0,1,0,0,0,0,1,0,0.0,5.993961427306569,0.0,0.0,6.555356891810665,7.005789019253503
0,20.0,0,64.0,1,2,0,1,0,1,0,0,0,0,0,0,0,0,0,0.0,5.673323267171493,0.0,7.532088143541722,5.384495062789089,7.772331575169614
0,36.0,0,205.0,1,2,0,1,0,1,0,0,0,0,1,0,0,0,0,2.639057329615259,5.2832037287379885,1.3862943611198906,0.0,9.419303859716559,9.436359784035856
0,14.0,1,1013.0,1,1,1,1,1,0,0,0,1,0,0,0,0,1,0,0.0,4.04305126783455,0.0,0.0,1.0986122886681096,4.07753744390572
0,21.0,1,336.0,1,1,1,1,0,0,0,0,1,0,0,0,1,0,0,3.6635616461296463,0.6931471805599453,6.3835066348840055,0.6931471805599453,3.4657359027997265,6.4967749901858625
0,28.0,0,1075.0,0,1,1,1,0,0,0,0,1,0,0,0,0,1,0,4.499809670330265,1.3862943611198906,6.349138991379798,5.556828061699537,0.0,6.826545223556594
1,20.0,1,1076.0,0,1,1,0,0,0,1,0,1,0,0,0,0,1,0,0.0,0.0,0.0,0.0,0.0,0.0
0,26.0,0,1077.0,0,1,1,1,0,0,0,0,1,0,0,0,0,1,0,0.0,0.0,6.71901315438526,0.6931471805599453,0.0,6.720220155135295
0,25.0,0,1078.0,0,1,1,1,0,0,0,0,1,0,0,0,0,1,0,6.4967749901858625,3.5553480614894135,0.0,4.382026634673881,5.003946305945459,6.828712071641684
0,29.0,0,1014.0,1,1,1,1,0,0,0,0,1,0,0,0,0,1,0,0.0,2.3978952727983707,0.0,6.38856140554563,4.795790545596741,6.586171654854675
0,39.0,1,179.0,0,1,1,1,0,1,0,0,0,1,0,0,0,0,0,0.0,7.9617188159813645,0.0,1.791759469228055,7.585281078639126,8.485083137498004
0,18.0,1,1079.0,0,1,1,1,0,0,0,0,1,0,0,0,0,1,0,0.0,0.0,0.0,4.477336814478207,7.117205503164344,7.1853870155804165
1,37.0,1,203.0,1,1,1,0,0,1,0,0,0,1,0,0,0,0,0,0.0,0.0,0.0,0.0,0.0,0.0
0,28.0,0,852.0,0,1,1,1,0,0,0,0,1,0,0,0,0,0,1,6.148468295917647,0.0,0.0,0.0,5.730099782973575,6.652863029353347
0,18.0,1,1015.0,1,1,1,1,0,0,0,0,1,0,0,0,0,1,0,0.0,0.0,7.911690520708339,0.0,0.0,7.911690520708339
0,30.0,0,1080.0,0,1,1,1,0,0,0,0,1,0,0,0,0,1,0,0.0,1.9459101490553132,6.432940092739179,0.0,6.073044534100405,6.966967138613983
0,35.0,1,337.0,1,3,0,1,0,0,0,0,1,0,0,0,1,0,0,3.58351893845611,0.0,2.70805020110221,0.0,6.705639094860003,6.763884908562435
0,26.0,1,1016.0,1,3,0,1,0,0,0,0,1,0,0,0,0,1,0,0.0,5.2832037287379885,0.0,0.0,6.1903154058531475,6.52795791762255
1,0.0,1,860.0,1,3,0,0,1,0,0,0,0,0,0,0,0,0,1,0.0,0.0,0.0,0.0,0.0,0.0
0,42.0,1,861.0,1,1,1,1,0,0,0,1,0,0,0,0,0,0,1,0.0,0.0,0.0,5.3706380281276624,3.9318256327243257,5.579729825986222
0,36.0,1,1081.0,0,1,1,1,0,0,0,0,1,0,0,0,0,1,0,0.6931471805599453,6.57507584059962,1.3862943611198906,0.0,4.060443010546419,6.656726524178391
0,31.0,0,1083.0,0,1,1,1,0,0,0,0,1,0,0,0,0,1,0,7.071573364211532,1.0986122886681096,0.0,0.0,0.6931471805599453,7.074116816197362
0,27.0,0,854.0,0,1,1,1,0,0,0,0,0,0,0,0,0,0,1,8.270269111436624,2.0794415416798357,0.0,1.6094379124341003,3.9889840465642745,8.286521373681236
0,25.0,1,206.0,1,1,1,1,0,1,0,0,1,0,1,0,0,0,0,0.0,8.369620826949102,0.0,5.170483995038151,4.110873864173311,8.422662707570003
1,32.0,1,856.0,0,1,1,0,0,0,0,0,1,0,0,0,0,0,1,0.0,0.0,0.0,0.0,0.0,0.0
1,14.0,1,862.0,1,1,1,0,1,0,0,0,1,0,0,0,0,0,1,0.0,0.0,0.0,0.0,0.0,0.0
1,16.0,1,863.0,1,1,1,0,0,0,0,0,1,0,0,0,0,0,1,0.0,0.0,0.0,0.0,0.0,0.0
1,51.0,1,864.0,1,1,1,0,0,0,0,0,0,0,0,0,0,0,1,0.0,0.0,0.0,0.0,0.0,0.0
1,21.0,1,181.0,0,2,0,0,0,1,0,0,1,1,0,0,0,0,0,0.0,0.0,0.0,0.0,0.0,0.0
1,31.0,1,181.0,0,2,0,0,0,1,0,0,0,1,0,0,0,0,0,0.0,0.0,0.0,0.0,0.0,0.0
0,9.0,0,933.5,1,5,0,0,1,0,0,0,1,0,0,0,0,1,0,0.0,0.0,0.0,0.0,0.0,0.0
0,7.0,1,857.0,0,5,0,0,1,0,0,0,1,0,0,0,0,0,1,0.0,0.0,0.0,0.0,0.0,0.0
0,3.0,1,857.0,0,5,0,0,1,0,0,0,1,0,0,0,0,0,1,0.0,0.0,0.0,0.0,0.0,0.0
1,2.0,1,857.0,0,5,0,0,1,0,0,0,1,0,0,0,0,0,1,0.0,0.0,0.0,0.0,0.0,0.0
0,7.0,0,857.0,0,5,0,0,1,0,0,0,0,0,0,0,0,0,1,0.0,0.0,0.0,0.0,0.0,0.0
0,18.0,0,1019.0,1,2,0,1,0,0,1,0,1,0,0,0,0,1,0,7.4645098346365275,0.0,2.1972245773362196,2.1972245773362196,0.0,7.473637108496206
1,33.0,1,1019.0,1,2,0,0,0,0,1,0,1,0,0,0,0,1,0,0.0,0.0,0.0,0.0,0.0,0.0
0,23.0,1,1084.0,0,1,1,1,0,0,0,0,1,0,0,0,0,1,0,0.0,7.969703583278656,0.0,1.9459101490553132,0.0,7.971776122880628
1,13.0,1,204.0,1,1,1,0,1,1,0,0,1,1,0,0,0,0,0,0.0,0.0,0.0,0.0,0.0,0.0
0,32.0,0,1021.0,1,1,1,1,0,0,1,0,1,0,0,0,0,1,0,8.455955881945048,0.0,6.1092475827643655,5.25227342804663,0.0,8.583355393669907
1,27.0,1,182.0,0,1,1,0,0,1,0,0,1,1,0,0,0,0,0,0.0,0.0,0.0,0.0,0.0,0.0
0,23.0,1,1085.0,0,1,1,1,0,0,0,0,1,0,0,0,0,1,0,0.0,6.198478716492308,0.0,4.127134385045092,0.0,6.315358001522335
0,25.0,1,208.0,1,1,1,1,0,1,0,0,1,0,1,0,0,0,0,0.0,8.195885391314796,0.0,0.0,5.1298987149230735,8.24117615049496
0,18.0,0,1086.0,0,1,1,1,0,0,0,0,1,0,0,0,0,1,0,6.12029741895095,0.0,0.0,5.783825182329737,0.0,6.658011045870748
1,23.0,1,1087.0,0,1,1,0,0,0,1,0,0,0,0,0,0,1,0,0.0,0.0,0.0,0.0,0.0,0.0
1,31.0,1,330.0,0,2,0,0,0,1,0,0,0,0,0,0,1,0,0,0.0,0.0,0.0,0.0,0.0,0.0
0,32.0,0,330.0,0,2,0,1,0,1,0,0,1,0,0,0,1,0,0,0.0,7.171656822768514,0.0,4.553876891600541,5.877735781779639,7.468513271496337
1,22.0,1,1090.0,0,1,1,0,0,0,1,0,1,0,0,0,0,1,0,0.0,0.0,0.0,0.0,0.0,0.0
1,38.0,1,1091.0,0,1,1,0,0,0,1,0,1,0,0,0,0,1,0,0.0,0.0,0.0,0.0,0.0,0.0
0,21.0,1,1023.0,1,1,1,1,0,0,0,1,0,0,0,0,0,1,0,6.62273632394984,1.791759469228055,0.0,0.6931471805599453,0.0,6.630683385642372
1,28.0,1,1092.0,0,1,1,0,0,0,1,0,1,0,0,0,0,1,0,0.0,0.0,0.0,0.0,0.0,0.0
0,38.0,0,183.0,0,1,1,0,0,1,0,0,1,1,0,0,0,0,0,0.0,0.0,0.0,0.0,0.0,0.0
0,20.0,1,1094.0,0,1,1,1,0,0,0,0,1,0,0,0,0,1,0,0.0,0.0,6.5638555265321274,4.624972813284271,0.0,6.697034247666484
0,23.0,0,1095.0,0,1,1,1,0,0,0,0,1,0,0,0,0,1,0,0.0,0.6931471805599453,5.680172609017068,0.0,5.831882477283517,6.452048954437226
0,48.0,1,862.0,0,1,1,1,0,0,0,0,1,0,0,0,0,0,1,6.124683390894205,0.0,3.6888794541139363,0.0,1.791759469228055,6.2166061010848646
1,15.0,1,867.0,1,2,0,0,0,0,0,0,0,0,0,0,0,0,1,0.0,0.0,0.0,0.0,0.0,0.0
0,30.0,1,867.0,1,2,0,1,0,0,0,0,1,0,0,0,0,0,1,0.0,6.51471269087253,3.6888794541139363,0.0,2.3978952727983707,6.584791392385716
0,40.0,1,1024.0,1,1,1,1,0,0,1,0,1,0,0,0,0,1,0,5.659482215759621,0.0,7.7406644019172415,2.5649493574615367,0.0,7.862497197230545
0,36.0,0,868.0,1,1,1,1,0,0,0,0,1,0,0,0,0,0,1,0.0,0.0,3.5263605246161616,6.519147287940395,0.0,6.566672429803241
1,20.0,1,869.0,1,1,1,0,0,0,0,0,1,0,0,0,0,0,1,0.0,0.0,0.0,0.0,0.0,0.0
0,17.0,0,332.0,0,1,1,1,0,0,1,0,1,0,0,0,1,0,0,2.639057329615259,0.0,6.338594078203183,5.908082938168931,0.6931471805599453,6.853299093186078
0,38.0,0,168.0,0,2,0,1,0,1,0,0,0,0,1,0,0,0,0,0.0,6.0867747269123065,0.0,6.075346031088684,9.217812386814884,9.30091207016057
1,38.0,1,168.0,0,2,0,0,0,1,0,0,0,0,1,0,0,0,0,0.0,0.0,0.0,0.0,0.0,0.0
0,14.0,0,167.0,0,2,0,1,1,0,1,0,1,0,0,1,0,0,0,6.697034247666484,0.0,4.0943445622221,0.0,0.0,6.767343125265392
0,27.0,0,333.0,0,2,0,1,0,0,1,0,1,0,0,0,1,0,0,4.90527477843843,0.0,1.9459101490553132,7.280008252884188,0.0,7.372118028337787
0,21.0,1,334.0,0,1,1,1,0,0,0,0,1,0,0,0,1,0,0,3.6375861597263857,0.0,3.4657359027997265,6.546785410760524,4.1588830833596715,6.71901315438526
0,18.0,0,169.0,0,1,1,1,0,1,0,0,1,0,1,0,0,0,0,0.0,8.235095497258357,0.0,5.662960480135946,8.158229916959494,8.929170383139624
0,26.0,1,168.0,0,1,1,1,0,0,1,0,1,0,0,1,0,0,0,5.10594547390058,0.0,6.74993119378857,0.0,3.6888794541139363,6.963189985870238
0,35.0,0,170.0,0,1,1,1,0,1,0,0,1,0,1,0,0,0,0,3.258096538021482,6.7650389767805414,0.0,8.070593539949519,6.131226489483141,8.422662707570003
0,46.0,0,1026.0,1,1,1,1,0,0,1,0,0,0,0,0,0,1,0,6.9874902470009905,4.394449154672439,7.071573364211532,0.0,5.780743515792329,7.887208585813932
1,13.0,1,205.0,1,2,0,0,1,1,0,0,0,1,0,0,0,0,0,0.0,0.0,0.0,0.0,0.0,0.0
0,39.0,1,205.0,1,2,0,1,0,1,0,0,1,1,0,0,0,0,0,3.784189633918261,9.144841389743487,4.976733742420574,0.0,4.77912349311153,9.176886995716963
0,49.0,0,161.0,1,2,0,1,0,0,1,1,0,0,0,1,0,0,0,7.43307534889858,0.0,4.454347296253507,0.0,0.0,7.4821189235521155
0,28.0,0,339.0,1,2,0,0,0,0,1,0,1,0,0,0,1,0,0,0.0,0.0,0.0,0.0,0.0,0.0
0,27.0,1,1098.0,0,2,0,1,0,0,0,0,1,0,0,0,0,1,0,0.0,6.532334292222349,0.0,4.624972813284271,2.302585092994046,6.680854678790215
1,21.0,1,865.0,0,2,0,0,0,0,0,0,1,0,0,0,0,0,1,0.0,0.0,0.0,0.0,0.0,0.0
0,29.0,0,340.0,1,1,1,1,0,0,0,0,1,0,0,0,1,0,0,0.0,3.4965075614664802,0.0,8.415824697027949,0.0,8.422882511944996
0,27.0,0,1099.0,0,1,1,1,0,0,0,0,1,0,0,0,0,1,0,0.0,3.828641396489095,5.420534999272286,2.70805020110221,6.253828811575473,6.6895992691789665
1,38.0,1,1100.0,0,1,1,0,0,0,1,0,1,0,0,0,0,1,0,0.0,0.0,0.0,0.0,0.0,0.0
0,18.0,1,1101.0,0,1,1,1,0,0,0,1,0,0,0,0,0,1,0,0.0,0.0,0.0,5.017279836814924,0.0,5.017279836814924
1,35.0,1,336.0,0,1,1,0,0,1,0,0,0,0,0,0,1,0,0,0.0,0.0,0.0,0.0,0.0,0.0
1,37.0,1,1102.0,0,1,1,0,0,0,1,0,1,0,0,0,0,1,0,0.0,0.0,0.0,0.0,0.0,0.0
0,60.0,0,337.0,0,1,1,1,0,0,0,0,1,0,0,0,1,0,0,6.8501261661455,3.9889840465642745,0.0,0.0,0.0,6.904750769961838
1,31.0,1,338.0,0,1,1,0,0,1,0,0,1,0,0,0,1,0,0,0.0,0.0,0.0,0.0,0.0,0.0
1,4.0,1,209.0,1,3,0,0,1,1,0,0,1,0,1,0,0,0,0,0.0,0.0,0.0,0.0,0.0,0.0
0,34.0,1,209.0,1,3,0,1,0,1,0,0,1,0,1,0,0,0,0,0.0,8.069655306886165,0.0,4.634728988229636,7.293017679772782,8.469472455204826
0,46.0,1,209.0,1,3,0,1,0,1,0,0,0,0,1,0,0,0,0,0.0,9.014568767457824,0.0,6.918695219020472,5.081404364984463,9.147613542067878
0,18.0,0,870.0,1,1,1,1,0,0,0,0,1,0,0,0,0,0,1,0.0,0.0,4.02535169073515,7.735870319952567,0.6931471805599453,7.76004068088038
0,38.0,0,342.0,1,1,1,1,0,0,1,0,1,0,0,0,1,0,0,0.0,0.0,5.8971538676367405,2.0794415416798357,1.3862943611198906,5.924255797414532
0,29.0,1,1029.0,1,1,1,1,0,0,0,0,1,0,0,0,0,1,0,0.0,4.127134385045092,6.849066282633458,1.0986122886681096,0.0,6.913737350659685
1,13.0,1,210.0,1,2,0,0,1,1,0,0,1,0,1,0,0,0,0,0.0,0.0,0.0,0.0,0.0,0.0
1,26.0,1,210.0,1,2,0,0,0,1,0,0,1,0,1,0,0,0,0,0.0,0.0,0.0,0.0,0.0,0.0
0,30.0,0,173.0,0,1,1,1,0,1,0,0,1,0,1,0,0,0,0,0.0,4.564348191467836,0.0,7.0925737159746784,8.62317351495347,8.832879460277615
0,42.0,0,1030.0,1,1,1,1,0,0,0,0,1,0,0,0,0,1,0,0.0,0.0,2.1972245773362196,8.134467570277563,0.0,8.136810863675537
0,36.0,0,1104.0,0,1,1,1,0,0,1,0,1,0,0,0,0,1,0,5.958424693029782,0.0,6.6293632534374485,1.9459101490553132,0.0,7.046647277848756
0,23.0,0,1105.0,0,1,1,1,0,0,0,0,0,0,0,0,0,1,0,5.537334267018537,0.0,7.069874128458572,1.3862943611198906,0.0,7.266827347520591
0,34.0,1,65.0,1,2,0,1,0,1,0,0,1,0,0,0,0,0,0,0.0,8.558527054909215,0.0,7.195187320178709,1.0986122886681096,8.786456678344
0,26.0,1,65.0,1,2,0,1,0,1,0,0,1,0,0,0,0,0,0,0.0,8.49596955496461,0.0,4.143134726391533,4.454347296253507,8.525558107747866
0,31.0,0,170.0,0,1,1,1,0,0,1,0,1,0,0,1,0,0,0,7.6251071482389,0.0,6.947937068614969,4.919980925828125,0.0,8.078688229229872
0,48.0,0,171.0,0,1,1,1,0,0,1,0,1,0,0,1,0,0,0,6.366470447731438,1.9459101490553132,0.6931471805599453,5.0689042022202315,0.0,6.616065185132817
1,10.0,1,871.0,1,1,1,0,1,0,0,0,1,0,0,0,0,0,1,0.0,0.0,0.0,0.0,0.0,0.0
0,27.0,1,1106.0,0,2,0,1,0,0,1,0,1,0,0,0,0,1,0,1.0986122886681096,0.0,7.186144304522325,0.0,3.295836866004329,7.207118856207756
0,32.0,0,1106.0,0,2,0,1,0,0,1,0,1,0,0,0,0,1,0,7.823245690685523,0.0,4.624972813284271,0.0,0.0,7.8628820346414905
1,24.0,1,872.0,1,3,0,0,0,0,0,0,1,0,0,0,0,0,1,0.0,0.0,0.0,0.0,0.0,0.0
1,20.0,1,872.0,1,3,0,0,0,0,0,1,0,0,0,0,0,0,1,0.0,0.0,0.0,0.0,0.0,0.0
0,48.0,1,1032.0,1,3,0,1,0,0,0,0,1,0,0,0,0,1,0,4.430816798843313,4.709530201312334,0.0,6.53813982376767,2.1972245773362196,6.79346613258001
0,35.0,0,343.0,1,1,1,1,0,0,1,0,1,0,0,0,1,0,0,6.444131256700441,1.9459101490553132,6.270988431858299,4.919980925828125,0.0,7.1693500166706
0,14.0,1,172.0,0,1,1,1,1,0,1,0,1,0,0,1,0,0,0,5.5093883366279774,0.0,7.675081857716334,0.0,0.0,7.783224016336037
0,28.0,1,173.0,0,1,1,1,0,0,1,0,1,0,0,1,0,0,0,1.6094379124341003,0.0,7.853604813097837,0.0,0.0,7.8551570058813445
0,27.0,0,1109.0,0,1,1,1,0,0,1,0,1,0,0,0,0,1,0,6.612041034833092,5.937536205082426,2.1972245773362196,0.0,0.0,7.029972911706386
1,42.0,1,162.0,1,3,0,0,0,0,1,0,1,0,0,1,0,0,0,0.0,0.0,0.0,0.0,0.0,0.0
1,8.0,1,162.0,1,3,0,0,1,0,1,0,1,0,0,1,0,0,0,0.0,0.0,0.0,0.0,0.0,0.0
1,30.0,1,162.0,1,3,0,0,0,0,1,0,0,0,0,1,0,0,0,0.0,0.0,0.0,0.0,0.0,0.0
0,44.0,0,869.0,0,1,1,1,0,0,0,0,1,0,0,0,0,0,1,0.0,0.0,1.791759469228055,3.4339872044851463,6.656726524178391,6.70073110954781
0,40.0,0,1034.0,1,1,1,1,0,0,1,0,1,0,0,0,0,1,0,7.146772179452637,0.0,4.330733340286331,0.0,1.6094379124341003,7.207118856207756
0,38.0,0,1111.0,0,1,1,1,0,0,0,0,1,0,0,0,0,1,0,6.642486801367256,3.6635616461296463,0.0,0.0,0.0,6.690842277418564
0,22.0,0,1035.0,1,1,1,1,0,0,0,1,0,0,0,0,0,1,0,1.0986122886681096,3.8501476017100584,0.0,6.182084906716632,4.219507705176107,6.395261598115449
0,32.0,0,174.0,0,2,0,1,0,0,1,0,1,0,0,1,0,0,0,7.485491608030754,0.0,6.484635235635252,6.364750756851911,0.0,8.011686729127847
0,16.0,0,174.0,0,2,0,1,0,0,1,0,1,0,0,1,0,0,0,7.6577552711348655,0.0,5.860786223465865,0.0,6.804614520062624,8.122074375362217
0,33.0,0,163.0,1,1,1,1,0,0,1,0,1,0,0,1,0,0,0,6.618738983517219,4.875197323201151,6.954638864880987,6.129050210060545,0.0,7.776535028185241
0,38.0,0,206.0,1,1,1,1,0,1,0,0,1,1,0,0,0,0,0,3.044522437723423,8.284251797621916,5.0369526024136295,5.638354669333745,7.423568444259167,8.714074899541522
0,23.0,1,870.0,0,1,1,1,0,0,0,0,1,0,0,0,0,0,1,0.0,6.693323668269949,0.0,1.0986122886681096,0.0,6.695798917058491
0,16.0,1,871.0,0,1,1,1,0,0,0,0,1,0,0,0,0,0,1,1.3862943611198906,6.39024066706535,0.0,2.302585092994046,5.7745515455444085,6.834108738813838
0,16.0,0,872.0,0,5,0,1,0,0,0,1,0,0,0,0,0,0,1,6.1779441140506,0.0,5.117993812416755,0.0,4.812184355372417,6.646390514847729
0,11.0,0,872.0,0,5,0,0,1,0,0,0,1,0,0,0,0,0,1,0.0,0.0,0.0,0.0,0.0,0.0
0,22.0,0,1112.0,0,5,0,1,0,0,0,0,1,0,0,0,0,1,0,0.0,6.715383386334681,0.0,0.0,6.021023349349527,7.119635638017636
0,43.0,0,1112.0,0,5,0,1,0,0,0,0,1,0,0,0,0,1,0,0.0,0.0,0.0,0.0,7.3427791893318455,7.3427791893318455
1,20.0,1,872.0,0,5,0,0,0,0,0,1,0,0,0,0,0,0,1,0.0,0.0,0.0,0.0,0.0,0.0
0,22.0,0,1113.0,0,1,1,1,0,0,0,0,1,0,0,0,0,1,0,0.0,6.617402977974478,2.1972245773362196,0.0,5.752572638825633,6.975413927455952
0,0.0,1,1114.0,0,4,0,0,1,0,1,0,1,0,0,0,0,1,0,0.0,0.0,0.0,0.0,0.0,0.0
0,30.0,0,340.0,0,4,0,1,0,0,1,0,1,0,0,0,1,0,0,4.9344739331306915,0.0,5.342334251964811,6.859614903654202,0.0,7.1693500166706
1,18.0,1,1114.0,0,4,0,0,0,0,1,0,1,0,0,0,0,1,0,0.0,0.0,0.0,0.0,0.0,0.0
0,0.0,1,1114.0,0,4,0,0,1,0,1,0,0,0,0,0,0,1,0,0.0,0.0,0.0,0.0,0.0,0.0
0,41.0,0,349.0,1,1,1,1,0,0,1,0,1,0,0,0,1,0,0,5.10594547390058,0.0,7.017506142941256,0.6931471805599453,2.9444389791664403,7.1693500166706
0,39.0,1,1036.0,1,1,1,1,0,0,0,0,1,0,0,0,0,1,0,0.0,6.721425700790643,0.0,0.6931471805599453,0.0,6.7226297948554485
0,37.0,0,873.0,1,1,1,1,0,0,0,0,1,0,0,0,0,0,1,5.966146739123692,0.0,0.6931471805599453,8.122668023346407,1.3862943611198906,8.232971790593437
1,26.0,1,164.0,1,1,1,0,0,1,0,0,0,0,0,1,0,0,0,0.0,0.0,0.0,0.0,0.0,0.0
0,49.0,0,1116.0,0,2,0,1,0,0,1,0,1,0,0,0,0,1,0,6.315358001522335,0.0,2.0794415416798357,0.0,5.214935757608986,6.610696044717759
0,28.0,1,341.0,0,2,0,1,0,0,1,0,1,0,0,0,1,0,0,4.962844630259907,0.0,7.538494999413465,4.143134726391533,0.0,7.641564441260972
0,13.0,0,1117.0,0,2,0,1,1,0,1,1,0,0,0,0,0,1,0,5.883322388488279,4.189654742026425,6.396929655216146,6.517671272912275,0.0,7.4377951216719325
0,64.0,0,342.0,0,2,0,1,0,0,1,0,1,0,0,0,1,0,0,6.152732694704104,6.55250788703459,1.0986122886681096,0.6931471805599453,0.0,7.067319848653476
0,24.0,0,1037.0,1,1,1,1,0,0,0,1,0,0,0,0,0,1,0,0.6931471805599453,0.0,2.4849066497880004,0.0,6.5998704992128365,6.616065185132817
1,18.0,1,1118.0,0,3,0,0,0,0,1,0,1,0,0,0,0,1,0,0.0,0.0,0.0,0.0,0.0,0.0
0,18.0,0,1118.0,0,3,0,1,0,0,1,0,1,0,0,0,0,1,0,8.148734808937169,0.0,5.37989735354046,0.0,0.0,8.209308411646937
0,25.0,0,1118.0,0,3,0,1,0,0,1,0,1,0,0,0,0,1,0,6.855408798609928,0.0,0.6931471805599453,5.14166355650266,0.0,7.02108396428914
1,19.0,0,873.0,0,1,1,0,0,0,0,0,1,0,0,0,0,0,1,0.0,0.0,0.0,0.0,0.0,0.0
0,33.0,1,350.0,1,1,1,1,0,0,0,0,0,0,0,0,1,0,0,1.0986122886681096,0.0,0.0,0.0,6.580639137284949,6.583409222158765
1,27.0,1,874.0,0,1,1,0,0,0,0,0,1,0,0,0,0,0,1,0.0,0.0,0.0,0.0,0.0,0.0
0,50.0,0,1121.0,0,1,1,1,0,0,1,0,1,0,0,0,0,1,0,6.741700694652055,0.0,5.638354669333745,5.638354669333745,0.0,7.249215057114389
0,30.0,0,933.5,1,1,1,1,0,0,0,0,1,0,0,0,0,1,0,0.0,0.0,0.0,1.0986122886681096,6.71901315438526,6.721425700790643
0,44.0,1,1123.0,0,1,1,1,0,0,1,0,1,0,0,0,0,1,0,7.145196134997171,2.9444389791664403,0.0,1.3862943611198906,0.0,7.161622002939187
1,52.0,0,875.0,0,1,1,0,0,0,0,1,0,0,0,0,0,0,1,0.0,0.0,0.0,0.0,0.0,0.0
1,7.0,1,875.0,1,3,0,0,1,0,0,0,1,0,0,0,0,0,1,0.0,0.0,0.0,0.0,0.0,0.0
0,30.0,0,1041.0,1,3,0,1,0,0,0,0,0,0,0,0,0,1,0,0.0,4.0943445622221,2.9444389791664403,6.461468176353717,0.0,6.57507584059962
0,27.0,0,1041.0,1,3,0,1,0,0,0,0,1,0,0,0,0,1,0,7.01211529430638,0.0,0.0,0.0,0.0,7.01211529430638
1,24.0,1,207.0,1,1,1,0,0,1,0,0,0,1,0,0,0,0,0,0.0,0.0,0.0,0.0,0.0,0.0
0,13.0,0,1124.0,0,1,1,1,1,0,0,0,0,0,0,0,0,1,0,1.6094379124341003,4.605170185988092,0.6931471805599453,0.0,6.39024066706535,6.551080335043404
0,61.0,0,1125.0,0,1,1,1,0,0,0,0,1,0,0,0,0,1,0,0.0,3.9889840465642745,6.70196036600254,1.3862943611198906,0.0,6.76849321164863
1,32.0,1,876.0,0,1,1,0,0,0,0,0,1,0,0,0,0,0,1,0.0,0.0,0.0,0.0,0.0,0.0
1,17.0,1,1126.0,0,2,0,0,0,0,1,0,0,0,0,0,0,1,0,0.0,0.0,0.0,0.0,0.0,0.0
0,36.0,1,1126.0,0,2,0,0,0,0,1,0,1,0,0,0,0,1,0,0.0,0.0,0.0,0.0,0.0,0.0
1,16.0,1,877.0,0,1,1,0,0,0,0,1,0,0,0,0,0,0,1,0.0,0.0,0.0,0.0,0.0,0.0
0,21.0,1,1127.0,0,1,1,1,0,0,0,1,0,0,0,0,0,1,0,0.0,6.548219102762372,0.0,0.0,0.0,6.548219102762372
0,24.0,1,212.0,1,1,1,0,0,1,0,0,1,0,1,0,0,0,0,0.0,0.0,0.0,0.0,0.0,0.0
0,28.0,0,1044.0,1,1,1,1,0,0,0,0,0,0,0,0,0,1,0,0.0,2.302585092994046,0.0,7.016609683894219,1.791759469228055,7.029087564149662
0,27.0,0,343.0,0,1,1,1,0,0,1,0,1,0,0,0,1,0,0,6.744059186311348,7.311886164077165,1.0986122886681096,0.0,0.0,7.761319180947987
0,13.0,0,344.0,0,1,1,1,1,0,1,0,0,0,0,0,1,0,0,9.202409001649903,0.0,5.198497031265826,4.875197323201151,6.349138991379798,9.287486581152837
0,39.0,0,1129.0,0,1,1,1,0,0,0,0,1,0,0,0,0,1,0,0.0,0.6931471805599453,0.0,6.606650186198215,0.0,6.608000625296087
0,24.0,0,351.0,1,1,1,1,0,0,0,0,1,0,0,0,1,0,0,0.0,0.0,6.8885724595653635,2.0794415416798357,0.0,6.895682697747868
0,38.0,0,213.0,1,1,1,1,0,1,0,0,1,0,1,0,0,0,0,0.0,5.8522024797744745,0.0,7.343426229147367,7.690743163541872,8.313852267398207
0,20.0,0,1131.0,0,1,1,1,0,0,1,0,1,0,0,0,0,1,0,6.194405391104672,4.844187086458591,6.498282149476434,5.3706380281276624,0.0,7.30854279753919
0,21.0,1,1045.0,1,1,1,1,0,0,0,0,1,0,0,0,0,1,0,6.586171654854675,0.0,0.0,0.0,0.0,6.586171654854675
0,27.0,0,1132.0,0,3,0,1,0,0,1,0,1,0,0,0,0,1,0,0.6931471805599453,0.6931471805599453,7.69484807238461,5.921578419643816,0.0,7.852050207265889
0,49.0,0,1132.0,0,3,0,1,0,0,1,0,1,0,0,0,0,1,0,5.424950017481403,2.4849066497880004,1.0986122886681096,7.3658128372094716,0.0,7.506591780070841
1,6.0,1,1132.0,0,3,0,0,1,0,1,0,1,0,0,0,0,1,0,0.0,0.0,0.0,0.0,0.0,0.0
1,41.0,1,185.0,0,5,0,0,0,1,0,0,0,1,0,0,0,0,0,0.0,0.0,0.0,0.0,0.0,0.0
0,33.0,0,185.0,0,5,0,1,0,1,0,0,0,1,0,0,0,0,0,0.0,7.295735072749282,6.993932975223189,8.648396877031582,7.2909747781429814,9.182866394975427
0,6.0,1,185.0,0,5,0,0,1,1,0,0,1,1,0,0,0,0,0,0.0,0.0,0.0,0.0,0.0,0.0
0,35.0,0,185.0,0,5,0,1,0,1,0,0,0,1,0,0,0,0,0,0.0,8.437933510430605,0.0,5.783825182329737,9.397815294010933,9.741203889478681
0,46.0,0,185.0,0,5,0,1,0,1,0,0,1,1,0,0,0,0,0,0.0,8.417372856134026,0.0,5.497168225293202,8.952993499320474,9.433323910489026
0,31.0,0,1046.0,1,1,1,1,0,0,0,0,1,0,0,0,0,1,0,7.902487437162855,3.091042453358316,0.0,0.0,0.6931471805599453,7.9105906122564775
1,32.0,1,208.0,1,1,1,0,0,1,0,0,1,1,0,0,0,0,0,0.0,0.0,0.0,0.0,0.0,0.0
1,31.0,1,50.0,0,1,1,0,0,1,0,0,0,0,0,0,0,0,0,0.0,0.0,0.0,0.0,0.0,0.0
1,20.0,0,878.0,0,1,1,0,0,0,0,0,1,0,0,0,0,0,1,0.0,0.0,0.0,0.0,0.0,0.0
0,57.0,0,877.0,1,1,1,1,0,0,0,0,1,0,0,0,0,0,1,6.530877627725885,0.0,0.0,0.0,0.0,6.530877627725885
0,37.0,1,1047.0,1,1,1,1,0,0,0,1,0,0,0,0,0,1,0,0.0,0.0,6.327936783729195,2.4849066497880004,0.0,6.3473892096560105
1,21.0,1,933.5,1,1,1,0,0,0,0,0,1,0,0,0,0,1,0,0.0,0.0,0.0,0.0,0.0,0.0
0,43.0,0,1134.0,0,1,1,1,0,0,0,0,1,0,0,0,0,1,0,0.0,0.0,0.6931471805599453,0.0,0.0,0.6931471805599453
0,49.0,1,879.0,1,1,1,1,0,0,0,0,1,0,0,0,0,0,1,6.928537818164665,0.0,1.0986122886681096,1.0986122886681096,0.0,6.932447891572509
0,17.0,1,880.0,1,1,1,1,0,0,0,0,1,0,0,0,0,0,1,0.0,5.017279836814924,5.117993812416755,6.3473892096560105,0.0,6.787844982309579
0,29.0,0,1048.0,1,1,1,1,0,0,1,0,1,0,0,0,0,1,0,6.251903883165888,0.0,2.3978952727983707,7.1276936993473985,0.0,7.480992162869525
1,36.0,1,881.0,1,1,1,0,0,0,0,0,0,0,0,0,0,0,1,0.0,0.0,0.0,0.0,0.0,0.0
0,37.0,0,933.5,1,1,1,1,0,1,0,0,1,0,0,0,0,1,0,3.4657359027997265,9.138629524422182,0.0,6.807934943699926,9.324918276683619,9.97375960552146
0,17.0,0,1135.0,0,1,1,1,0,0,0,1,0,0,0,0,0,1,0,1.0986122886681096,0.0,0.0,0.0,6.525029657843462,6.52795791762255
1,45.0,1,1050.0,1,1,1,0,0,0,1,0,0,0,0,0,0,1,0,0.0,0.0,0.0,0.0,0.0,0.0
0,20.0,0,880.0,0,1,1,1,0,0,0,0,1,0,0,0,0,0,1,0.0,2.302585092994046,4.418840607796598,2.70805020110221,6.558197802812269,6.697034247666484
1,24.0,1,1136.0,0,1,1,0,0,0,1,0,1,0,0,0,0,1,0,0.0,0.0,0.0,0.0,0.0,0.0
1,28.0,1,186.0,0,4,0,0,0,1,0,0,1,1,0,0,0,0,0,0.0,0.0,0.0,0.0,0.0,0.0
0,15.0,1,186.0,0,4,0,1,0,1,0,0,1,1,0,0,0,0,0,0.0,3.1354942159291497,8.82555985506085,0.0,6.2766434893416445,8.903679332926599
0,53.0,0,186.0,0,4,0,1,0,1,0,0,1,1,0,0,0,0,0,0.0,8.800113946766308,0.0,8.52674740422105,4.6913478822291435,9.375006993531416
1,51.0,1,186.0,0,4,0,0,0,1,0,0,1,1,0,0,0,0,0,0.0,0.0,0.0,0.0,0.0,0.0
1,14.0,1,881.0,0,2,0,0,1,0,0,0,1,0,0,0,0,0,1,0.0,0.0,0.0,0.0,0.0,0.0
1,1.0,0,881.0,0,2,0,0,1,0,0,0,1,0,0,0,0,0,1,0.0,0.0,0.0,0.0,0.0,0.0
0,26.0,0,1137.0,0,1,1,1,0,0,1,0,1,0,0,0,0,1,0,6.501289670540389,4.343805421853684,0.0,7.2991214627108,0.0,7.705262474866325
0,20.0,0,882.0,1,1,1,1,0,0,0,0,1,0,0,0,0,0,1,0.0,0.0,6.214608098422191,5.655991810819852,4.6443908991413725,6.78897174299217
0,23.0,0,1052.0,1,1,1,1,0,0,0,0,1,0,0,0,0,1,0,0.0,6.313548046277095,4.0943445622221,6.580639137284949,2.70805020110221,7.20414929203594
0,22.0,1,1053.0,1,1,1,1,0,0,0,0,1,0,0,0,0,1,0,6.490723534502507,0.0,0.0,5.087596335232384,1.3862943611198906,6.71295620067707
1,22.0,1,882.0,0,1,1,0,0,0,0,0,0,0,0,0,0,0,1,0.0,0.0,0.0,0.0,0.0,0.0
1,13.0,1,210.0,1,2,0,0,1,1,0,0,1,1,0,0,0,0,0,0.0,0.0,0.0,0.0,0.0,0.0
0,28.0,1,210.0,1,2,0,0,0,1,0,0,1,1,0,0,0,0,0,0.0,0.0,0.0,0.0,0.0,0.0
1,40.0,1,884.0,1,1,1,0,0,0,0,0,1,0,0,0,0,0,1,0.0,0.0,0.0,0.0,0.0,0.0
0,21.0,0,175.0,0,1,1,1,0,0,1,0,0,0,0,1,0,0,0,8.301025253838453,0.0,3.8712010109078907,4.430816798843313,0.0,8.332789468417959
0,35.0,1,885.0,1,1,1,1,0,0,0,0,1,0,0,0,0,0,1,6.555356891810665,4.653960350157523,1.791759469228055,4.343805421853684,0.0,6.78897174299217
0,22.0,0,1140.0,0,1,1,1,0,0,0,0,1,0,0,0,0,1,0,4.962844630259907,7.176254532017144,0.0,0.0,0.0,7.27931883541462
1,37.0,1,166.0,1,1,1,0,0,1,0,0,1,0,0,1,0,0,0,0.0,0.0,0.0,0.0,0.0,0.0
0,21.0,0,356.0,1,1,1,0,0,0,1,0,1,0,0,0,1,0,0,0.0,0.0,0.0,0.0,0.0,0.0
0,50.0,0,933.5,1,1,1,1,0,0,0,0,1,0,0,0,0,1,0,0.0,5.883322388488279,0.0,6.431331081933479,1.6094379124341003,6.890609120147166
0,27.0,1,1055.0,1,1,1,1,0,0,0,0,1,0,0,0,0,1,0,0.0,0.0,6.68586094706836,0.0,0.0,6.68586094706836
1,20.0,1,887.0,1,1,1,0,0,0,0,0,1,0,0,0,0,0,1,0.0,0.0,0.0,0.0,0.0,0.0
1,15.0,1,884.0,0,2,0,0,0,0,0,0,1,0,0,0,0,0,1,0.0,0.0,0.0,0.0,0.0,0.0
0,25.0,0,346.0,0,2,0,1,0,0,0,1,0,0,0,0,1,0,0,3.6888794541139363,0.0,5.135798437050262,3.044522437723423,7.247080584585756,7.397561535524052
0,31.0,0,67.0,1,2,0,1,0,1,0,0,0,0,0,0,0,0,0,0.0,5.420534999272286,0.0,5.71042701737487,8.316544717929398,8.43750042250699
0,27.0,1,211.0,1,2,0,1,0,1,0,0,0,1,0,0,0,0,0,0.0,9.007367027451355,6.951772164398911,6.551080335043404,3.8501476017100584,9.20552881497896
1,18.0,1,889.0,1,4,0,0,0,0,0,0,1,0,0,0,0,0,1,0.0,0.0,0.0,0.0,0.0,0.0
1,2.0,1,889.0,1,4,0,0,1,0,0,1,0,0,0,0,0,0,1,0.0,0.0,0.0,0.0,0.0,0.0
0,27.0,1,889.0,1,4,0,1,0,0,0,0,1,0,0,0,0,0,1,0.0,1.9459101490553132,0.0,6.703188113240863,4.68213122712422,6.833031732786201
0,0.0,1,889.0,1,4,0,0,1,0,0,0,1,0,0,0,0,0,1,0.0,0.0,0.0,0.0,0.0,0.0
0,22.0,0,1141.0,0,1,1,1,0,0,0,0,1,0,0,0,0,1,0,6.6320017773956295,0.0,3.8501476017100584,0.0,0.0,6.690842277418564
0,27.0,0,357.0,1,1,1,0,0,0,1,0,1,0,0,0,1,0,0,0.0,0.0,0.0,0.0,0.0,0.0
0,56.0,1,890.0,1,1,1,1,0,0,0,0,1,0,0,0,0,0,1,0.0,1.6094379124341003,6.658011045870748,0.0,0.0,6.663132695990803
0,28.0,0,1058.0,1,1,1,1,0,0,0,0,1,0,0,0,0,1,0,0.0,0.0,0.0,6.517671272912275,4.8283137373023015,6.68586094706836
0,42.0,1,358.0,1,3,0,1,0,0,0,0,0,0,0,0,1,0,0,3.4657359027997265,0.0,0.0,6.455198563340122,0.0,6.502790045915623
0,20.0,1,1059.0,1,3,0,1,0,0,0,0,1,0,0,0,0,1,0,0.0,0.0,0.0,6.556778356158042,0.0,6.556778356158042
0,27.0,1,1059.0,1,3,0,1,0,0,0,0,1,0,0,0,0,1,0,6.2324480165505225,6.373319789577012,2.302585092994046,0.0,0.0,7.005789019253503
0,29.0,0,885.0,0,1,1,1,0,0,0,1,0,0,0,0,0,0,1,0.0,0.0,3.044522437723423,0.0,5.998936561946683,6.0473721790462776
0,36.0,1,1060.0,1,1,1,1,0,0,0,0,0,0,0,0,0,1,0,4.454347296253507,0.0,6.302618975744905,2.772588722239781,0.0,6.470799503782602
0,23.0,0,1061.0,1,2,0,1,0,0,0,0,1,0,0,0,0,1,0,0.0,0.0,1.6094379124341003,4.983606621708336,0.0,5.0106352940962555
1,64.0,1,891.0,1,2,0,0,0,0,0,0,1,0,0,0,0,0,1,0.0,0.0,0.0,0.0,0.0,0.0
0,19.0,0,886.0,0,4,0,1,0,0,0,0,1,0,0,0,0,0,1,0.6931471805599453,0.6931471805599453,0.0,0.0,7.470793774195062,7.471932078245122
1,1.0,0,886.0,0,4,0,0,1,0,0,0,0,0,0,0,0,0,1,0.0,0.0,0.0,0.0,0.0,0.0
1,49.0,0,886.0,0,4,0,0,0,0,0,0,1,0,0,0,0,0,1,0.0,0.0,0.0,0.0,0.0,0.0
1,0.0,1,886.0,0,4,0,0,1,0,0,0,0,0,0,0,0,0,1,0.0,0.0,0.0,0.0,0.0,0.0
0,18.0,0,1143.0,0,1,1,1,0,0,0,0,1,0,0,0,0,1,0,0.0,5.666426688112432,3.58351893845611,0.0,6.077642243349034,6.6320017773956295
0,39.0,0,174.0,0,1,1,1,0,1,0,0,0,0,1,0,0,0,0,8.638702608813436,4.890349128221754,0.0,0.6931471805599453,7.503840746698951,8.934982049213234
0,37.0,0,347.0,0,2,0,1,0,0,1,0,1,0,0,0,1,0,0,2.3978952727983707,3.044522437723423,6.767343125265392,4.7535901911063645,0.0,6.921658184151129
1,44.0,1,1144.0,0,2,0,0,0,0,1,0,1,0,0,0,0,1,0,0.0,0.0,0.0,0.0,0.0,0.0
0,43.0,0,1145.0,0,2,0,1,0,0,1,1,0,0,0,0,0,1,0,6.706862336602747,0.0,6.42648845745769,0.0,0.0,7.268920128193722
1,33.0,1,1145.0,0,2,0,0,0,0,1,0,1,0,0,0,0,1,0,0.0,0.0,0.0,0.0,0.0,0.0
0,20.0,1,893.0,1,3,0,1,0,0,0,0,1,0,0,0,0,0,1,3.7376696182833684,5.407171771460119,0.0,3.784189633918261,6.400257445308821,6.811244378601294
0,0.0,1,893.0,1,3,0,0,1,0,0,0,1,0,0,0,0,0,1,0.0,0.0,0.0,0.0,0.0,0.0
0,4.0,1,893.0,1,3,0,0,1,0,0,0,0,0,0,0,0,0,1,0.0,0.0,0.0,0.0,0.0,0.0
1,20.0,1,1062.0,1,1,1,0,0,0,1,0,1,0,0,0,0,1,0,0.0,0.0,0.0,0.0,0.0,0.0
0,50.0,0,1063.0,1,1,1,1,0,0,1,0,1,0,0,0,0,1,0,6.53813982376767,0.0,3.4339872044851463,6.637258031284457,6.061456918928017,7.555381944240273
1,47.0,1,1146.0,0,2,0,0,0,0,1,0,1,0,0,0,0,1,0,0.0,0.0,0.0,0.0,0.0,0.0
1,17.0,1,1146.0,0,2,0,0,0,0,1,0,1,0,0,0,0,1,0,0.0,0.0,0.0,0.0,0.0,0.0
0,26.0,0,187.0,0,1,1,1,0,1,0,0,1,1,0,0,0,0,0,0.0,7.367708572374371,0.0,5.4510384535657,8.99230873254815,9.1958356857733
0,21.0,1,360.0,1,1,1,1,0,0,0,0,1,0,0,0,1,0,0,3.6888794541139363,5.8888779583328805,0.0,0.0,0.0,5.991464547107982
1,20.0,1,1147.0,0,1,1,0,0,0,1,0,1,0,0,0,0,1,0,0.0,0.0,0.0,0.0,0.0,0.0
1,26.0,1,175.0,0,1,1,0,0,1,0,0,1,0,1,0,0,0,0,0.0,0.0,0.0,0.0,0.0,0.0
0,27.0,0,1149.0,0,1,1,1,0,0,1,0,1,0,0,0,0,1,0,7.356279876550748,0.0,0.0,0.0,4.983606621708336,7.444833273892193
0,34.0,1,894.0,1,3,0,1,0,0,0,1,0,0,0,0,0,0,1,0.0,0.0,6.542471960506805,1.3862943611198906,4.356708826689592,6.651571873589727
1,11.0,1,894.0,1,3,0,0,1,0,0,0,1,0,0,0,0,0,1,0.0,0.0,0.0,0.0,0.0,0.0
1,0.0,1,894.0,1,3,0,0,1,0,0,0,1,0,0,0,0,0,1,0.0,0.0,0.0,0.0,0.0,0.0
0,28.0,0,176.0,0,1,1,1,0,1,0,0,0,0,0,1,0,0,0,6.311734809152915,8.557182839632397,0.0,7.716460800176355,7.393263094763838,9.171807422259398
0,33.0,1,895.0,1,1,1,1,0,0,0,0,1,0,0,0,0,0,1,4.852030263919617,6.61472560020376,2.302585092994046,0.0,0.0,6.782192056006791
1,22.0,1,888.0,0,1,1,0,0,0,0,0,1,0,0,0,0,0,1,0.0,0.0,0.0,0.0,0.0,0.0
0,28.0,0,1150.0,0,3,0,0,0,0,1,0,1,0,0,0,0,1,0,0.0,0.0,0.0,0.0,0.0,0.0
1,11.0,1,1150.0,0,3,0,0,1,0,1,0,1,0,0,0,0,1,0,0.0,0.0,0.0,0.0,0.0,0.0
0,60.0,0,1150.0,0,3,0,1,0,0,1,0,1,0,0,0,0,1,0,3.9512437185814275,2.3978952727983707,6.626717749249025,7.253470382684528,4.927253685157205,7.768533300926033
0,43.0,1,896.0,1,1,1,1,0,0,0,0,1,0,0,0,0,0,1,0.6931471805599453,0.0,5.365976015021851,2.0794415416798357,6.553933404025811,6.827629234502852
0,27.0,0,361.0,1,1,1,1,0,0,0,0,1,0,0,0,1,0,0,0.0,0.6931471805599453,6.504288173536645,6.8001700683022,3.784189633918261,7.3833681469923835
1,37.0,1,890.0,0,1,1,0,0,0,0,0,1,0,0,0,0,0,1,0.0,0.0,0.0,0.0,0.0,0.0
1,23.0,1,897.0,1,1,1,0,0,0,0,0,0,0,0,0,0,0,1,0.0,0.0,0.0,0.0,0.0,0.0
0,57.0,0,168.0,1,1,1,1,0,0,1,0,1,0,0,1,0,0,0,7.436617265234227,0.0,6.914730892718563,0.0,3.332204510175204,7.912056888179006
1,29.0,1,51.0,0,4,0,0,0,1,0,0,1,0,0,0,0,0,0,0.0,0.0,0.0,0.0,0.0,0.0
0,28.0,0,51.0,0,4,0,1,0,1,0,0,1,0,0,0,0,0,0,0.0,5.170483995038151,0.0,5.3706380281276624,8.917578753781104,8.968396191198256
0,42.0,0,51.0,0,4,0,1,0,1,0,0,1,0,0,0,0,0,0,0.0,6.792344427470809,7.982757702011113,5.8664680569332965,8.496786381638575,9.112727543109182
0,43.0,0,51.0,0,4,0,1,0,1,0,0,1,0,0,0,0,0,0,2.0794415416798357,6.20455776256869,7.813591552952433,6.095824562432225,4.276666119016055,8.157370441186774
1,26.0,1,176.0,0,1,1,0,0,1,0,0,1,0,1,0,0,0,0,0.0,0.0,0.0,0.0,0.0,0.0
0,72.0,0,349.0,0,1,1,1,0,1,0,0,0,0,0,0,1,0,0,7.802209316247118,8.014335737299424,0.0,6.558197802812269,3.044522437723423,8.731174900938061
0,49.0,0,188.0,0,2,0,1,0,1,0,0,1,1,0,0,0,0,0,0.0,8.292047637431354,5.700443573390686,5.66988092298052,7.916078096302786,8.898228985601227
1,29.0,1,188.0,0,2,0,0,0,1,0,0,0,1,0,0,0,0,0,0.0,0.0,0.0,0.0,0.0,0.0
1,18.0,0,891.0,0,1,1,0,0,0,0,0,1,0,0,0,0,0,1,0.0,0.0,0.0,0.0,0.0,0.0
0,26.0,1,900.0,1,1,1,1,0,0,0,0,0,0,0,0,0,0,1,0.0,6.008813185442595,0.0,0.0,6.222576268071369,6.813444599510896
1,19.0,1,1153.0,0,1,1,0,0,0,1,0,0,0,0,0,0,1,0,0.0,0.0,0.0,0.0,0.0,0.0
0,18.0,0,1154.0,0,1,1,1,0,0,0,0,0,0,0,0,0,1,0,6.620073206530356,0.0,4.31748811353631,0.0,0.0,6.714170529909472
0,14.0,0,1155.0,0,1,1,1,1,0,0,0,0,0,0,0,0,1,0,6.5722825426940075,5.472270673671475,0.0,6.376726947898627,0.6931471805599453,7.3395376954076745
0,44.0,0,1156.0,0,2,0,1,0,0,1,0,1,0,0,0,0,1,0,6.369900982828227,0.0,5.407171771460119,0.0,7.353081920515432,7.768956044538332
1,34.0,1,1156.0,0,2,0,0,0,0,1,0,1,0,0,0,0,1,0,0.0,0.0,0.0,0.0,0.0,0.0
1,18.0,1,892.0,0,1,1,0,0,0,0,0,0,0,0,0,0,0,1,0.0,0.0,0.0,0.0,0.0,0.0
1,36.0,1,902.0,1,1,1,0,0,0,0,1,0,0,0,0,0,0,1,0.0,0.0,0.0,0.0,0.0,0.0
1,27.0,1,212.0,1,1,1,0,0,1,0,0,0,1,0,0,0,0,0,0.0,0.0,0.0,0.0,0.0,0.0
0,35.0,0,893.0,0,1,1,1,0,0,0,0,1,0,0,0,0,0,1,6.625392368007956,5.817111159963204,0.6931471805599453,5.855071922202427,0.0,7.271008538280992
0,52.0,1,170.0,1,1,1,1,0,1,0,0,1,0,0,1,0,0,0,1.791759469228055,8.164794804244766,3.4657359027997265,6.400257445308821,2.639057329615259,8.334471554600944
0,22.0,0,894.0,0,2,0,1,0,0,0,1,0,0,0,0,0,0,1,6.535241271013659,1.791759469228055,4.394449154672439,0.0,0.0,6.651571873589727
0,34.0,1,1158.0,0,2,0,1,0,0,0,0,1,0,0,0,0,1,0,5.5053315359323625,0.0,6.297109319933935,0.0,2.995732273553991,6.693323668269949
0,37.0,0,895.0,0,1,1,1,0,0,0,1,0,0,0,0,0,0,1,0.0,0.0,1.9459101490553132,6.616065185132817,0.6931471805599453,6.625392368007956
0,22.0,0,1159.0,0,1,1,1,0,0,0,0,0,0,0,0,0,1,0,6.484635235635252,1.0986122886681096,4.430816798843313,0.0,0.0,6.606650186198215
0,26.0,1,1160.0,0,1,1,1,0,0,0,0,1,0,0,0,0,1,0,0.0,6.668228248417403,0.0,2.4849066497880004,4.430816798843313,6.78105762593618
0,14.0,0,363.0,1,1,1,1,1,0,0,0,0,0,0,0,1,0,0,6.3818160174060985,2.302585092994046,0.0,0.0,5.262690188904886,6.674561391814426
1,53.0,1,1161.0,0,1,1,0,0,0,1,0,0,0,0,0,0,1,0,0.0,0.0,0.0,0.0,0.0,0.0
0,17.0,0,1163.0,0,1,1,1,0,0,0,0,1,0,0,0,0,1,0,0.0,6.714170529909472,0.0,7.063903961472068,2.70805020110221,7.603897968521881
0,30.0,0,1067.0,1,1,1,1,0,0,0,0,1,0,0,0,0,1,0,0.0,0.6931471805599453,0.0,6.769641976852503,0.0,6.77078942390898
0,65.0,0,179.0,0,1,1,1,0,1,0,0,1,0,0,1,0,0,0,0.0,6.583409222158765,5.713732805509369,4.6443908991413725,7.886081401775745,8.239329427901795
0,19.0,1,903.0,1,1,1,1,0,0,0,0,1,0,0,0,0,0,1,0.0,0.0,6.2166061010848646,1.0986122886681096,5.342334251964811,6.566672429803241
0,36.0,0,364.0,1,1,1,1,0,1,0,0,0,0,0,0,1,0,0,5.942799375126701,6.532334292222349,0.0,5.69035945432406,7.129297548929373,7.866722285136729
1,3.0,1,904.0,1,5,0,0,1,0,0,0,1,0,0,0,0,0,1,0.0,0.0,0.0,0.0,0.0,0.0
0,6.0,1,904.0,1,5,0,0,1,0,0,0,1,0,0,0,0,0,1,0.0,0.0,0.0,0.0,0.0,0.0
0,4.0,1,933.5,1,5,0,0,1,0,0,0,0,0,0,0,0,1,0,0.0,0.0,0.0,0.0,0.0,0.0
0,21.0,1,1069.0,1,5,0,1,0,0,0,0,1,0,0,0,0,1,0,6.8658910748834385,7.419979923661835,4.418840607796598,0.0,4.3694478524670215,7.932721027481948
1,8.0,1,904.0,1,5,0,0,1,0,0,0,0,0,0,0,0,0,1,0.0,0.0,0.0,0.0,0.0,0.0
1,35.0,1,190.0,0,2,0,0,0,1,0,0,1,1,0,0,0,0,0,0.0,0.0,0.0,0.0,0.0,0.0
0,18.0,1,190.0,0,2,0,1,0,1,0,0,0,1,0,0,0,0,0,0.0,8.092239406724211,0.0,6.07993319509559,5.83773044716594,8.305731144875866
0,34.0,0,365.0,1,1,1,1,0,0,0,0,1,0,0,0,1,0,0,5.14166355650266,7.136483208590247,0.0,8.27563105457801,8.870943863837724,9.431401757086068
1,45.0,1,213.0,1,2,0,0,0,1,0,0,0,1,0,0,0,0,0,0.0,0.0,0.0,0.0,0.0,0.0
0,31.0,1,213.0,1,2,0,1,0,1,0,0,1,1,0,0,0,0,0,0.0,7.106606137727303,2.0794415416798357,4.653960350157523,6.9874902470009905,7.7886260656250315
0,14.0,1,1164.0,0,1,1,1,1,0,0,0,1,0,0,0,0,1,0,3.4339872044851463,6.630683385642372,4.7535901911063645,0.0,0.0,6.805722553416985
0,23.0,0,897.0,0,1,1,1,0,0,0,0,1,0,0,0,0,0,1,6.641182169740591,1.791759469228055,0.0,0.0,0.0,6.647688373563329
1,61.0,1,214.0,1,2,0,0,0,1,0,0,1,1,0,0,0,0,0,0.0,0.0,0.0,0.0,0.0,0.0
0,54.0,0,214.0,1,2,0,1,0,1,0,0,0,1,0,0,0,0,0,0.0,8.98682175033189,0.0,8.422882511944996,9.230829038403499,10.032408332602968
1,28.0,1,171.0,1,2,0,0,0,1,0,0,1,0,0,1,0,0,0,0.0,0.0,0.0,0.0,0.0,0.0
0,46.0,0,171.0,1,2,0,1,0,1,0,0,1,0,0,1,0,0,0,0.0,8.154212694914229,0.0,0.6931471805599453,8.620471540869739,9.107421317968342
0,32.0,1,1072.0,1,1,1,1,0,0,0,0,1,0,0,0,0,1,0,4.836281906951478,6.774223886357614,0.0,5.198497031265826,0.6931471805599453,7.074116816197362
1,49.0,1,906.0,1,1,1,0,0,0,0,0,0,0,0,0,0,0,1,0.0,0.0,0.0,0.0,0.0,0.0
1,20.0,1,907.0,1,1,1,0,0,0,0,0,0,0,0,0,0,0,1,0.0,0.0,0.0,0.0,0.0,0.0
0,25.0,1,1073.0,1,1,1,1,0,0,0,1,0,0,0,0,0,1,0,6.129050210060545,5.484796933490655,0.0,5.480638923341991,0.0,6.843749949006225
0,19.0,1,1075.0,1,1,1,1,0,0,0,0,1,0,0,0,0,1,0,0.0,6.666956792429207,0.0,0.0,2.995732273553991,6.690842277418564
1,28.0,1,908.0,1,1,1,0,0,0,0,0,0,0,0,0,0,0,1,0.0,0.0,0.0,0.0,0.0,0.0
0,68.0,1,1076.0,1,1,1,1,0,0,0,0,1,0,0,0,0,1,0,0.0,0.0,6.878326468291325,0.0,0.0,6.878326468291325
1,16.0,1,898.0,0,1,1,0,0,0,0,0,1,0,0,0,0,0,1,0.0,0.0,0.0,0.0,0.0,0.0
1,19.0,0,352.0,0,5,0,0,0,0,1,0,1,0,0,0,1,0,0,0.0,0.0,0.0,0.0,0.0,0.0
0,49.0,0,352.0,0,5,0,0,0,0,1,1,0,0,0,0,1,0,0,0.0,0.0,0.0,0.0,0.0,0.0
0,15.0,0,352.0,0,5,0,1,0,0,1,0,1,0,0,0,1,0,0,6.792344427470809,2.302585092994046,0.0,7.1316985104669115,4.060443010546419,7.699389406256737
1,26.0,1,352.0,0,5,0,0,0,0,1,0,1,0,0,0,1,0,0,0.0,0.0,0.0,0.0,0.0,0.0
0,22.0,0,352.0,0,5,0,1,0,0,1,0,1,0,0,0,1,0,0,6.690842277418564,0.0,5.937536205082426,0.0,0.0,7.075808863978387
1,23.0,1,911.0,1,1,1,0,0,0,0,1,0,0,0,0,0,0,1,0.0,0.0,0.0,0.0,0.0,0.0
0,31.0,0,899.0,0,1,1,0,0,0,0,0,1,0,0,0,0,0,1,0.0,0.0,0.0,0.0,0.0,0.0
1,27.0,0,900.0,0,1,1,0,0,0,0,0,1,0,0,0,0,0,1,0.0,0.0,0.0,0.0,0.0,0.0
1,28.0,1,901.0,0,1,1,0,0,0,0,0,1,0,0,0,0,0,1,0.0,0.0,0.0,0.0,0.0,0.0
0,20.0,0,1166.0,0,1,1,1,0,0,0,0,1,0,0,0,0,1,0,3.8712010109078907,0.0,0.0,0.0,7.905441649060286,7.922623574217286
0,43.0,0,1168.0,0,1,1,1,0,0,0,0,1,0,0,0,0,1,0,0.6931471805599453,2.1972245773362196,0.0,0.0,6.573680166960646,6.586171654854675
0,22.0,1,913.0,1,1,1,1,0,0,0,0,1,0,0,0,0,0,1,2.995732273553991,2.302585092994046,0.0,0.0,6.38856140554563,6.434546518787453
1,27.0,1,368.0,1,1,1,0,0,1,0,0,1,0,0,0,1,0,0,0.0,0.0,0.0,0.0,0.0,0.0
1,35.0,1,216.0,1,2,0,0,0,1,0,0,1,1,0,0,0,0,0,0.0,0.0,0.0,0.0,0.0,0.0
1,37.0,1,933.5,1,2,0,0,0,1,0,0,0,0,0,0,0,1,0,0.0,0.0,0.0,0.0,0.0,0.0
0,24.0,1,1077.0,1,3,0,1,0,0,1,0,1,0,0,0,0,1,0,5.0689042022202315,0.0,7.374629015218945,0.6931471805599453,0.0,7.469654172932128
0,18.0,0,1077.0,1,3,0,1,0,0,1,0,0,0,0,0,0,1,0,7.938802248154481,0.0,2.8903717578961645,0.0,0.0,7.944846711001996
0,15.0,0,1077.0,1,3,0,1,0,0,1,0,1,0,0,0,0,1,0,6.467698726104354,0.0,3.828641396489095,0.0,2.3978952727983707,6.54965074223381
0,28.0,0,1169.0,0,1,1,1,0,0,1,0,1,0,0,0,0,1,0,7.554858521040676,0.0,0.0,0.0,1.9459101490553132,7.557994958530806
0,24.0,1,1078.0,1,1,1,1,0,0,0,0,1,0,0,0,0,1,0,0.0,4.770684624465665,7.666221925662725,0.0,0.0,7.719573989259581
1,39.0,1,1079.0,1,1,1,0,0,0,1,0,0,0,0,0,0,1,0,0.0,0.0,0.0,0.0,0.0,0.0
1,35.0,1,178.0,0,3,0,0,0,1,0,0,1,0,1,0,0,0,0,0.0,0.0,0.0,0.0,0.0,0.0
0,52.0,1,178.0,0,3,0,1,0,1,0,0,0,0,1,0,0,0,0,0.0,7.262628600974241,3.4657359027997265,0.0,7.186144304522325,7.9291264873067995
0,48.0,0,178.0,0,3,0,1,0,1,0,0,1,0,1,0,0,0,0,0.0,0.0,0.0,7.955775781534187,7.2991214627108,8.373322820996535
0,27.0,0,179.0,0,2,0,1,0,1,0,0,0,0,1,0,0,0,0,5.808142489980444,6.823286122355687,0.0,1.791759469228055,8.480114183174816,8.711607995897575
0,50.0,0,179.0,0,2,0,1,0,1,0,0,0,0,1,0,0,0,0,0.0,4.6443908991413725,0.0,5.484796933490655,9.014568767457824,9.05543941075822
0,24.0,0,902.0,0,1,1,1,0,0,0,0,1,0,0,0,0,0,1,4.04305126783455,3.1354942159291497,5.655991810819852,7.282073658093465,0.0,7.504942068396171
0,26.0,1,915.0,1,1,1,1,0,0,0,1,0,0,0,0,0,0,1,6.694562058521095,0.0,0.0,0.0,3.713572066704308,6.742880635791903
0,24.0,0,1171.0,0,1,1,1,0,0,0,0,1,0,0,0,0,1,0,5.375278407684165,0.0,0.0,0.0,5.860786223465865,6.338594078203183
1,15.0,0,903.0,0,1,1,0,0,0,0,0,1,0,0,0,0,0,1,0.0,0.0,0.0,0.0,0.0,0.0
0,42.0,0,1172.0,0,1,1,1,0,0,0,1,0,0,0,0,0,1,0,7.080867896690782,3.6888794541139363,1.3862943611198906,1.3862943611198906,0.0,7.1180162044653335
0,51.0,0,1175.0,0,1,1,1,0,0,0,0,1,0,0,0,0,1,0,0.0,0.0,0.0,0.0,6.78105762593618,6.78105762593618
0,43.0,1,355.0,0,2,0,1,0,0,0,1,0,0,0,0,1,0,0,6.455198563340122,3.9889840465642745,0.0,1.3862943611198906,0.0,6.539585955617669
1,31.0,0,905.0,0,2,0,0,0,0,0,0,0,0,0,0,0,0,1,0.0,0.0,0.0,0.0,0.0,0.0
1,14.0,1,916.0,1,2,0,0,1,0,0,0,1,0,0,0,0,0,1,0.0,0.0,0.0,0.0,0.0,0.0
0,31.0,0,1080.0,1,2,0,1,0,0,0,0,1,0,0,0,0,1,0,2.639057329615259,0.0,0.0,6.522092798170152,0.0,6.541029999189903
0,33.0,1,71.0,1,1,1,1,0,1,0,0,1,0,0,0,0,0,0,0.0,7.322510433997394,1.791759469228055,4.1588830833596715,4.976733742420574,7.453561871643373
0,21.0,0,906.0,0,1,1,1,0,0,0,0,0,0,0,0,0,0,1,0.0,6.208590026096629,0.0,8.260492856573185,3.4339872044851463,8.387995252944556
0,13.0,0,907.0,0,1,1,1,1,0,0,0,1,0,0,0,0,0,1,4.04305126783455,7.442492722794441,2.772588722239781,0.0,3.1780538303479458,7.496097345175956
0,29.0,1,1083.0,1,1,1,1,0,0,0,0,1,0,0,0,0,1,0,5.659482215759621,6.302618975744905,0.0,0.0,0.0,6.723832440821209
0,22.0,0,217.0,1,1,1,1,0,1,0,0,1,1,0,0,0,0,0,0.0,9.358329249689632,0.0,9.234837843576571,0.6931471805599453,9.99163578306282
0,22.0,0,357.0,0,1,1,1,0,0,1,0,1,0,0,0,1,0,0,6.943122422819428,0.0,5.579729825986222,0.0,0.0,7.170119543449628
1,18.0,1,920.0,1,3,0,0,0,0,0,1,0,0,0,0,0,0,1,0.0,0.0,0.0,0.0,0.0,0.0
1,35.0,1,920.0,1,3,0,0,0,0,0,0,0,0,0,0,0,0,1,0.0,0.0,0.0,0.0,0.0,0.0
1,20.0,1,920.0,1,3,0,0,0,0,0,0,1,0,0,0,0,0,1,0.0,0.0,0.0,0.0,0.0,0.0
0,18.0,1,359.0,0,1,1,1,0,0,0,0,1,0,0,0,1,0,0,0.0,0.0,7.383989457978509,0.0,0.0,7.383989457978509
1,66.0,1,921.0,1,1,1,0,0,0,0,0,1,0,0,0,0,0,1,0.0,0.0,0.0,0.0,0.0,0.0
1,33.0,1,218.0,1,4,0,0,0,1,0,0,1,1,0,0,0,0,0,0.0,0.0,0.0,0.0,0.0,0.0
1,48.0,1,218.0,1,4,0,0,0,1,0,0,0,1,0,0,0,0,0,0.0,0.0,0.0,0.0,0.0,0.0
0,38.0,0,218.0,1,4,0,1,0,1,0,0,0,1,0,0,0,0,0,0.0,7.089243155027514,3.8918202981106265,5.631211781821365,7.126890808898808,7.926241523170962
1,62.0,1,218.0,1,4,0,0,0,1,0,0,1,1,0,0,0,0,0,0.0,0.0,0.0,0.0,0.0,0.0
1,19.0,0,910.0,0,1,1,0,0,0,0,0,1,0,0,0,0,0,1,0.0,0.0,0.0,0.0,0.0,0.0
0,44.0,0,933.5,1,2,0,1,0,0,1,0,0,0,0,0,0,1,0,7.7266536648476425,0.0,4.68213122712422,0.0,0.0,7.772752716468742
0,25.0,0,180.0,0,2,0,1,0,0,1,0,0,0,0,1,0,0,0,7.2520539518528135,4.820281565605037,3.295836866004329,2.302585092994046,6.70073110954781,7.7752758464868625
0,15.0,0,1179.0,0,1,1,1,0,0,0,0,1,0,0,0,0,1,0,5.855071922202427,7.395107546562485,0.0,0.0,0.0,7.588829878307813
0,20.0,1,1084.0,1,1,1,1,0,0,0,0,1,0,0,0,0,1,0,2.5649493574615367,5.181783550292085,7.01301578963963,0.0,0.0,7.170119543449628
0,34.0,0,1180.0,0,1,1,1,0,0,0,0,1,0,0,0,0,1,0,5.455321115357702,0.0,0.0,6.961296045910167,5.056245805348308,7.275172319452771
0,23.0,0,360.0,0,1,1,1,0,0,1,0,1,0,0,0,1,0,0,6.71174039505618,0.0,6.761572768804055,6.499787040655854,0.0,7.761744984658913
0,45.0,1,1087.0,1,1,1,1,0,0,0,0,1,0,0,0,0,1,0,0.0,0.0,7.75491027202143,4.442651256490317,0.0,7.790282380703483
1,39.0,1,922.0,1,1,1,0,0,0,0,0,1,0,0,0,0,0,1,0.0,0.0,0.0,0.0,0.0,0.0
1,33.0,1,911.0,0,1,1,0,0,0,0,1,0,0,0,0,0,0,1,0.0,0.0,0.0,0.0,0.0,0.0
0,14.0,0,1088.0,1,2,0,1,1,0,0,0,1,0,0,0,0,1,0,0.0,0.0,5.786897381366708,5.5134287461649825,5.723585101952381,6.777646593635117
0,26.0,1,923.0,1,2,0,1,0,0,0,0,1,0,0,0,0,0,1,5.187385805840755,0.0,1.3862943611198906,0.0,6.558197802812269,6.786716950605081
1,47.0,1,924.0,1,1,1,0,0,0,0,0,1,0,0,0,0,0,1,0.0,0.0,0.0,0.0,0.0,0.0
1,27.0,1,173.0,1,1,1,0,0,0,1,0,1,0,0,1,0,0,0,0.0,0.0,0.0,0.0,0.0,0.0
1,28.0,1,912.0,0,1,1,0,0,0,0,0,0,0,0,0,0,0,1,0.0,0.0,0.0,0.0,0.0,0.0
1,22.0,1,913.0,0,1,1,0,0,0,0,0,1,0,0,0,0,0,1,0.0,0.0,0.0,0.0,0.0,0.0
1,17.0,1,925.0,1,1,1,0,0,0,0,0,1,0,0,0,0,0,1,0.0,0.0,0.0,0.0,0.0,0.0
0,16.0,1,1090.0,1,2,0,1,0,0,0,0,1,0,0,0,0,1,0,0.0,6.129050210060545,6.587550014824796,0.0,0.0,7.076653815443951
0,9.0,1,926.0,1,2,0,0,1,0,0,0,1,0,0,0,0,0,1,0.0,0.0,0.0,0.0,0.0,0.0
0,15.0,1,1091.0,1,1,1,1,0,0,0,0,1,0,0,0,0,1,0,0.0,0.0,6.881411303642535,3.4011973816621555,0.0,6.910750787961936
0,33.0,1,215.0,1,1,1,1,0,1,0,0,1,0,1,0,0,0,0,0.0,8.38320455141292,0.0,8.319717386850606,0.0,9.04499391938819
0,61.0,1,1092.0,1,1,1,1,0,0,0,0,1,0,0,0,0,1,0,0.0,5.117993812416755,6.985641817639208,0.0,2.833213344056216,7.141245122350491
0,19.0,0,1183.0,0,1,1,1,0,0,0,0,1,0,0,0,0,1,0,0.0,0.0,0.0,6.541029999189903,5.10594547390058,6.75343791859778
1,61.0,1,371.0,1,1,1,0,0,1,0,0,1,0,0,0,1,0,0,0.0,0.0,0.0,0.0,0.0,0.0
0,42.0,1,915.0,0,1,1,1,0,0,0,0,1,0,0,0,0,0,1,0.0,3.4011973816621555,5.762051382780177,6.075346031088684,3.828641396489095,6.716594773520978
0,4.0,0,916.0,0,5,0,0,1,0,0,0,1,0,0,0,0,0,1,0.0,0.0,0.0,0.0,0.0,0.0
0,12.0,1,916.0,0,5,0,0,1,0,0,0,1,0,0,0,0,0,1,0.0,0.0,0.0,0.0,0.0,0.0
0,0.0,1,916.0,0,5,0,0,1,0,0,0,1,0,0,0,0,0,1,0.0,0.0,0.0,0.0,0.0,0.0
1,19.0,1,916.0,0,5,0,0,0,0,0,0,1,0,0,0,0,0,1,0.0,0.0,0.0,0.0,0.0,0.0
1,27.0,1,916.0,0,5,0,0,0,0,0,0,1,0,0,0,0,0,1,0.0,0.0,0.0,0.0,0.0,0.0
0,29.0,1,1093.0,1,1,1,1,0,0,0,1,0,0,0,0,0,1,0,0.0,5.159055299214529,0.0,0.0,7.052721049232323,7.192182058713246
0,59.0,1,917.0,0,1,1,1,0,0,0,0,1,0,0,0,0,0,1,0.0,6.499787040655854,0.0,4.976733742420574,4.955827057601261,6.856461984594587
1,20.0,1,927.0,1,1,1,0,0,0,0,0,1,0,0,0,0,0,1,0.0,0.0,0.0,0.0,0.0,0.0
0,70.0,1,918.0,0,2,0,1,0,0,0,0,1,0,0,0,0,0,1,5.968707559985366,0.0,0.0,0.0,6.251903883165888,6.812345094177479
1,3.0,0,918.0,0,2,0,0,1,0,0,0,1,0,0,0,0,0,1,0.0,0.0,0.0,0.0,0.0,0.0
1,37.0,1,219.0,1,2,0,0,0,1,0,0,1,1,0,0,0,0,0,0.0,0.0,0.0,0.0,0.0,0.0
0,58.0,0,219.0,1,2,0,1,0,1,0,0,1,1,0,0,0,0,0,0.0,7.588829878307813,6.395261598115449,2.0794415416798357,8.223358899479258,8.749415406663651
0,44.0,0,928.0,1,1,1,1,0,0,0,0,1,0,0,0,0,0,1,4.248495242049359,0.0,2.8903717578961645,5.176149732573829,7.652545692693921,7.769800996003896
1,24.0,0,372.0,1,1,1,0,0,0,1,0,1,0,0,0,1,0,0,0.0,0.0,0.0,0.0,0.0,0.0
1,20.0,1,919.0,0,1,1,0,0,0,0,1,0,0,0,0,0,0,1,0.0,0.0,0.0,0.0,0.0,0.0
0,24.0,1,1094.0,1,1,1,1,0,0,0,0,1,0,0,0,0,1,0,5.056245805348308,0.0,5.8998973535824915,6.194405391104672,5.950642552587727,7.239214973779806
1,27.0,1,192.0,0,1,1,0,0,1,0,0,0,1,0,0,0,0,0,0.0,0.0,0.0,0.0,0.0,0.0
0,28.0,0,920.0,0,1,1,1,0,0,0,0,0,0,0,0,0,0,1,0.0,0.0,0.0,6.568077911411976,0.0,6.568077911411976
0,24.0,0,1185.0,0,1,1,1,0,0,0,0,1,0,0,0,0,1,0,0.0,5.384495062789089,0.0,4.356708826689592,6.236369590203704,6.690842277418564
1,29.0,1,1186.0,0,1,1,0,0,0,1,0,1,0,0,0,0,1,0,0.0,0.0,0.0,0.0,0.0,0.0
0,25.0,0,1187.0,0,1,1,1,0,0,0,0,1,0,0,0,0,1,0,7.615791072035833,0.6931471805599453,0.0,0.0,4.804021044733257,7.674152921281675
0,20.0,0,921.0,0,1,1,1,0,0,0,0,1,0,0,0,0,0,1,0.0,0.0,3.9889840465642745,1.0986122886681096,6.626717749249025,6.697034247666484
0,34.0,1,922.0,0,2,0,1,0,0,0,0,0,0,0,0,0,0,1,0.0,7.465082736399547,1.9459101490553132,1.791759469228055,3.6375861597263857,7.492203042618741
0,28.0,0,1188.0,0,2,0,1,0,0,0,0,1,0,0,0,0,1,0,0.0,0.0,0.0,7.083387847625295,4.700480365792417,7.170888478512505
1,27.0,1,362.0,0,1,1,0,0,0,0,0,1,0,0,0,1,0,0,0.0,0.0,0.0,0.0,0.0,0.0
0,23.0,0,1189.0,0,1,1,1,0,0,0,0,1,0,0,0,0,1,0,0.6931471805599453,0.0,0.6931471805599453,0.0,6.428105272684596,6.431331081933479
0,39.0,1,216.0,1,2,0,1,0,1,0,0,1,0,1,0,0,0,0,0.0,9.380673689458071,2.639057329615259,3.6888794541139363,1.3862943611198906,9.385301574363845
0,35.0,1,216.0,1,2,0,1,0,1,0,0,1,0,1,0,0,0,0,0.0,8.940760134888384,0.0,5.869296913133774,6.559615237493242,9.070503426788383
1,18.0,1,929.0,1,1,1,0,0,0,0,0,1,0,0,0,0,0,1,0.0,0.0,0.0,0.0,0.0,0.0
1,20.0,1,930.0,1,1,1,0,0,0,0,0,1,0,0,0,0,0,1,0.0,0.0,0.0,0.0,0.0,0.0
0,42.0,0,52.0,0,2,0,1,0,1,0,0,1,0,0,0,0,0,0,0.0,2.833213344056216,0.0,4.976733742420574,8.92172453036431,8.942853006809921
0,32.0,0,52.0,0,2,0,1,0,1,0,0,0,0,0,0,0,0,0,4.2626798770413155,6.639875833826536,6.586171654854675,6.306275286948016,7.168579897264035,8.132412674500905
0,50.0,0,1096.0,1,1,1,1,0,0,0,0,0,0,0,0,0,1,0,4.060443010546419,3.4011973816621555,0.0,0.0,6.467698726104354,6.593044534142437
0,23.0,1,931.0,1,1,1,1,0,0,0,0,1,0,0,0,0,0,1,0.0,3.6375861597263857,6.756932389247553,2.302585092994046,0.6931471805599453,6.810142450115136
0,19.0,0,932.0,1,1,1,1,0,0,0,0,1,0,0,0,0,0,1,0.0,0.0,0.0,8.590815331286851,4.941642422609304,8.616314282284044
0,29.0,0,1192.0,0,1,1,1,0,0,0,0,1,0,0,0,0,1,0,6.573680166960646,3.8712010109078907,0.0,0.0,0.0,6.637258031284457
0,35.0,0,53.0,0,1,1,1,0,1,0,0,1,0,0,0,0,0,0,5.5134287461649825,6.07993319509559,6.131226489483141,0.6931471805599453,7.59337419312129,8.048149101665201
0,18.0,0,363.0,0,1,1,1,0,0,0,0,1,0,0,0,1,0,0,0.0,6.439350371100098,0.0,0.0,5.877735781779639,6.889591308354466
0,24.0,0,924.0,0,1,1,1,0,0,0,1,0,0,0,0,0,0,1,5.081404364984463,3.044522437723423,3.6888794541139363,6.315358001522335,0.6931471805599453,6.650279048587422
0,23.0,1,933.0,1,1,1,1,0,0,0,0,1,0,0,0,0,0,1,4.48863636973214,0.0,6.375024819828097,0.0,0.0,6.51471269087253
0,51.0,0,1194.0,0,8,0,1,0,0,0,0,1,0,0,0,0,1,0,6.297109319933935,0.0,5.8888779583328805,0.0,0.0,6.805722553416985
0,42.0,0,1194.0,0,8,0,1,0,0,0,0,1,0,0,0,0,1,0,6.0867747269123065,0.0,0.0,0.0,5.541263545158426,6.542471960506805
0,19.0,0,1194.0,0,8,0,1,0,0,0,1,0,0,0,0,0,1,0,1.791759469228055,0.0,0.0,6.57507584059962,0.0,6.582025138892826
0,23.0,0,1194.0,0,8,0,0,0,0,0,0,1,0,0,0,0,1,0,0.0,0.0,0.0,0.0,0.0,0.0
1,19.0,1,1194.0,0,8,0,0,0,0,0,0,1,0,0,0,0,1,0,0.0,0.0,0.0,0.0,0.0,0.0
0,22.0,0,1194.0,0,8,0,1,0,0,0,1,0,0,0,0,0,1,0,5.0689042022202315,0.0,6.1675164908883415,0.0,3.295836866004329,6.493753839851687
0,25.0,0,933.5,1,8,0,1,0,0,0,0,1,0,0,0,0,1,0,2.5649493574615367,1.9459101490553132,7.943782692458625,5.83773044716594,0.0,8.064007347096661
0,31.0,0,1194.0,0,8,0,1,0,0,0,1,0,0,0,0,0,1,0,2.4849066497880004,0.0,0.0,7.556427969440253,7.02197642307216,8.020927718981577
0,23.0,0,1195.0,0,1,1,1,0,0,0,0,1,0,0,0,0,1,0,0.0,0.0,0.0,6.326149473155099,0.6931471805599453,6.327936783729195
1,22.0,1,934.0,1,1,1,0,0,0,0,0,1,0,0,0,0,0,1,0.0,0.0,0.0,0.0,0.0,0.0
1,55.0,1,220.0,1,1,1,0,0,1,0,0,1,1,0,0,0,0,0,0.0,0.0,0.0,0.0,0.0,0.0
0,40.0,0,1099.0,1,2,0,1,0,0,0,0,1,0,0,0,0,1,0,0.0,0.0,4.04305126783455,0.6931471805599453,6.466144724237619,6.551080335043404
0,24.0,0,1099.0,1,2,0,1,0,0,0,0,1,0,0,0,0,1,0,0.0,0.0,0.0,6.732210706467206,5.267858159063328,6.939253946041508
0,25.0,1,1100.0,1,1,1,1,0,0,0,0,1,0,0,0,0,1,0,0.0,0.0,6.945051063725834,2.1972245773362196,0.6931471805599453,6.953684210870537
0,42.0,0,181.0,0,1,1,1,0,1,0,0,1,0,1,0,0,0,0,0.0,7.534762657037537,0.0,6.3473892096560105,5.298317366548036,7.878912912297132
1,33.0,1,936.0,1,1,1,0,0,0,0,1,0,0,0,0,0,0,1,0.0,0.0,0.0,0.0,0.0,0.0
1,54.0,1,193.0,0,2,0,0,0,1,0,0,1,1,0,0,0,0,0,0.0,0.0,0.0,0.0,0.0,0.0
1,22.0,1,193.0,0,2,0,0,0,1,0,0,0,1,0,0,0,0,0,0.0,0.0,0.0,0.0,0.0,0.0
1,22.0,1,194.0,0,2,0,0,0,1,0,0,1,1,0,0,0,0,0,0.0,0.0,0.0,0.0,0.0,0.0
1,19.0,1,194.0,0,2,0,0,0,1,0,0,0,1,0,0,0,0,0,0.0,0.0,0.0,0.0,0.0,0.0
0,47.0,1,937.0,1,1,1,1,0,0,0,0,1,0,0,0,0,0,1,0.0,6.767343125265392,0.0,1.6094379124341003,0.0,6.771935555839602
0,23.0,0,1197.0,0,1,1,1,0,0,1,0,0,0,0,0,0,1,0,6.415096959171596,6.755768921984256,4.330733340286331,7.214504414151143,0.0,7.973155433444133
1,61.0,1,217.0,1,1,1,0,0,1,0,0,0,0,1,0,0,0,0,0.0,0.0,0.0,0.0,0.0,0.0
0,21.0,0,1102.0,1,1,1,1,0,0,0,0,1,0,0,0,0,1,0,0.0,4.859812404361672,5.3471075307174685,1.6094379124341003,5.950642552587727,6.586171654854675
0,46.0,0,1199.0,0,1,1,1,0,0,0,1,0,0,0,0,0,1,0,6.327936783729195,3.258096538021482,0.0,3.1354942159291497,6.641182169740591,7.22402480828583
0,36.0,0,926.0,0,1,1,1,0,0,0,0,1,0,0,0,0,0,1,0.0,0.0,0.0,0.0,6.811244378601294,6.811244378601294
0,15.0,1,938.0,1,1,1,1,0,0,0,0,1,0,0,0,0,0,1,0.0,6.561030665896573,0.0,0.0,0.0,6.561030665896573
0,33.0,1,195.0,0,3,0,1,0,1,0,0,1,1,0,0,0,0,0,7.711548979629146,8.765458531504226,0.0,3.1780538303479458,5.6131281063880705,9.098067129493398
1,35.0,1,195.0,0,3,0,0,0,1,0,0,1,1,0,0,0,0,0,0.0,0.0,0.0,0.0,0.0,0.0
1,21.0,1,195.0,0,3,0,0,0,1,0,0,0,1,0,0,0,0,0,0.0,0.0,0.0,0.0,0.0,0.0
0,21.0,0,1200.0,0,1,1,1,0,0,0,0,0,0,0,0,0,1,0,0.0,0.0,0.0,0.6931471805599453,6.38856140554563,6.39024066706535
0,43.0,1,1201.0,0,1,1,1,0,0,0,0,0,0,0,0,0,1,0,0.0,7.088408778675395,0.0,5.4116460518550396,0.6931471805599453,7.259819610363186
0,34.0,0,1104.0,1,1,1,1,0,0,0,1,0,0,0,0,0,1,0,6.349138991379798,0.0,0.0,0.0,0.0,6.349138991379798
0,47.0,0,928.0,0,1,1,1,0,0,0,1,0,0,0,0,0,0,1,2.70805020110221,1.3862943611198906,0.0,7.450660796211539,0.0,7.460490305825338
0,27.0,1,1105.0,1,1,1,1,0,0,1,0,1,0,0,0,0,1,0,6.7464121285733745,0.0,6.525029657843462,0.6931471805599453,0.0,7.334981878871814
0,46.0,0,218.0,1,1,1,1,0,1,0,0,1,0,1,0,0,0,0,0.0,6.974478911025045,6.852242569051878,7.858640655620791,6.699500340161678,8.59637398929068
0,46.0,1,941.0,1,1,1,1,0,0,0,0,1,0,0,0,0,0,1,5.214935757608986,2.0794415416798357,6.45833828334479,5.209486152841421,1.791759469228055,6.922643891475888
0,40.0,0,196.0,0,1,1,1,0,1,0,0,0,1,0,0,0,0,0,0.0,8.113426639943654,0.0,8.755422380148488,5.298317366548036,9.198470199405696
1,59.0,1,375.0,1,1,1,0,0,1,0,0,0,0,0,0,1,0,0,0.0,0.0,0.0,0.0,0.0,0.0
0,45.0,0,182.0,0,1,1,1,0,1,0,0,1,0,0,1,0,0,0,0.0,7.0925737159746784,5.0106352940962555,7.29505641646263,8.125630988477065,8.732788324973118
0,19.0,1,1106.0,1,1,1,1,0,0,0,1,0,0,0,0,0,1,0,0.0,4.564348191467836,6.39024066706535,0.0,0.0,6.53813982376767
0,32.0,0,1107.0,1,1,1,1,0,0,1,0,1,0,0,0,0,1,0,8.820256365906321,0.0,0.0,4.736198448394496,0.6931471805599453,8.83695515733143
1,39.0,1,1108.0,1,1,1,0,0,0,0,0,0,0,0,0,0,1,0,0.0,0.0,0.0,0.0,0.0,0.0
0,40.0,0,1203.0,0,1,1,1,0,0,0,0,1,0,0,0,0,1,0,6.495265555937008,0.0,6.7226297948554485,0.0,1.9459101490553132,7.311886164077165
0,44.0,1,175.0,1,1,1,1,0,0,1,0,1,0,0,1,0,0,0,6.704414354964107,5.393627546352361,3.1354942159291497,0.0,0.0,6.963189985870238
1,26.0,0,933.0,0,1,1,0,0,0,0,0,1,0,0,0,0,0,1,0.0,0.0,0.0,0.0,0.0,0.0
0,22.0,0,1109.0,1,1,1,1,0,0,0,0,1,0,0,0,0,1,0,6.244166900663736,0.0,1.0986122886681096,4.867534450455582,6.369900982828227,7.113956109566034
0,2.0,0,934.0,0,3,0,0,1,0,0,0,1,0,0,0,0,0,1,0.0,0.0,0.0,0.0,0.0,0.0
0,18.0,0,1204.0,0,3,0,1,0,0,0,0,1,0,0,0,0,1,0,0.0,1.3862943611198906,3.7376696182833684,5.886104031450156,5.976350909297934,6.680854678790215
0,53.0,0,1204.0,0,3,0,1,0,0,0,0,1,0,0,0,0,1,0,6.62273632394984,0.0,0.0,2.0794415416798357,0.0,6.6320017773956295
0,22.0,0,1205.0,0,2,0,1,0,0,0,0,1,0,0,0,0,1,0,4.653960350157523,6.238324625039508,5.541263545158426,6.054439346269371,1.6094379124341003,7.1693500166706
0,46.0,1,1205.0,0,2,0,1,0,0,0,0,1,0,0,0,0,1,0,0.0,4.59511985013459,7.639161171659173,0.0,0.0,7.685243607975833
1,28.0,1,935.0,0,2,0,0,0,0,0,0,1,0,0,0,0,0,1,0.0,0.0,0.0,0.0,0.0,0.0
0,31.0,1,366.0,0,2,0,1,0,0,0,0,1,0,0,0,1,0,0,0.0,7.306531398939505,4.23410650459726,1.9459101490553132,0.0,7.355001921105257
0,36.0,0,54.0,0,2,0,1,0,1,0,0,0,0,0,0,0,0,0,0.6931471805599453,8.308691916838898,4.564348191467836,0.0,7.6544432264701125,8.742574237670638
0,46.0,1,54.0,0,2,0,1,0,1,0,0,0,0,0,0,0,0,0,3.58351893845611,8.282483003730562,0.0,7.653969180478774,0.0,8.715552125907816
1,0.0,1,943.0,1,6,0,0,1,0,0,0,1,0,0,0,0,0,1,0.0,0.0,0.0,0.0,0.0,0.0
0,3.0,1,943.0,1,6,0,0,1,0,0,0,1,0,0,0,0,0,1,0.0,0.0,0.0,0.0,0.0,0.0
1,12.0,1,943.0,1,6,0,0,1,0,0,0,1,0,0,0,0,0,1,0.0,0.0,0.0,0.0,0.0,0.0
1,2.0,1,943.0,1,6,0,0,1,0,0,0,1,0,0,0,0,0,1,0.0,0.0,0.0,0.0,0.0,0.0
1,41.0,1,943.0,1,6,0,0,0,0,0,0,1,0,0,0,0,0,1,0.0,0.0,0.0,0.0,0.0,0.0
1,11.0,1,943.0,1,6,0,0,1,0,0,0,0,0,0,0,0,0,1,0.0,0.0,0.0,0.0,0.0,0.0
1,41.0,1,936.0,0,1,1,0,0,0,0,0,1,0,0,0,0,0,1,0.0,0.0,0.0,0.0,0.0,0.0
0,17.0,0,176.0,1,7,0,1,0,0,1,0,1,0,0,1,0,0,0,6.2422232654551655,0.0,6.507277712385012,0.0,0.0,7.075808863978387
1,21.0,1,176.0,1,7,0,0,0,0,1,0,0,0,0,1,0,0,0,0.0,0.0,0.0,0.0,0.0,0.0
1,21.0,1,176.0,1,7,0,0,0,0,1,0,0,0,0,1,0,0,0,0.0,0.0,0.0,0.0,0.0,0.0
0,27.0,1,176.0,1,7,0,1,0,0,1,0,1,0,0,1,0,0,0,4.499809670330265,6.790097235513905,3.9512437185814275,1.791759469228055,0.0,6.9411900550683745
1,54.0,1,176.0,1,7,0,0,0,0,1,0,1,0,0,1,0,0,0,0.0,0.0,0.0,0.0,0.0,0.0
0,15.0,0,176.0,1,7,0,1,0,0,1,0,1,0,0,1,0,0,0,7.745002803515839,0.0,7.04141166379481,0.6931471805599453,2.3978952727983707,8.149890544402423
1,39.0,1,176.0,1,7,0,0,0,0,1,0,1,0,0,1,0,0,0,0.0,0.0,0.0,0.0,0.0,0.0
0,31.0,1,937.0,0,1,1,1,0,0,0,0,1,0,0,0,0,0,1,0.6931471805599453,0.0,2.0794415416798357,0.0,5.961005339623274,5.981414211254481
1,28.0,1,1111.0,1,1,1,0,0,0,1,0,1,0,0,0,0,1,0,0.0,0.0,0.0,0.0,0.0,0.0
0,21.0,0,938.0,0,1,1,1,0,0,0,0,1,0,0,0,0,0,1,8.175829008714597,1.791759469228055,0.0,0.0,1.0986122886681096,8.177796683277778
1,29.0,1,221.0,1,1,1,0,0,1,0,0,1,1,0,0,0,0,0,0.0,0.0,0.0,0.0,0.0,0.0
0,45.0,1,1112.0,1,1,1,1,0,0,0,0,1,0,0,0,0,1,0,4.727387818712341,6.008813185442595,5.293304824724492,0.0,0.0,6.57507584059962
0,44.0,0,183.0,0,1,1,1,0,1,0,0,0,0,1,0,0,0,0,0.0,6.208590026096629,4.605170185988092,5.762051382780177,8.633374945705647,8.783855896643942
1,12.0,1,939.0,0,1,1,0,1,0,0,0,1,0,0,0,0,0,1,0.0,0.0,0.0,0.0,0.0,0.0
1,18.0,1,944.0,1,1,1,0,0,0,0,0,0,0,0,0,0,0,1,0.0,0.0,0.0,0.0,0.0,0.0
1,20.0,1,940.0,0,1,1,0,0,0,0,0,0,0,0,0,0,0,1,0.0,0.0,0.0,0.0,0.0,0.0
0,43.0,1,198.0,0,1,1,1,0,1,0,0,1,1,0,0,0,0,0,0.0,9.083529205109796,0.0,6.364750756851911,0.0,9.147294070258548
1,46.0,1,367.0,0,1,1,0,0,0,0,0,0,0,0,0,1,0,0,0.0,0.0,0.0,0.0,0.0,0.0
0,53.0,1,945.0,1,1,1,1,0,0,0,0,1,0,0,0,0,0,1,0.0,4.23410650459726,0.0,6.825460036255307,1.6094379124341003,6.900730664045173
0,21.0,0,941.0,0,1,1,1,0,0,0,0,1,0,0,0,0,0,1,6.432940092739179,0.0,0.0,0.0,0.0,6.432940092739179
0,23.0,0,1113.0,1,1,1,1,0,0,0,0,1,0,0,0,0,1,0,0.0,3.091042453358316,0.0,0.0,6.57507584059962,6.6039438246004725
0,9.0,0,933.5,1,1,1,0,1,0,0,0,0,0,0,0,0,1,0,0.0,0.0,0.0,0.0,0.0,0.0
0,19.0,0,1206.0,0,1,1,1,0,0,0,0,1,0,0,0,0,1,0,6.304448802421981,2.4849066497880004,0.0,5.786897381366708,5.389071729816501,7.00397413672268
1,52.0,1,946.0,1,1,1,0,0,0,0,1,0,0,0,0,0,0,1,0.0,0.0,0.0,0.0,0.0,0.0
1,31.0,1,222.0,1,1,1,0,0,1,0,0,0,1,0,0,0,0,0,0.0,0.0,0.0,0.0,0.0,0.0
0,62.0,0,1114.0,1,1,1,1,0,0,0,0,1,0,0,0,0,1,0,6.635946555686647,2.772588722239781,0.0,0.0,0.0,6.655440350367647
1,27.0,1,219.0,1,1,1,0,0,1,0,0,1,0,1,0,0,0,0,0.0,0.0,0.0,0.0,0.0,0.0
1,23.0,0,946.0,0,1,1,0,0,0,0,0,1,0,0,0,0,0,1,0.0,0.0,0.0,0.0,0.0,0.0
1,28.0,1,220.0,1,2,0,0,0,1,0,0,0,0,1,0,0,0,0,0.0,0.0,0.0,0.0,0.0,0.0
1,27.0,1,220.0,1,2,0,0,0,1,0,0,0,0,1,0,0,0,0,0.0,0.0,0.0,0.0,0.0,0.0
1,58.0,1,947.0,1,1,1,0,0,0,0,0,1,0,0,0,0,0,1,0.0,0.0,0.0,0.0,0.0,0.0
0,24.0,1,369.0,0,1,1,1,0,0,0,0,0,0,0,0,1,0,0,0.0,3.4339872044851463,6.728628613084702,0.0,0.0,6.763884908562435
0,27.0,0,376.0,1,1,1,1,0,0,1,0,1,0,0,0,1,0,0,5.0106352940962555,0.0,6.792344427470809,2.302585092994046,0.0,6.955592608396297
0,33.0,0,1115.0,1,1,1,1,0,0,0,0,1,0,0,0,0,1,0,3.6109179126442243,0.0,0.0,7.255591274253665,0.0,7.280697195384741
0,28.0,1,377.0,1,1,1,1,0,0,0,0,1,0,0,0,1,0,0,5.438079308923196,6.635946555686647,0.0,0.0,1.9459101490553132,6.904750769961838
0,39.0,0,1208.0,0,1,1,1,0,0,0,0,1,0,0,0,0,1,0,0.0,0.0,0.0,0.0,7.007600613951853,7.007600613951853
0,27.0,0,370.0,0,1,1,1,0,0,0,0,1,0,0,0,1,0,0,0.0,0.0,0.0,6.590301048196686,5.564520407322694,6.895682697747868
0,36.0,1,1117.0,1,1,1,1,0,0,0,0,1,0,0,0,0,1,0,0.0,4.330733340286331,4.672828834461906,0.0,7.55171221535131,7.642524134232902
0,64.0,1,1209.0,0,2,0,1,0,0,0,0,1,0,0,0,0,1,0,0.0,6.436150368369428,7.510977752014095,0.0,0.0,7.804251383528112
0,41.0,1,949.0,0,2,0,1,0,0,0,1,0,0,0,0,0,0,1,0.0,0.0,6.5337888379333435,0.0,4.189654742026425,6.6240652277998935
1,27.0,1,199.0,0,2,0,0,0,1,0,0,0,1,0,0,0,0,0,0.0,0.0,0.0,0.0,0.0,0.0
1,27.0,1,199.0,0,2,0,0,0,1,0,0,1,1,0,0,0,0,0,0.0,0.0,0.0,0.0,0.0,0.0
0,27.0,0,378.0,1,1,1,1,0,1,0,0,1,0,0,0,1,0,0,0.0,1.0986122886681096,4.174387269895637,4.941642422609304,8.251142139090751,8.30325712085294
0,22.0,1,948.0,1,1,1,1,0,0,0,0,0,0,0,0,0,0,1,6.182084906716632,0.0,0.0,5.720311776607412,3.091042453358316,6.695798917058491
0,23.0,1,371.0,0,1,1,1,0,0,0,0,1,0,0,0,1,0,0,0.0,6.124683390894205,7.872836175025724,6.816735880594968,2.1972245773362196,8.294299608857235
0,40.0,0,1118.0,1,3,0,1,0,0,1,0,1,0,0,0,0,1,0,2.0794415416798357,0.0,1.9459101490553132,7.095893221097532,4.48863636973214,7.176254532017144
1,2.0,1,1118.0,1,3,0,0,1,0,1,0,1,0,0,0,0,1,0,0.0,0.0,0.0,0.0,0.0,0.0
0,0.0,1,1118.0,1,3,0,0,1,0,1,0,1,0,0,0,0,1,0,0.0,0.0,0.0,0.0,0.0,0.0
0,27.0,1,949.0,1,1,1,1,0,0,0,0,1,0,0,0,0,0,1,0.0,7.4815557019095165,0.0,2.8903717578961645,2.639057329615259,7.498315870766981
0,0.0,1,950.0,0,2,0,0,1,0,0,0,0,0,0,0,0,0,1,0.0,0.0,0.0,0.0,0.0,0.0
0,17.0,0,1210.0,0,2,0,1,0,0,0,0,1,0,0,0,0,1,0,0.0,6.340359303727752,2.9444389791664403,5.765191102784844,0.0,6.805722553416985
0,45.0,0,1212.0,0,1,1,1,0,0,0,0,1,0,0,0,0,1,0,0.0,0.0,0.0,7.31455283232408,3.2188758248682006,7.330405211844402
0,62.0,0,379.0,1,1,1,1,0,0,0,0,1,0,0,0,1,0,0,4.653960350157523,3.9889840465642745,5.272999558563747,6.07993319509559,0.0,6.669498089857879
1,14.0,1,952.0,1,1,1,0,1,0,0,0,0,0,0,0,0,0,1,0.0,0.0,0.0,0.0,0.0,0.0
0,24.0,1,1120.0,1,1,1,1,0,0,0,0,0,0,0,0,0,1,0,0.0,7.222566018822171,6.744059186311348,0.0,0.0,7.704361167910313
1,51.0,1,953.0,1,1,1,0,0,0,0,1,0,0,0,0,0,0,1,0.0,0.0,0.0,0.0,0.0,0.0
0,49.0,0,381.0,1,1,1,1,0,0,0,0,1,0,0,0,1,0,0,3.044522437723423,0.0,0.0,6.646390514847729,0.0,6.672032945461067
0,52.0,1,184.0,0,3,0,1,0,0,1,0,1,0,0,1,0,0,0,7.21890970761906,4.882801922586371,6.09807428216624,0.0,0.0,7.570443252057374
1,35.0,1,1213.0,0,3,0,0,0,0,1,0,0,0,0,0,0,1,0,0.0,0.0,0.0,0.0,0.0,0.0
1,22.0,1,1213.0,0,3,0,0,0,0,1,0,1,0,0,0,0,1,0,0.0,0.0,0.0,0.0,0.0,0.0
0,17.0,0,1121.0,1,1,1,1,0,0,0,0,1,0,0,0,0,1,0,0.0,0.0,7.347943823148687,0.0,0.0,7.347943823148687
1,47.0,1,224.0,1,1,1,0,0,1,0,0,0,1,0,0,0,0,0,0.0,0.0,0.0,0.0,0.0,0.0
1,25.0,1,1122.0,1,1,1,0,0,0,1,0,1,0,0,0,0,1,0,0.0,0.0,0.0,0.0,0.0,0.0
1,11.0,1,953.0,0,1,1,0,1,0,0,0,1,0,0,0,0,0,1,0.0,0.0,0.0,0.0,0.0,0.0
0,17.0,0,1214.0,0,1,1,1,0,0,0,0,1,0,0,0,0,1,0,2.9444389791664403,2.3978952727983707,4.304065093204169,0.0,6.956545443151569,7.048386408721883
0,41.0,1,1123.0,1,8,0,1,0,0,0,0,1,0,0,0,0,1,0,2.1972245773362196,6.278521424165844,0.0,0.0,4.61512051684126,6.46302945692067
0,55.0,1,1123.0,1,8,0,1,0,0,0,0,1,0,0,0,0,1,0,0.0,0.0,0.0,6.230481447578482,6.813444599510896,7.256297239690681
0,29.0,1,1123.0,1,8,0,1,0,0,0,0,1,0,0,0,0,1,0,0.0,7.78155595923534,2.0794415416798357,3.044522437723423,1.9459101490553132,7.795234929002173
0,19.0,0,954.0,1,8,0,1,0,0,0,0,1,0,0,0,0,0,1,0.0,0.0,0.0,6.790097235513905,0.0,6.790097235513905
1,23.0,1,954.0,1,8,0,0,0,0,0,0,0,0,0,0,0,0,1,0.0,0.0,0.0,0.0,0.0,0.0
0,32.0,0,954.0,1,8,0,1,0,0,0,0,1,0,0,0,0,0,1,8.41604600941128,6.818924065275521,0.0,4.543294782270004,0.0,8.617219505483362
0,27.0,0,954.0,1,8,0,1,0,0,0,0,1,0,0,0,0,0,1,0.0,0.0,0.0,0.0,7.506042178518122,7.506042178518122
0,25.0,1,954.0,1,8,0,1,0,0,0,0,1,0,0,0,0,0,1,0.0,0.0,6.794586580876499,0.0,0.0,6.794586580876499
0,24.0,0,1216.0,0,2,0,1,0,0,1,0,1,0,0,0,0,1,0,2.3978952727983707,3.912023005428146,0.0,7.311886164077165,2.3978952727983707,7.356918242356021
1,30.0,0,373.0,0,2,0,0,0,0,1,0,1,0,0,0,1,0,0,0.0,0.0,0.0,0.0,0.0,0.0
0,50.0,1,374.0,0,2,0,1,0,0,0,1,0,0,0,0,1,0,0,6.661854740545311,1.0986122886681096,0.0,4.127134385045092,0.0,6.739336627357174
0,51.0,0,1217.0,0,2,0,1,0,0,0,0,1,0,0,0,0,1,0,5.308267697401205,6.354370040797351,3.713572066704308,0.0,2.4849066497880004,6.717804695023691
0,27.0,0,1218.0,0,2,0,1,0,0,1,0,0,0,0,0,0,1,0,7.194436851100335,0.0,0.0,0.0,0.0,7.194436851100335
0,35.0,0,1218.0,0,2,0,1,0,0,1,0,1,0,0,0,0,1,0,6.621405651764134,0.0,0.0,0.0,6.97166860472579,7.504391559161238
0,48.0,0,954.0,0,1,1,1,0,0,0,0,1,0,0,0,0,0,1,0.0,0.0,6.673297967767654,7.7702232041587855,7.164720378771857,8.400884069015854
1,27.0,1,955.0,1,1,1,0,0,0,0,0,1,0,0,0,0,0,1,0.0,0.0,0.0,0.0,0.0,0.0
1,19.0,1,955.0,0,1,1,0,0,0,0,1,0,0,0,0,0,0,1,0.0,0.0,0.0,0.0,0.0,0.0
1,18.0,1,957.0,1,1,1,0,0,0,0,1,0,0,0,0,0,0,1,0.0,0.0,0.0,0.0,0.0,0.0
0,25.0,1,221.0,1,1,1,0,0,1,0,0,0,0,1,0,0,0,0,0.0,0.0,0.0,0.0,0.0,0.0
1,41.0,1,958.0,1,1,1,0,0,0,0,0,0,0,0,0,0,0,1,0.0,0.0,0.0,0.0,0.0,0.0
1,62.0,1,1220.0,0,3,0,0,0,0,1,0,1,0,0,0,0,1,0,0.0,0.0,0.0,0.0,0.0,0.0
1,30.0,1,1220.0,0,3,0,0,0,0,1,0,1,0,0,0,0,1,0,0.0,0.0,0.0,0.0,0.0,0.0
1,6.0,1,1220.0,0,3,0,0,1,0,1,0,1,0,0,0,0,1,0,0.0,0.0,0.0,0.0,0.0,0.0
0,15.0,0,1221.0,0,1,1,1,0,0,0,0,0,0,0,0,0,1,0,0.0,3.713572066704308,0.0,0.0,6.733401891837359,6.779921907472252
0,34.0,0,177.0,1,1,1,1,0,0,1,1,0,0,0,1,0,0,0,5.093750200806762,0.0,6.53813982376767,3.367295829986474,0.0,6.78105762593618
0,34.0,0,376.0,0,1,1,1,0,0,0,0,1,0,0,0,1,0,0,5.4116460518550396,0.0,2.639057329615259,6.244166900663736,3.7376696182833684,6.674561391814426
0,23.0,1,959.0,1,1,1,1,0,0,0,0,1,0,0,0,0,0,1,2.833213344056216,6.5337888379333435,0.6931471805599453,0.6931471805599453,0.0,6.559615237493242
0,51.0,0,957.0,0,1,1,1,0,0,0,0,1,0,0,0,0,0,1,0.0,0.0,5.337538079701318,5.8522024797744745,5.572154032177765,6.705639094860003
1,63.0,1,960.0,1,1,1,0,0,0,0,1,0,0,0,0,0,0,1,0.0,0.0,0.0,0.0,0.0,0.0
0,42.0,1,1126.0,1,1,1,1,0,0,0,0,1,0,0,0,0,1,0,4.442651256490317,5.973809611869261,5.707110264748875,0.0,0.0,6.655440350367647
0,19.0,1,1127.0,1,3,0,1,0,0,0,0,0,0,0,0,0,1,0,0.0,6.57507584059962,0.0,0.0,0.0,6.57507584059962
1,5.0,1,961.0,1,3,0,0,1,0,0,0,1,0,0,0,0,0,1,0.0,0.0,0.0,0.0,0.0,0.0
1,2.0,1,961.0,1,3,0,0,1,0,0,0,0,0,0,0,0,0,1,0.0,0.0,0.0,0.0,0.0,0.0
1,15.0,1,963.0,1,1,1,0,0,0,0,0,1,0,0,0,0,0,1,0.0,0.0,0.0,0.0,0.0,0.0
0,36.0,0,185.0,0,1,1,1,0,1,0,0,1,0,0,1,0,0,0,0.0,1.9459101490553132,0.0,0.6931471805599453,7.249925536717988,7.254884810077338
0,32.0,0,382.0,1,1,1,1,0,0,0,0,1,0,0,0,1,0,0,0.0,0.0,3.6888794541139363,0.0,6.620073206530356,6.670766320845874
0,19.0,1,383.0,1,1,1,1,0,0,0,0,1,0,0,0,1,0,0,1.0986122886681096,1.3862943611198906,6.111467339502679,5.3230099791384085,0.0,6.492239835020471
0,26.0,1,55.0,0,1,1,1,0,1,0,0,0,0,0,0,0,0,0,0.0,7.794823152179389,2.772588722239781,1.791759469228055,0.0,7.803026643632217
0,33.0,0,1223.0,0,1,1,1,0,0,0,0,1,0,0,0,0,1,0,3.8918202981106265,4.553876891600541,6.6293632534374485,5.733341276897746,0.0,7.095893221097532
1,38.0,1,959.0,0,2,0,0,0,0,0,0,1,0,0,0,0,0,1,0.0,0.0,0.0,0.0,0.0,0.0
0,22.0,0,1224.0,0,2,0,1,0,0,0,0,1,0,0,0,0,1,0,0.0,0.0,6.756932389247553,4.143134726391533,0.0,6.826545223556594
0,32.0,0,960.0,0,1,1,0,0,0,0,0,1,0,0,0,0,0,1,0.0,0.0,0.0,0.0,0.0,0.0
1,30.0,1,1129.0,1,1,1,0,0,0,1,0,0,0,0,0,0,1,0,0.0,0.0,0.0,0.0,0.0,0.0
0,51.0,0,1225.0,0,1,1,1,0,0,0,0,1,0,0,0,0,1,0,5.030437921392435,4.02535169073515,3.258096538021482,4.31748811353631,5.66988092298052,6.39024066706535
0,29.0,0,226.0,1,3,0,1,0,1,0,0,1,1,0,0,0,0,0,0.0,7.405495663199472,0.0,0.0,8.237743803890933,8.59877317840866
0,16.0,1,226.0,1,3,0,1,0,1,0,0,1,1,0,0,0,0,0,0.0,7.602401335665818,0.0,4.574710978503383,4.248495242049359,7.681560362559537
0,32.0,0,226.0,1,3,0,1,0,1,0,0,1,1,0,0,0,0,0,0.0,0.0,0.0,5.488937726156687,8.467582690862903,8.51699317141357
0,24.0,0,201.0,0,7,0,1,0,1,0,0,0,1,0,0,0,0,0,0.0,7.792348924113037,0.0,6.587550014824796,7.741099090035366,8.602820277383675
0,23.0,0,201.0,0,7,0,1,0,1,0,0,1,1,0,0,0,0,0,0.0,4.700480365792417,0.0,8.478660241699453,3.258096538021482,8.506132244056813
1,46.0,1,201.0,0,7,0,0,0,1,0,0,0,1,0,0,0,0,0,0.0,0.0,0.0,0.0,0.0,0.0
0,49.0,0,201.0,0,7,0,1,0,1,0,0,0,1,0,0,0,0,0,0.0,7.142827401161621,0.0,8.607947554684701,4.653960350157523,8.830981510952498
1,17.0,1,201.0,0,7,0,0,0,1,0,0,1,1,0,0,0,0,0,0.0,0.0,0.0,0.0,0.0,0.0
0,35.0,0,201.0,0,7,0,1,0,1,0,0,0,1,0,0,0,0,0,1.6094379124341003,8.257904193465674,5.783825182329737,6.802394763324311,5.929589143389895,8.605204068738951
0,43.0,0,201.0,0,7,0,1,0,1,0,0,0,1,0,0,0,0,0,0.0,7.442492722794441,0.0,5.616771097666572,7.6290038896529575,8.30325712085294
0,20.0,1,377.0,0,1,1,1,0,0,0,0,1,0,0,0,1,0,0,5.0106352940962555,3.258096538021482,6.327936783729195,3.091042453358316,3.5263605246161616,6.669498089857879
1,24.0,1,227.0,1,3,0,0,0,1,0,0,0,1,0,0,0,0,0,0.0,0.0,0.0,0.0,0.0,0.0
0,28.0,0,227.0,1,3,0,1,0,1,0,0,1,1,0,0,0,0,0,0.0,6.922643891475888,0.0,7.80954132465341,6.249975242259483,8.292798858200374
1,19.0,1,227.0,1,3,0,0,0,1,0,0,0,1,0,0,0,0,0,0.0,0.0,0.0,0.0,0.0,0.0
0,39.0,0,56.0,0,1,1,1,0,1,0,0,0,0,0,0,0,0,0,0.0,0.0,0.0,7.5256399750415355,5.147494476813453,7.613818684808629
0,34.0,0,1131.0,1,1,1,1,0,0,1,0,1,0,0,0,0,1,0,7.344719054149673,6.186208623900494,4.584967478670572,4.0943445622221,0.0,7.691200097522863
0,29.0,1,962.0,0,1,1,1,0,0,0,0,1,0,0,0,0,0,1,4.499809670330265,7.453561871643373,0.0,0.0,1.3862943611198906,7.505492274737424
0,14.0,1,384.0,1,2,0,1,1,0,0,0,0,0,0,0,1,0,0,0.0,0.0,3.970291913552122,0.0,0.0,3.970291913552122
1,27.0,1,967.0,1,2,0,0,0,0,0,0,1,0,0,0,0,0,1,0.0,0.0,0.0,0.0,0.0,0.0
0,30.0,0,385.0,1,1,1,1,0,0,0,0,1,0,0,0,1,0,0,6.444131256700441,0.0,6.300785794663244,0.0,4.844187086458591,7.1693500166706
0,27.0,1,386.0,1,1,1,1,0,0,0,0,1,0,0,0,1,0,0,4.290459441148391,6.818924065275521,0.0,0.0,2.0794415416798357,6.901737206656574
1,32.0,1,969.0,1,1,1,0,0,0,0,1,0,0,0,0,0,0,1,0.0,0.0,0.0,0.0,0.0,0.0
1,7.0,1,970.0,1,3,0,0,1,0,0,0,1,0,0,0,0,0,1,0.0,0.0,0.0,0.0,0.0,0.0
1,34.0,1,970.0,1,3,0,0,0,0,0,0,0,0,0,0,0,0,1,0.0,0.0,0.0,0.0,0.0,0.0
0,47.0,1,970.0,1,3,0,1,0,0,0,1,0,0,0,0,0,0,1,5.099866427824199,1.0986122886681096,2.4849066497880004,6.386879319362645,0.0,6.646390514847729
0,19.0,0,387.0,1,1,1,1,0,0,1,0,1,0,0,0,1,0,0,5.707110264748875,1.791759469228055,6.466144724237619,0.0,0.0,6.854354502255021
1,52.0,1,388.0,1,1,1,0,0,1,0,0,1,0,0,0,1,0,0,0.0,0.0,0.0,0.0,0.0,0.0
0,19.0,0,180.0,1,2,0,1,0,0,1,0,1,0,0,1,0,0,0,6.6320017773956295,6.054439346269371,0.0,0.0,0.0,7.076653815443951
1,18.0,1,1132.0,1,2,0,0,0,0,1,0,1,0,0,0,0,1,0,0.0,0.0,0.0,0.0,0.0,0.0
0,32.0,0,378.0,0,1,1,1,0,0,0,0,1,0,0,0,1,0,0,0.0,1.791759469228055,0.0,4.174387269895637,0.0,4.248495242049359
0,21.0,0,1133.0,1,1,1,1,0,0,0,0,0,0,0,0,0,1,0,6.049733455231958,0.0,5.153291594497779,0.0,0.0,6.39024066706535
0,22.0,1,1134.0,1,1,1,0,0,0,1,0,0,0,0,0,0,1,0,0.0,0.0,0.0,0.0,0.0,0.0
0,13.0,0,390.0,1,1,1,1,1,0,1,0,1,0,0,0,1,0,0,5.062595033026967,0.0,7.090076835776092,0.0,2.70805020110221,7.223295679562314
0,25.0,0,391.0,1,1,1,1,0,0,1,0,1,0,0,0,1,0,0,7.646831391430482,0.0,1.9459101490553132,0.0,0.0,7.649692623711514
0,33.0,0,392.0,1,2,0,1,0,0,1,0,1,0,0,0,1,0,0,6.729824070489475,0.0,5.049856007249537,3.4657359027997265,0.0,6.930494765951626
0,27.0,0,1135.0,1,2,0,1,0,0,1,0,1,0,0,0,0,1,0,7.22983877815125,0.0,6.028278520230698,0.0,6.692083742506628,7.8628820346414905
0,21.0,0,379.0,0,1,1,1,0,0,0,0,1,0,0,0,1,0,0,2.5649493574615367,0.0,0.0,7.413970290190444,0.0,7.421177528595393
1,17.0,1,203.0,0,3,0,0,0,1,0,0,0,1,0,0,0,0,0,0.0,0.0,0.0,0.0,0.0,0.0
1,15.0,1,203.0,0,3,0,0,0,1,0,0,0,1,0,0,0,0,0,0.0,0.0,0.0,0.0,0.0,0.0
0,58.0,0,203.0,0,3,0,1,0,1,0,0,0,1,0,0,0,0,0,1.0986122886681096,8.259199362666282,0.0,7.301822342137932,4.304065093204169,8.597851094433691
0,29.0,0,181.0,1,2,0,1,0,1,0,0,1,0,0,1,0,0,0,0.6931471805599453,7.940939762327791,4.584967478670572,4.127134385045092,7.113142108707088,8.341886969516187
1,34.0,1,181.0,1,2,0,0,0,1,0,0,1,0,0,1,0,0,0,0.0,0.0,0.0,0.0,0.0,0.0
0,28.0,1,222.0,1,3,0,1,0,1,0,0,1,0,1,0,0,0,0,0.0,8.472405008626103,7.474204806496124,0.6931471805599453,5.5134287461649825,8.823206220552741
0,29.0,1,222.0,1,3,0,1,0,1,0,0,1,0,1,0,0,0,0,8.075893630298857,7.10002716662926,1.6094379124341003,2.0794415416798357,6.035481432524756,8.487764380725425
1,25.0,1,222.0,1,3,0,0,0,1,0,0,0,0,1,0,0,0,0,0.0,0.0,0.0,0.0,0.0,0.0
0,23.0,0,1228.0,0,1,1,1,0,0,1,0,0,0,0,0,0,1,0,4.727387818712341,7.077498053569231,4.969813299576001,1.0986122886681096,6.373319789577012,7.614312146452
0,22.0,1,964.0,0,1,1,1,0,0,0,0,1,0,0,0,0,0,1,0.0,3.713572066704308,6.536691597591305,0.0,4.382026634673881,6.695798917058491
1,38.0,1,965.0,0,3,0,0,0,0,0,0,0,0,0,0,0,0,1,0.0,0.0,0.0,0.0,0.0,0.0
0,38.0,1,965.0,0,3,0,1,0,0,0,0,1,0,0,0,0,0,1,0.0,6.665683717782408,0.0,0.0,0.0,6.665683717782408
0,0.0,0,965.0,0,3,0,0,1,0,0,0,1,0,0,0,0,0,1,0.0,0.0,0.0,0.0,0.0,0.0
0,27.0,0,1229.0,0,1,1,1,0,0,0,0,1,0,0,0,0,1,0,2.8903717578961645,0.0,0.0,3.912023005428146,6.7661917146603505,6.839476438228843
1,0.0,1,972.0,1,3,0,0,1,0,0,0,1,0,0,0,0,0,1,0.0,0.0,0.0,0.0,0.0,0.0
0,37.0,0,1137.0,1,3,0,1,0,0,0,0,0,0,0,0,0,1,0,0.0,6.54965074223381,0.0,0.0,1.9459101490553132,6.558197802812269
0,2.0,1,972.0,1,3,0,0,1,0,0,0,1,0,0,0,0,0,1,0.0,0.0,0.0,0.0,0.0,0.0
1,40.0,1,229.0,1,1,1,0,0,1,0,0,0,1,0,0,0,0,0,0.0,0.0,0.0,0.0,0.0,0.0
0,47.0,0,1230.0,0,1,1,1,0,0,1,0,1,0,0,0,0,1,0,6.1070228877422545,0.0,6.79346613258001,0.0,5.4638318050256105,7.362010551259734
0,34.0,1,1138.0,1,1,1,1,0,0,0,0,1,0,0,0,0,1,0,0.0,2.4849066497880004,6.415096959171596,6.3835066348840055,6.646390514847729,7.591861714889934
0,43.0,0,1139.0,1,1,1,1,0,0,1,0,1,0,0,0,0,1,0,6.99117688712121,1.6094379124341003,5.313205979041787,5.996452088619021,0.0,7.434847875211999
1,21.0,1,186.0,0,1,1,0,0,0,1,0,0,0,0,1,0,0,0,0.0,0.0,0.0,0.0,0.0,0.0
1,43.0,1,380.0,0,1,1,0,0,1,0,0,0,0,0,0,1,0,0,0.0,0.0,0.0,0.0,0.0,0.0
0,33.0,0,182.0,1,1,1,1,0,0,1,0,1,0,0,1,0,0,0,8.036249942132116,0.0,6.695798917058491,0.0,0.0,8.268475388982598
0,28.0,1,230.0,1,4,0,0,0,1,0,0,1,1,0,0,0,0,0,0.0,0.0,0.0,0.0,0.0,0.0
0,57.0,0,230.0,1,4,0,1,0,1,0,0,0,1,0,0,0,0,0,5.303304908059076,2.302585092994046,0.0,0.0,10.091376913633546,10.09999961284942
0,27.0,1,230.0,1,4,0,0,0,1,0,0,1,1,0,0,0,0,0,0.0,0.0,0.0,0.0,0.0,0.0
0,46.0,0,230.0,1,4,0,1,0,1,0,0,1,1,0,0,0,0,0,0.0,8.089482474360754,6.635946555686647,8.39479954320217,0.0,9.041211408968211
0,19.0,1,223.0,1,1,1,1,0,1,0,0,0,0,1,0,0,0,0,0.0,0.0,0.0,1.0986122886681096,2.302585092994046,2.4849066497880004
0,27.0,0,1140.0,1,3,0,1,0,0,1,0,1,0,0,0,0,1,0,6.091309882077698,0.0,5.986452005284438,6.156978985585555,0.0,7.177782416195197
0,2.0,1,1140.0,1,3,0,0,1,0,1,0,1,0,0,0,0,1,0,0.0,0.0,0.0,0.0,0.0,0.0
0,0.0,1,1140.0,1,3,0,0,1,0,1,0,1,0,0,0,0,1,0,0.0,0.0,0.0,0.0,0.0,0.0
0,25.0,0,1233.0,0,2,0,1,0,0,1,0,1,0,0,0,0,1,0,7.274479558773871,0.0,0.0,0.0,2.639057329615259,7.283448228756631
1,47.0,1,1233.0,0,2,0,0,0,0,1,0,1,0,0,0,0,1,0,0.0,0.0,0.0,0.0,0.0,0.0
0,38.0,1,187.0,0,2,0,1,0,0,1,1,0,0,0,1,0,0,0,7.097548850614793,0.0,2.639057329615259,3.6635616461296463,0.0,7.138866999945524
0,24.0,0,381.0,0,2,0,1,0,0,1,0,1,0,0,0,1,0,0,6.320768294250582,0.0,6.428105272684596,0.0,0.0,7.068172000388042
0,24.0,1,1234.0,0,1,1,1,0,0,0,0,1,0,0,0,0,1,0,5.6240175061873385,0.0,0.0,0.0,6.194405391104672,6.641182169740591
0,25.0,1,188.0,0,1,1,0,0,1,0,0,1,0,0,1,0,0,0,0.0,0.0,0.0,0.0,0.0,0.0
0,29.0,1,973.0,1,1,1,1,0,0,0,0,1,0,0,0,0,0,1,0.0,1.791759469228055,1.9459101490553132,0.0,0.0,2.4849066497880004
0,44.0,0,1235.0,0,1,1,1,0,0,1,0,0,0,0,0,0,1,0,7.9919305198524775,0.0,2.3978952727983707,2.5649493574615367,6.541029999189903,8.208219383496834
0,20.0,0,1141.0,1,1,1,1,0,0,0,0,1,0,0,0,0,1,0,0.0,0.0,0.0,6.556778356158042,0.0,6.556778356158042
1,23.0,1,974.0,1,1,1,0,0,0,0,0,1,0,0,0,0,0,1,0.0,0.0,0.0,0.0,0.0,0.0
0,26.0,1,224.0,1,1,1,1,0,1,0,0,0,0,1,0,0,0,0,0.0,9.173883834965567,3.9512437185814275,5.41610040220442,7.795234929002173,9.42100640177928
1,20.0,1,975.0,1,1,1,0,0,0,0,1,0,0,0,0,0,0,1,0.0,0.0,0.0,0.0,0.0,0.0
1,27.0,1,394.0,1,1,1,0,0,0,1,0,1,0,0,0,1,0,0,0.0,0.0,0.0,0.0,0.0,0.0
0,23.0,0,1236.0,0,1,1,1,0,0,0,0,0,0,0,0,0,1,0,4.553876891600541,4.890349128221754,0.0,6.875232087276577,1.791759469228055,7.089243155027514
1,33.0,1,967.0,0,1,1,0,0,0,0,1,0,0,0,0,0,0,1,0.0,0.0,0.0,0.0,0.0,0.0
0,30.0,1,977.0,1,1,1,1,0,0,0,0,1,0,0,0,0,0,1,6.169610732491456,0.0,2.1972245773362196,0.0,5.780743515792329,6.695798917058491
0,32.0,1,968.0,0,1,1,1,0,0,0,0,1,0,0,0,0,0,1,0.0,4.653960350157523,1.0986122886681096,0.0,6.687108607866515,6.811244378601294
0,19.0,0,933.5,1,2,0,1,0,0,1,0,1,0,0,0,0,1,0,6.661854740545311,0.0,5.69035945432406,6.419994928147142,0.0,7.432483807917119
0,41.0,0,189.0,0,2,0,1,0,0,1,0,1,0,0,1,0,0,0,0.6931471805599453,0.0,6.695798917058491,0.0,0.0,6.697034247666484
1,50.0,0,969.0,0,1,1,0,0,0,0,0,1,0,0,0,0,0,1,0.0,0.0,0.0,0.0,0.0,0.0
0,36.0,0,970.0,0,1,1,1,0,0,0,0,1,0,0,0,0,0,1,2.302585092994046,5.5134287461649825,0.0,6.180016653652572,2.833213344056216,6.626717749249025
1,21.0,1,1143.0,1,1,1,0,0,0,1,0,1,0,0,0,0,1,0,0.0,0.0,0.0,0.0,0.0,0.0
0,45.0,0,190.0,0,2,0,1,0,1,0,0,0,0,0,1,0,0,0,6.925595197110468,8.259458195332408,0.0,6.400257445308821,8.294049640102028,9.15704507491796
1,26.0,1,190.0,0,2,0,0,0,1,0,0,0,0,0,1,0,0,0,0.0,0.0,0.0,0.0,0.0,0.0
1,44.0,1,971.0,0,1,1,0,0,0,0,0,1,0,0,0,0,0,1,0.0,0.0,0.0,0.0,0.0,0.0
0,24.0,1,1238.0,0,1,1,1,0,0,0,1,0,0,0,0,0,1,0,0.0,4.304065093204169,6.42648845745769,0.0,0.0,6.53813982376767
1,15.0,1,979.0,1,1,1,0,0,0,0,0,0,0,0,0,0,0,1,0.0,0.0,0.0,0.0,0.0,0.0
0,58.0,0,1239.0,0,1,1,1,0,0,0,0,1,0,0,0,0,1,0,0.0,0.0,0.0,7.595889917718538,2.9444389791664403,7.60489448081162
0,13.0,0,395.0,1,1,1,1,1,0,0,0,1,0,0,0,1,0,0,3.367295829986474,5.983936280687191,5.908082938168931,0.0,0.0,6.674561391814426
1,19.0,1,231.0,1,2,0,0,0,1,0,0,1,1,0,0,0,0,0,0.0,0.0,0.0,0.0,0.0,0.0
0,25.0,1,231.0,1,2,0,1,0,1,0,0,0,1,0,0,0,0,0,4.948759890378168,8.401108712395436,0.0,0.0,7.62608275807238,8.801168401936692
0,24.0,0,383.0,0,2,0,1,0,0,0,0,1,0,0,0,1,0,0,6.577861357721047,0.0,5.583496308781699,5.713732805509369,5.953243334287785,7.4205789054108005
0,20.0,0,973.0,0,2,0,1,0,0,0,0,1,0,0,0,0,0,1,1.3862943611198906,0.0,0.0,6.693323668269949,0.0,6.697034247666484
1,34.0,1,1144.0,1,2,0,0,0,0,1,0,1,0,0,0,0,1,0,0.0,0.0,0.0,0.0,0.0,0.0
1,13.0,1,1144.0,1,2,0,0,1,0,1,0,1,0,0,0,0,1,0,0.0,0.0,0.0,0.0,0.0,0.0
0,27.0,1,1145.0,1,1,1,1,0,0,0,0,1,0,0,0,0,1,0,0.0,6.733401891837359,0.0,3.6109179126442243,1.791759469228055,6.78105762593618
1,39.0,0,974.0,0,7,0,0,0,0,0,0,0,0,0,0,0,0,1,0.0,0.0,0.0,0.0,0.0,0.0
1,0.0,0,974.0,0,7,0,0,1,0,0,0,1,0,0,0,0,0,1,0.0,0.0,0.0,0.0,0.0,0.0
0,10.0,0,974.0,0,7,0,0,1,0,0,0,1,0,0,0,0,0,1,0.0,0.0,0.0,0.0,0.0,0.0
1,9.0,0,974.0,0,7,0,0,1,0,0,0,1,0,0,0,0,0,1,0.0,0.0,0.0,0.0,0.0,0.0
0,34.0,0,1242.0,0,7,0,1,0,0,0,0,0,0,0,0,0,1,0,0.0,6.876264611890766,5.6131281063880705,0.0,5.648974238161206,7.329749689041512
0,11.0,0,974.0,0,7,0,0,1,0,0,0,1,0,0,0,0,0,1,0.0,0.0,0.0,0.0,0.0,0.0
1,0.0,0,974.0,0,7,0,0,1,0,0,0,1,0,0,0,0,0,1,0.0,0.0,0.0,0.0,0.0,0.0
0,24.0,0,1243.0,0,1,1,1,0,0,0,0,1,0,0,0,0,1,0,0.0,0.0,0.0,2.70805020110221,6.448889394146858,6.470799503782602
1,16.0,1,975.0,0,1,1,0,0,0,0,1,0,0,0,0,0,0,1,0.0,0.0,0.0,0.0,0.0,0.0
0,42.0,0,1245.0,0,1,1,1,0,0,0,0,1,0,0,0,0,1,0,0.0,6.042632833682381,0.0,0.6931471805599453,5.170483995038151,6.391917113392602
0,41.0,1,1246.0,0,1,1,1,0,0,1,0,1,0,0,0,0,1,0,6.890609120147166,4.174387269895637,5.942799375126701,0.0,0.0,7.2633296174768365
0,36.0,1,232.0,1,1,1,1,0,1,0,0,1,1,0,0,0,0,0,0.0,7.511524648390866,9.111514017669288,0.6931471805599453,1.0986122886681096,9.295600215927006
0,27.0,0,57.0,0,5,0,1,0,1,0,0,0,0,0,0,0,0,0,0.0,7.496652438168283,0.0,5.720311776607412,7.2399325913204695,8.160232492367689
0,32.0,0,57.0,0,5,0,1,0,1,0,0,1,0,0,0,0,0,0,0.0,6.675823221634848,0.0,0.6931471805599453,7.197435354096591,7.663407664893479
0,11.0,1,57.0,0,5,0,0,1,1,0,0,0,0,0,0,0,0,0,0.0,0.0,0.0,0.0,0.0,0.0
0,26.0,1,933.5,1,5,0,1,0,1,0,0,1,0,0,0,0,1,0,0.0,8.19946419761216,0.0,6.950814768442584,0.0,8.451480648050856
0,28.0,1,57.0,0,5,0,1,0,1,0,0,1,0,0,0,0,0,0,0.0,8.84246002419529,0.0,3.4011973816621555,3.828641396489095,8.853093836138493
0,25.0,0,396.0,1,1,1,1,0,0,0,0,1,0,0,0,1,0,0,0.0,3.4339872044851463,3.044522437723423,0.0,6.848005274576363,6.899723107284872
0,5.0,1,981.0,1,7,0,0,1,0,0,0,1,0,0,0,0,0,1,0.0,0.0,0.0,0.0,0.0,0.0
1,27.0,1,981.0,1,7,0,0,0,0,0,0,1,0,0,0,0,0,1,0.0,0.0,0.0,0.0,0.0,0.0
0,13.0,1,981.0,1,7,0,1,1,0,0,0,1,0,0,0,0,0,1,6.748759547491679,4.997212273764115,2.0794415416798357,0.0,0.6931471805599453,6.915723448631314
0,30.0,1,981.0,1,7,0,1,0,0,0,0,1,0,0,0,0,0,1,0.0,0.0,3.8712010109078907,6.556778356158042,1.6094379124341003,6.626717749249025
1,15.0,1,981.0,1,7,0,0,0,0,0,0,1,0,0,0,0,0,1,0.0,0.0,0.0,0.0,0.0,0.0
1,0.0,1,981.0,1,7,0,0,1,0,0,0,1,0,0,0,0,0,1,0.0,0.0,0.0,0.0,0.0,0.0
0,49.0,1,981.0,1,7,0,0,0,0,0,0,1,0,0,0,0,0,1,0.0,0.0,0.0,0.0,0.0,0.0
0,52.0,1,1146.0,1,1,1,1,0,0,0,0,1,0,0,0,0,1,0,0.0,6.470799503782602,0.0,0.0,5.981414211254481,6.947937068614969
1,15.0,1,982.0,1,3,0,0,0,0,0,0,1,0,0,0,0,0,1,0.0,0.0,0.0,0.0,0.0,0.0
0,40.0,0,397.0,1,3,0,1,0,0,0,0,1,0,0,0,1,0,0,6.257667587882639,1.6094379124341003,3.9889840465642745,4.2626798770413155,4.955827057601261,6.672032945461067
1,0.0,1,982.0,1,3,0,0,1,0,0,0,0,0,0,0,0,0,1,0.0,0.0,0.0,0.0,0.0,0.0
0,32.0,0,384.0,0,2,0,1,0,0,1,0,1,0,0,0,1,0,0,5.0689042022202315,0.0,4.941642422609304,6.6240652277998935,0.0,6.956545443151569
1,15.0,1,1247.0,0,2,0,0,0,0,1,0,0,0,0,0,0,1,0,0.0,0.0,0.0,0.0,0.0,0.0
0,26.0,1,385.0,0,3,0,1,0,0,1,1,0,0,0,0,1,0,0,7.622174594817622,0.0,7.778211474512493,2.3978952727983707,0.0,8.39840965542627
1,31.0,0,385.0,0,3,0,0,0,0,1,1,0,0,0,0,1,0,0,0.0,0.0,0.0,0.0,0.0,0.0
0,8.0,1,385.0,0,3,0,0,1,0,1,0,1,0,0,0,1,0,0,0.0,0.0,0.0,0.0,0.0,0.0
0,18.0,1,386.0,0,2,0,1,0,0,0,0,1,0,0,0,1,0,0,0.0,0.0,0.0,0.6931471805599453,6.71901315438526,6.720220155135295
0,3.0,0,976.0,0,2,0,0,1,0,0,0,1,0,0,0,0,0,1,0.0,0.0,0.0,0.0,0.0,0.0
0,44.0,1,225.0,1,3,0,1,0,1,0,0,1,0,1,0,0,0,0,0.0,7.162397497355718,7.110696122978827,6.244166900663736,7.423568444259167,8.455743229100015
0,15.0,1,225.0,1,3,0,1,0,1,0,0,1,0,1,0,0,0,0,0.0,6.519147287940395,0.0,5.19295685089021,8.066835314417336,8.304742269640771
0,27.0,1,225.0,1,3,0,1,0,1,0,0,1,0,1,0,0,0,0,0.0,7.527255919373784,0.0,6.658011045870748,6.376726947898627,8.078067881815437
0,22.0,0,1147.0,1,1,1,1,0,0,1,0,1,0,0,0,0,1,0,7.789040401657477,0.0,3.9889840465642745,0.6931471805599453,0.0,7.811163385025279
0,2.0,1,983.0,1,2,0,0,1,0,0,0,1,0,0,0,0,0,1,0.0,0.0,0.0,0.0,0.0,0.0
0,32.0,0,1148.0,1,2,0,1,0,0,0,0,1,0,0,0,0,1,0,1.3862943611198906,0.0,0.0,0.0,6.630683385642372,6.634633357861686
0,16.0,1,984.0,1,1,1,1,0,0,0,0,1,0,0,0,0,0,1,6.692083742506628,1.6094379124341003,0.0,0.0,0.0,6.697034247666484
0,34.0,0,1248.0,0,1,1,1,0,0,1,0,1,0,0,0,0,1,0,6.040254711277414,0.0,2.772588722239781,0.0,0.0,6.075346031088684
0,32.0,0,1249.0,0,1,1,1,0,0,1,0,1,0,0,0,0,1,0,7.5740450053721995,0.0,6.483107351457199,0.0,0.0,7.8632667240095735
0,28.0,0,978.0,0,1,1,1,0,0,0,0,1,0,0,0,0,0,1,0.0,5.680172609017068,6.946975992135418,0.6931471805599453,6.194405391104672,7.507690077819904
0,27.0,0,233.0,1,1,1,1,0,1,0,0,1,1,0,0,0,0,0,0.0,3.091042453358316,0.0,9.002947130753205,1.6094379124341003,9.00601857490256
0,35.0,1,985.0,1,1,1,1,0,0,0,1,0,0,0,0,0,0,1,6.2324480165505225,0.0,0.0,4.060443010546419,5.497168225293202,6.695798917058491
1,25.0,0,933.5,1,1,1,0,0,0,1,0,1,0,0,0,0,1,0,0.0,0.0,0.0,0.0,0.0,0.0
0,24.0,1,986.0,1,1,1,1,0,0,0,0,1,0,0,0,0,0,1,5.187385805840755,0.0,5.4638318050256105,0.0,5.983936280687191,6.697034247666484
1,61.0,0,980.0,0,1,1,0,0,0,0,0,1,0,0,0,0,0,1,0.0,0.0,0.0,0.0,0.0,0.0
1,28.0,1,1151.0,1,1,1,0,0,0,1,0,1,0,0,0,0,1,0,0.0,0.0,0.0,0.0,0.0,0.0
0,29.0,0,185.0,0,3,0,1,0,1,0,1,0,0,1,0,0,0,0,1.3862943611198906,7.52294091807237,0.0,8.040768994367578,7.410347097821024,8.796187635470453
1,41.0,1,185.0,0,3,0,0,0,1,0,0,1,0,1,0,0,0,0,0.0,0.0,0.0,0.0,0.0,0.0
0,20.0,0,185.0,0,3,0,1,0,1,0,0,1,0,1,0,0,0,0,7.5411524551363085,0.0,0.0,9.08375621986673,0.0,9.277438115508676
0,18.0,0,1253.0,0,1,1,1,0,0,1,0,0,0,0,0,0,1,0,7.974188669286011,1.791759469228055,3.9318256327243257,0.0,2.302585092994046,7.99598047476376
0,28.0,1,982.0,0,1,1,1,0,0,0,0,1,0,0,0,0,0,1,2.1972245773362196,0.0,8.281470857895167,0.0,2.302585092994046,8.28576542051433
0,18.0,1,1153.0,1,1,1,1,0,0,0,0,1,0,0,0,0,1,0,3.5263605246161616,0.0,6.1224928095143865,5.123963979403259,3.8918202981106265,6.556778356158042
0,33.0,0,1254.0,0,2,0,1,0,0,1,0,1,0,0,0,0,1,0,5.71042701737487,0.0,6.218600119691729,0.0,6.921658184151129,7.504391559161238
0,35.0,0,388.0,0,2,0,0,0,0,1,0,1,0,0,0,1,0,0,0.0,0.0,0.0,0.0,0.0,0.0
0,68.0,0,186.0,0,1,1,1,0,1,0,0,0,0,1,0,0,0,0,4.836281906951478,9.505841793480096,0.0,10.01721794286315,2.8903717578961645,10.49094082853701
0,19.0,1,398.0,1,1,1,1,0,0,0,0,1,0,0,0,1,0,0,1.3862943611198906,6.666956792429207,0.0,0.0,0.0,6.670766320845874
0,33.0,0,226.0,1,3,0,1,0,1,0,0,1,0,1,0,0,0,0,0.0,5.8805329864007,7.769378609513984,7.385851078125209,7.6676260915849905,8.77539495854551
0,55.0,0,226.0,1,3,0,1,0,1,0,0,0,0,1,0,0,0,0,9.004913941467132,2.1972245773362196,0.0,7.301147805856032,0.0,9.172846167548602
0,15.0,1,226.0,1,3,0,0,0,1,0,0,1,0,1,0,0,0,0,0.0,0.0,0.0,0.0,0.0,0.0
0,23.0,0,984.0,0,1,1,1,0,0,0,0,1,0,0,0,0,0,1,0.0,0.0,0.0,3.8066624897703196,7.451241684987676,7.476472381163905
0,23.0,1,1154.0,1,1,1,1,0,0,0,0,1,0,0,0,0,1,0,0.0,6.584791392385716,0.6931471805599453,0.0,0.0,6.586171654854675
0,15.0,0,185.0,1,1,1,1,0,0,1,0,0,0,0,1,0,0,0,8.245909264774093,0.0,4.700480365792417,5.4680601411351315,0.0,8.332548939252638
0,49.0,0,186.0,1,1,1,1,0,0,1,0,1,0,0,1,0,0,0,7.700747794511798,3.7612001156935624,4.700480365792417,3.1780538303479458,0.0,7.776535028185241
0,33.0,1,987.0,1,1,1,1,0,0,0,0,1,0,0,0,0,0,1,3.7376696182833684,6.035481432524756,0.0,3.7612001156935624,5.733341276897746,6.695798917058491
1,26.0,1,1156.0,1,1,1,0,0,0,1,0,0,0,0,0,0,1,0,0.0,0.0,0.0,0.0,0.0,0.0
1,26.0,1,206.0,0,1,1,0,0,1,0,0,1,1,0,0,0,0,0,0.0,0.0,0.0,0.0,0.0,0.0
0,18.0,1,988.0,1,1,1,1,0,0,0,0,1,0,0,0,0,0,1,2.70805020110221,1.0986122886681096,4.976733742420574,6.415096959171596,0.0,6.647688373563329
1,17.0,1,985.0,0,1,1,0,0,0,0,0,1,0,0,0,0,0,1,0.0,0.0,0.0,0.0,0.0,0.0
0,39.0,1,989.0,1,1,1,1,0,0,0,0,1,0,0,0,0,0,1,6.489204931325317,5.420534999272286,0.0,0.0,0.0,6.78332520060396
0,8.0,0,987.0,0,1,1,0,1,0,0,0,1,0,0,0,0,0,1,0.0,0.0,0.0,0.0,0.0,0.0
0,46.0,1,1257.0,0,1,1,1,0,0,0,0,1,0,0,0,0,1,0,0.0,0.0,6.767343125265392,0.0,1.3862943611198906,6.77078942390898
0,32.0,1,72.0,1,1,1,1,0,1,0,0,0,0,0,0,0,0,0,0.0,8.337348564497175,0.0,5.214935757608986,1.9459101490553132,8.38160253710989
0,19.0,0,1160.0,1,1,1,1,0,0,0,0,1,0,0,0,0,1,0,6.406879986069314,0.0,3.2188758248682006,0.6931471805599453,4.465908118654584,6.57507584059962
1,36.0,1,1259.0,0,1,1,0,0,0,1,0,1,0,0,0,0,1,0,0.0,0.0,0.0,0.0,0.0,0.0
1,28.0,1,988.0,0,2,0,0,0,0,0,0,1,0,0,0,0,0,1,0.0,0.0,0.0,0.0,0.0,0.0
0,39.0,0,1260.0,0,2,0,1,0,0,0,0,1,0,0,0,0,1,0,0.0,3.4011973816621555,5.676753802268282,2.639057329615259,6.269096283706261,6.7580945044277305
0,16.0,1,1161.0,1,3,0,1,0,0,0,0,1,0,0,0,0,1,0,0.0,0.0,6.464588303689961,3.5263605246161616,3.4011973816621555,6.556778356158042
1,7.0,1,991.0,1,3,0,0,1,0,0,1,0,0,0,0,0,0,1,0.0,0.0,0.0,0.0,0.0,0.0
0,1.0,1,991.0,1,3,0,0,1,0,0,0,1,0,0,0,0,0,1,0.0,0.0,0.0,0.0,0.0,0.0
1,30.0,1,227.0,1,3,0,0,0,1,0,0,0,0,1,0,0,0,0,0.0,0.0,0.0,0.0,0.0,0.0
1,44.0,1,227.0,1,3,0,0,0,1,0,0,0,0,1,0,0,0,0,0.0,0.0,0.0,0.0,0.0,0.0
1,28.0,1,227.0,1,3,0,0,0,1,0,0,0,0,1,0,0,0,0,0.0,0.0,0.0,0.0,0.0,0.0
0,29.0,0,192.0,0,1,1,1,0,0,1,0,1,0,0,1,0,0,0,8.178919332848396,0.0,6.688354713946762,0.0,0.0,8.381831553485561
0,41.0,1,1162.0,1,3,0,1,0,0,1,0,1,0,0,0,0,1,0,5.480638923341991,0.6931471805599453,6.955592608396297,0.0,0.0,7.161622002939187
0,13.0,1,1162.0,1,3,0,1,1,0,1,0,1,0,0,0,0,1,0,7.02108396428914,2.4849066497880004,7.190676034332207,0.0,0.0,7.806696372521179
0,18.0,0,1162.0,1,3,0,1,0,0,1,0,1,0,0,0,0,1,0,8.388905171114706,6.415096959171596,7.271008538280992,1.6094379124341003,0.0,8.771680359010377
0,27.0,0,1163.0,1,1,1,1,0,0,0,0,0,0,0,0,0,1,0,0.0,0.0,0.0,7.9105906122564775,4.304065093204169,7.937017489515453
1,26.0,1,992.0,1,1,1,0,0,0,0,0,1,0,0,0,0,0,1,0.0,0.0,0.0,0.0,0.0,0.0
0,24.0,0,1261.0,0,1,1,1,0,0,0,0,0,0,0,0,0,1,0,2.639057329615259,0.0,1.0986122886681096,6.513230110912307,1.3862943611198906,6.539585955617669
0,26.0,0,1165.0,1,1,1,1,0,0,0,1,0,0,0,0,0,1,0,4.653960350157523,0.0,0.0,5.638354669333745,5.37989735354046,6.398594934535208
1,27.0,1,990.0,0,1,1,0,0,0,0,1,0,0,0,0,0,0,1,0.0,0.0,0.0,0.0,0.0,0.0
0,58.0,0,401.0,1,1,1,1,0,1,0,0,1,0,0,0,1,0,0,0.0,6.920671504248683,0.0,7.02197642307216,3.044522437723423,7.674617497364363
1,54.0,1,228.0,1,1,1,0,0,1,0,0,0,0,1,0,0,0,0,0.0,0.0,0.0,0.0,0.0,0.0
0,18.0,1,1263.0,0,1,1,1,0,0,0,0,0,0,0,0,0,1,0,0.0,0.0,0.0,4.1588830833596715,6.26530121273771,6.3784261836515865
0,13.0,0,1166.0,1,1,1,1,1,0,0,0,1,0,0,0,0,1,0,5.332718793265369,3.367295829986474,0.0,0.6931471805599453,6.4457198193855785,6.762729506931879
0,13.0,0,187.0,0,2,0,1,1,1,0,0,1,0,1,0,0,0,0,0.0,2.302585092994046,0.0,0.0,8.639233817325263,8.640825751861513
1,28.0,1,187.0,0,2,0,0,0,1,0,0,1,0,1,0,0,0,0,0.0,0.0,0.0,0.0,0.0,0.0
0,57.0,1,389.0,0,1,1,1,0,0,0,0,0,0,0,0,1,0,0,0.0,0.0,0.0,0.0,6.466144724237619,6.466144724237619
1,32.0,1,58.0,0,5,0,0,0,1,0,0,1,0,0,0,0,0,0,0.0,0.0,0.0,0.0,0.0,0.0
0,32.0,0,58.0,0,5,0,1,0,1,0,0,1,0,0,0,0,0,0,0.0,0.0,0.0,8.431417414394833,0.0,8.431417414394833
1,21.0,1,933.5,1,5,0,0,0,1,0,0,0,0,0,0,0,1,0,0.0,0.0,0.0,0.0,0.0,0.0
1,34.0,1,58.0,0,5,0,0,0,1,0,0,0,0,0,0,0,0,0,0.0,0.0,0.0,0.0,0.0,0.0
0,33.0,1,58.0,0,5,0,1,0,1,0,0,1,0,0,0,0,0,0,0.0,7.65491704784832,0.0,6.651571873589727,2.3978952727983707,7.970394907191429
1,36.0,1,1264.0,0,1,1,0,0,0,1,0,1,0,0,0,0,1,0,0.0,0.0,0.0,0.0,0.0,0.0
0,50.0,0,390.0,0,1,1,1,0,0,1,0,1,0,0,0,1,0,0,6.2422232654551655,0.0,0.0,6.639875833826536,3.091042453358316,7.1693500166706
0,28.0,0,1167.0,1,1,1,1,0,0,1,0,1,0,0,0,0,1,0,6.720220155135295,0.0,4.290459441148391,1.9459101490553132,0.0,6.810142450115136
0,56.0,0,234.0,1,1,1,1,0,1,0,0,1,1,0,0,0,0,0,6.522092798170152,7.027314514039777,0.0,3.5263605246161616,8.080546965824498,8.53089883847235
0,42.0,0,1266.0,0,2,0,1,0,0,1,0,0,0,0,0,0,1,0,7.053585727193677,0.0,0.6931471805599453,5.723585101952381,0.0,7.288244401020124
1,39.0,0,391.0,0,2,0,0,0,0,1,0,1,0,0,0,1,0,0,0.0,0.0,0.0,0.0,0.0,0.0
0,13.0,1,1169.0,1,1,1,1,1,0,0,1,0,0,0,0,0,1,0,0.0,7.074116816197362,0.0,0.0,0.0,7.074116816197362
0,28.0,1,229.0,1,2,0,1,0,1,0,0,1,0,1,0,0,0,0,0.0,8.43076346341785,0.0,1.0986122886681096,3.58351893845611,8.438799123988225
0,55.0,0,229.0,1,2,0,1,0,1,0,0,1,0,1,0,0,0,0,6.821107472256465,6.963189985870238,0.0,7.425357887027151,6.386879319362645,8.353025845202325
0,36.0,1,1267.0,0,1,1,1,0,0,0,0,0,0,0,0,0,1,0,0.0,0.0,6.55250788703459,0.0,0.0,6.55250788703459
1,27.0,1,1268.0,0,1,1,0,0,0,1,0,1,0,0,0,0,1,0,0.0,0.0,0.0,0.0,0.0,0.0
0,37.0,1,991.0,0,1,1,1,0,0,0,1,0,0,0,0,0,0,1,0.0,0.0,6.727431724850855,0.0,2.1972245773362196,6.736966958001855
1,50.0,1,188.0,0,1,1,0,0,1,0,0,0,0,1,0,0,0,0,0.0,0.0,0.0,0.0,0.0,0.0
0,27.0,0,404.0,1,1,1,1,0,1,0,0,1,0,0,0,1,0,0,6.313548046277095,7.270312886079025,0.0,6.137727054086234,5.736572297479192,7.922623574217286
1,23.0,0,992.0,0,2,0,0,0,0,0,0,1,0,0,0,0,0,1,0.0,0.0,0.0,0.0,0.0,0.0
0,16.0,0,1270.0,0,2,0,1,0,0,0,0,1,0,0,0,0,1,0,2.0794415416798357,0.0,5.7430031878094825,0.0,6.52795791762255,6.90975328164481
0,33.0,1,189.0,0,1,1,1,0,1,0,0,0,0,1,0,0,0,0,0.0,8.037866234709618,0.0,5.288267030694535,3.713572066704308,8.11162807830774
1,46.0,1,1170.0,1,1,1,0,0,0,1,0,1,0,0,0,0,1,0,0.0,0.0,0.0,0.0,0.0,0.0
1,26.0,1,993.0,1,1,1,0,0,0,0,1,0,0,0,0,0,0,1,0.0,0.0,0.0,0.0,0.0,0.0
0,24.0,0,1272.0,0,1,1,1,0,0,0,0,1,0,0,0,0,1,0,5.602118820879701,0.0,6.282266746896006,0.0,0.0,6.690842277418564
0,26.0,0,1172.0,1,1,1,1,0,0,0,0,1,0,0,0,0,1,0,0.0,0.0,0.0,5.365976015021851,6.983789965258135,7.163946684342547
0,2.0,1,994.0,1,6,0,0,1,0,0,0,1,0,0,0,0,0,1,0.0,0.0,0.0,0.0,0.0,0.0
0,33.0,0,1173.0,1,6,0,1,0,0,0,0,1,0,0,0,0,1,0,6.126869184114185,0.0,0.0,0.0,6.100318952020064,6.805722553416985
1,32.0,1,994.0,1,6,0,0,0,0,0,0,1,0,0,0,0,0,1,0.0,0.0,0.0,0.0,0.0,0.0
1,3.0,1,994.0,1,6,0,0,1,0,0,0,1,0,0,0,0,0,1,0.0,0.0,0.0,0.0,0.0,0.0
1,2.0,1,994.0,1,6,0,0,1,0,0,0,1,0,0,0,0,0,1,0.0,0.0,0.0,0.0,0.0,0.0
0,6.0,1,994.0,1,6,0,0,1,0,0,0,1,0,0,0,0,0,1,0.0,0.0,0.0,0.0,0.0,0.0
0,27.0,1,406.0,1,1,1,1,0,0,1,0,1,0,0,0,1,0,0,5.4680601411351315,6.551080335043404,5.808142489980444,3.4657359027997265,0.0,7.1693500166706
0,0.0,1,230.0,1,6,0,0,1,1,0,0,1,0,1,0,0,0,0,0.0,0.0,0.0,0.0,0.0,0.0
1,4.0,1,230.0,1,6,0,0,1,1,0,0,1,0,1,0,0,0,0,0.0,0.0,0.0,0.0,0.0,0.0
0,58.0,1,230.0,1,6,0,1,0,1,0,0,1,0,1,0,0,0,0,0.0,6.97914527506881,0.0,6.6895992691789665,6.8966943316227125,7.96032362914884
1,22.0,1,230.0,1,6,0,0,0,1,0,0,1,0,1,0,0,0,0,0.0,0.0,0.0,0.0,0.0,0.0
1,51.0,1,230.0,1,6,0,0,0,1,0,0,0,0,1,0,0,0,0,0.0,0.0,0.0,0.0,0.0,0.0
1,37.0,1,230.0,1,6,0,0,0,1,0,0,0,0,1,0,0,0,0,0.0,0.0,0.0,0.0,0.0,0.0
0,17.0,0,1174.0,1,2,0,1,0,0,0,1,0,0,0,0,0,1,0,0.0,3.044522437723423,0.0,2.70805020110221,6.785587645007929,6.823286122355687
0,21.0,0,933.5,1,2,0,1,0,0,0,0,1,0,0,0,0,1,0,3.367295829986474,0.0,0.0,6.4967749901858625,0.0,6.53813982376767
0,27.0,1,1175.0,1,1,1,1,0,0,0,0,1,0,0,0,0,1,0,1.3862943611198906,6.674561391814426,0.0,5.8944028342648505,0.0,7.053585727193677
0,27.0,0,231.0,1,1,1,1,0,1,0,0,0,0,1,0,0,0,0,8.154500175151941,2.3978952727983707,0.0,4.663439094112067,7.776535028185241,8.695674048824253
0,31.0,0,207.0,0,1,1,0,0,1,0,0,1,1,0,0,0,0,0,0.0,0.0,0.0,0.0,0.0,0.0
1,43.0,1,1176.0,1,2,0,0,0,0,1,0,1,0,0,0,0,1,0,0.0,0.0,0.0,0.0,0.0,0.0
1,27.0,1,1176.0,1,2,0,0,0,0,1,0,1,0,0,0,0,1,0,0.0,0.0,0.0,0.0,0.0,0.0
0,15.0,1,995.0,1,1,1,1,0,0,0,0,1,0,0,0,0,0,1,7.428333194190806,4.6443908991413725,0.0,0.0,1.3862943611198906,7.489412083508719
0,18.0,1,1177.0,1,1,1,1,0,0,0,0,1,0,0,0,0,1,0,0.0,6.665683717782408,2.1972245773362196,2.4849066497880004,0.0,6.6895992691789665
1,33.0,1,235.0,1,2,0,0,0,1,0,0,1,1,0,0,0,0,0,0.0,0.0,0.0,0.0,0.0,0.0
0,31.0,0,235.0,1,2,0,1,0,1,0,0,1,1,0,0,0,0,0,0.0,3.9889840465642745,0.0,7.994294986415977,6.925595197110468,8.302513718514158
1,41.0,1,236.0,1,1,1,0,0,1,0,0,0,1,0,0,0,0,0,0.0,0.0,0.0,0.0,0.0,0.0
0,22.0,0,1178.0,1,1,1,1,0,0,0,0,1,0,0,0,0,1,0,0.6931471805599453,0.0,2.3978952727983707,6.439350371100098,0.0,6.456769655572163
0,40.0,0,1179.0,1,1,1,1,0,0,0,0,1,0,0,0,0,1,0,0.0,0.6931471805599453,0.0,6.790097235513905,4.394449154672439,6.877296071497429
0,49.0,0,407.0,1,1,1,1,0,0,1,0,1,0,0,0,1,0,0,6.133398042996649,4.465908118654584,4.532599493153256,6.492239835020471,0.0,7.168579897264035
1,14.0,1,996.0,1,1,1,0,1,0,0,1,0,0,0,0,0,0,1,0.0,0.0,0.0,0.0,0.0,0.0
0,22.0,0,1181.0,1,1,1,1,0,0,0,0,0,0,0,0,0,1,0,0.0,0.0,0.6931471805599453,6.3561076606958915,0.0,6.3578422665081
0,22.0,0,409.0,1,1,1,1,0,0,0,0,1,0,0,0,1,0,0,0.0,3.4965075614664802,3.5263605246161616,6.063785208687608,7.069023426578259,7.419979923661835
0,25.0,0,394.0,0,1,1,1,0,0,0,0,1,0,0,0,1,0,0,6.8885724595653635,0.0,1.3862943611198906,0.0,0.0,6.891625897052253
1,42.0,1,998.0,1,1,1,0,0,0,0,1,0,0,0,0,0,0,1,0.0,0.0,0.0,0.0,0.0,0.0
1,16.0,1,999.0,1,2,0,0,0,0,0,1,0,0,0,0,0,0,1,0.0,0.0,0.0,0.0,0.0,0.0
0,12.0,1,999.0,1,2,0,0,1,0,0,0,0,0,0,0,0,0,1,0.0,0.0,0.0,0.0,0.0,0.0
0,18.0,1,1000.0,1,1,1,1,0,0,0,0,1,0,0,0,0,0,1,5.948034989180646,2.3978952727983707,5.676753802268282,4.51085950651685,2.302585092994046,6.663132695990803
0,33.0,0,998.0,0,1,1,1,0,0,0,0,1,0,0,0,0,0,1,0.0,1.0986122886681096,0.0,0.0,6.694562058521095,6.697034247666484
0,14.0,0,410.0,1,1,1,1,1,0,0,0,1,0,0,0,1,0,0,1.791759469228055,0.0,6.173786103901937,5.697093486505405,2.302585092994046,6.673297967767654
1,36.0,1,1001.0,1,1,1,0,0,0,0,0,1,0,0,0,0,0,1,0.0,0.0,0.0,0.0,0.0,0.0
1,23.0,1,208.0,0,1,1,0,0,1,0,0,1,1,0,0,0,0,0,0.0,0.0,0.0,0.0,0.0,0.0
0,24.0,0,1274.0,0,3,0,1,0,0,0,0,0,0,0,0,0,1,0,0.0,6.173786103901937,4.762173934797756,0.6931471805599453,3.6375861597263857,6.452048954437226
1,4.0,1,999.0,0,3,0,0,1,0,0,1,0,0,0,0,0,0,1,0.0,0.0,0.0,0.0,0.0,0.0
1,27.0,0,999.0,0,3,0,0,0,0,0,0,1,0,0,0,0,0,1,0.0,0.0,0.0,0.0,0.0,0.0
0,18.0,0,1000.0,0,3,0,1,0,0,0,0,1,0,0,0,0,0,1,6.444131256700441,0.0,0.0,3.4657359027997265,5.017279836814924,6.697034247666484
1,21.0,1,1000.0,0,3,0,0,0,0,0,0,1,0,0,0,0,0,1,0.0,0.0,0.0,0.0,0.0,0.0
0,27.0,0,1000.0,0,3,0,1,0,0,0,0,1,0,0,0,0,0,1,2.5649493574615367,0.0,0.0,6.773080375655535,0.0,6.786716950605081
1,34.0,1,1275.0,0,1,1,0,0,0,1,0,1,0,0,0,0,1,0,0.0,0.0,0.0,0.0,0.0,0.0
1,28.0,0,1001.0,0,1,1,0,0,0,0,1,0,0,0,0,0,0,1,0.0,0.0,0.0,0.0,0.0,0.0
1,35.0,1,209.0,0,1,1,0,0,1,0,0,1,1,0,0,0,0,0,0.0,0.0,0.0,0.0,0.0,0.0
1,16.0,1,1002.0,1,1,1,0,0,0,0,1,0,0,0,0,0,0,1,0.0,0.0,0.0,0.0,0.0,0.0
0,36.0,0,191.0,0,1,1,1,0,1,0,0,1,0,1,0,0,0,0,0.0,7.872836175025724,7.4133673356952405,7.937374696163295,0.6931471805599453,8.86531163267185
1,30.0,0,1002.0,0,1,1,0,0,0,0,0,1,0,0,0,0,0,1,0.0,0.0,0.0,0.0,0.0,0.0
1,4.0,1,1003.0,1,1,1,0,1,0,0,1,0,0,0,0,0,0,1,0.0,0.0,0.0,0.0,0.0,0.0
0,19.0,1,396.0,0,1,1,1,0,0,1,0,1,0,0,0,1,0,0,4.127134385045092,6.664409020350408,4.709530201312334,0.0,0.0,6.86171134048073
0,3.0,1,1004.0,0,1,1,0,1,0,0,0,1,0,0,0,0,0,1,0.0,0.0,0.0,0.0,0.0,0.0
1,51.0,1,59.0,0,4,0,0,0,1,0,0,1,0,0,0,0,0,0,0.0,0.0,0.0,0.0,0.0,0.0
1,27.0,1,59.0,0,4,0,0,0,1,0,0,1,0,0,0,0,0,0,0.0,0.0,0.0,0.0,0.0,0.0
1,45.0,1,59.0,0,4,0,0,0,1,0,0,1,0,0,0,0,0,0,0.0,0.0,0.0,0.0,0.0,0.0
1,18.0,1,59.0,0,4,0,0,0,1,0,0,1,0,0,0,0,0,0,0.0,0.0,0.0,0.0,0.0,0.0
0,23.0,1,1183.0,1,1,1,1,0,0,0,1,0,0,0,0,0,1,0,0.0,4.844187086458591,6.0014148779611505,0.0,3.091042453358316,6.311734809152915
0,15.0,0,1185.0,1,1,1,1,0,0,0,0,1,0,0,0,0,1,0,6.949856455000773,0.0,3.6109179126442243,0.0,0.0,6.983789965258135
1,34.0,1,412.0,1,2,0,0,0,0,1,0,1,0,0,0,1,0,0,0.0,0.0,0.0,0.0,0.0,0.0
0,47.0,1,188.0,1,2,0,1,0,0,1,0,1,0,0,1,0,0,0,1.791759469228055,6.93537044601511,0.0,3.2188758248682006,0.0,6.963189985870238
0,27.0,1,238.0,1,3,0,1,0,1,0,0,1,1,0,0,0,0,0,1.3862943611198906,8.445697189711167,0.0,6.489204931325317,5.3706380281276624,8.617762246337932
0,26.0,0,238.0,1,3,0,1,0,1,0,0,1,1,0,0,0,0,0,0.0,2.302585092994046,0.0,1.3862943611198906,7.6246189861593985,7.630461261783627
0,25.0,0,238.0,1,3,0,1,0,1,0,0,0,1,0,0,0,0,0,7.614312146452,8.503094267036737,0.0,7.07326971745971,9.237079669165805,9.820377645813121
0,34.0,0,60.0,0,1,1,1,0,1,0,0,0,0,0,0,0,0,0,0.0,7.069023426578259,0.0,4.875197323201151,7.040536390215956,7.802209316247118
0,27.0,0,189.0,1,1,1,1,0,0,1,0,1,0,0,1,0,0,0,4.02535169073515,0.0,3.9318256327243257,7.52294091807237,0.6931471805599453,7.578656850594762
0,39.0,0,1187.0,1,1,1,1,0,0,0,0,1,0,0,0,0,1,0,0.0,5.176149732573829,3.784189633918261,6.493753839851687,0.0,6.779921907472252
0,31.0,0,1278.0,0,3,0,1,0,0,1,0,1,0,0,0,0,1,0,6.82001636467413,0.0,7.1808311990445555,5.916202062607435,0.0,7.8628820346414905
0,4.0,1,1278.0,0,3,0,0,1,0,1,0,1,0,0,0,0,1,0,0.0,0.0,0.0,0.0,0.0,0.0
0,19.0,0,397.0,0,3,0,0,0,0,1,0,1,0,0,0,1,0,0,0.0,0.0,0.0,0.0,0.0,0.0
1,59.0,1,1279.0,0,1,1,0,0,0,1,0,0,0,0,0,0,1,0,0.0,0.0,0.0,0.0,0.0,0.0
0,19.0,1,193.0,0,1,1,1,0,0,1,0,1,0,0,1,0,0,0,7.604396348796338,0.0,0.0,0.0,0.0,7.604396348796338
0,25.0,1,1280.0,0,1,1,1,0,0,0,0,0,0,0,0,0,1,0,5.556828061699537,0.0,5.726847747587197,5.7430031878094825,3.2188758248682006,6.802394763324311
0,28.0,1,239.0,1,2,0,1,0,1,0,0,0,1,0,0,0,0,0,0.0,6.697034247666484,0.0,7.622663951323595,4.290459441148391,7.981049759665957
0,37.0,0,239.0,1,2,0,1,0,1,0,0,0,1,0,0,0,0,0,0.0,4.51085950651685,0.0,8.096512917501594,2.4849066497880004,8.126813720726114
0,43.0,1,1282.0,0,1,1,1,0,0,1,0,1,0,0,0,0,1,0,3.2188758248682006,0.6931471805599453,7.0630481633881725,0.0,0.0,7.084226422097916
0,18.0,0,1188.0,1,2,0,1,0,0,0,0,0,0,0,0,0,1,0,6.054439346269371,6.659293919683638,0.0,0.0,4.31748811353631,7.153833801578843
0,36.0,0,413.0,1,2,0,1,0,0,0,0,1,0,0,0,1,0,0,7.38025578842646,0.0,1.0986122886681096,4.477336814478207,0.0,7.4342573821331355
0,14.0,0,1283.0,0,1,1,1,1,0,0,0,1,0,0,0,0,1,0,4.276666119016055,0.0,0.0,0.0,0.0,4.276666119016055
0,42.0,0,1284.0,0,1,1,1,0,0,0,1,0,0,0,0,0,1,0,0.0,5.1298987149230735,0.0,4.736198448394496,6.135564891081739,6.610696044717759
0,29.0,0,1190.0,1,1,1,1,0,0,0,1,0,0,0,0,0,1,0,3.258096538021482,0.0,1.0986122886681096,0.0,6.489204931325317,6.529418838262226
0,23.0,0,398.0,0,1,1,1,0,0,1,0,1,0,0,0,1,0,0,7.436617265234227,3.8501476017100584,4.418840607796598,5.4638318050256105,2.8903717578961645,7.638679823876112
0,16.0,0,1191.0,1,2,0,1,0,0,0,0,1,0,0,0,0,1,0,0.0,0.0,4.110873864173311,0.0,7.582738488914411,7.6128310304073565
0,8.0,1,1006.0,1,2,0,0,1,0,0,0,0,0,0,0,0,0,1,0.0,0.0,0.0,0.0,0.0,0.0
0,20.0,0,1007.0,0,1,1,1,0,0,0,0,1,0,0,0,0,0,1,0.6931471805599453,0.0,0.0,3.4965075614664802,6.775366090936392,6.812345094177479
0,50.0,0,1192.0,1,1,1,1,0,0,0,1,0,0,0,0,0,1,0,5.298317366548036,0.0,5.209486152841421,0.0,0.0,5.945420608606575
0,38.0,1,1007.0,1,1,1,1,0,0,0,0,1,0,0,0,0,0,1,0.0,6.565264970035361,3.6888794541139363,4.143134726391533,0.0,6.698268054115413
1,39.0,1,1286.0,0,1,1,0,0,0,1,0,1,0,0,0,0,1,0,0.0,0.0,0.0,0.0,0.0,0.0
0,33.0,0,414.0,1,1,1,1,0,0,1,0,1,0,0,0,1,0,0,6.327936783729195,0.0,4.983606621708336,6.38856140554563,0.0,7.1693500166706
1,30.0,1,241.0,1,1,1,0,0,1,0,0,0,1,0,0,0,0,0,0.0,0.0,0.0,0.0,0.0,0.0
0,40.0,1,1287.0,0,1,1,1,0,0,1,1,0,0,0,0,0,1,0,5.71042701737487,0.0,7.1785454837637,1.6094379124341003,0.0,7.38770923908104
0,22.0,0,1194.0,1,1,1,1,0,0,0,0,1,0,0,0,0,1,0,5.981414211254481,0.0,0.0,5.707110264748875,4.836281906951478,6.710523109452428
1,52.0,1,1195.0,1,1,1,0,0,0,1,0,1,0,0,0,0,1,0,0.0,0.0,0.0,0.0,0.0,0.0
1,26.0,1,1196.0,1,1,1,0,0,0,1,0,1,0,0,0,0,1,0,0.0,0.0,0.0,0.0,0.0,0.0
0,19.0,0,1197.0,1,1,1,1,0,0,0,0,1,0,0,0,0,1,0,7.623153068476902,0.0,2.639057329615259,0.6931471805599453,0.0,7.629975707027789
0,33.0,0,1198.0,1,1,1,1,0,0,0,0,1,0,0,0,0,1,0,1.9459101490553132,0.0,0.0,0.0,6.85751406254539,6.863803391452954
1,33.0,1,1010.0,1,1,1,0,0,0,0,1,0,0,0,0,0,0,1,0.0,0.0,0.0,0.0,0.0,0.0
0,20.0,1,1011.0,1,1,1,1,0,0,0,0,1,0,0,0,0,0,1,0.0,0.0,6.7357800142423265,1.791759469228055,0.0,6.741700694652055
0,28.0,0,1199.0,1,1,1,1,0,0,1,0,1,0,0,0,0,1,0,0.0,0.0,4.867534450455582,0.0,0.0,4.867534450455582
1,10.0,1,1012.0,1,1,1,0,1,0,0,0,0,0,0,0,0,0,1,0.0,0.0,0.0,0.0,0.0,0.0
0,23.0,1,1008.0,0,1,1,1,0,0,0,0,1,0,0,0,0,0,1,0.0,0.6931471805599453,6.812345094177479,0.0,0.0,6.813444599510896
0,28.0,1,1013.0,1,1,1,1,0,0,0,0,1,0,0,0,0,0,1,0.0,0.0,6.78897174299217,0.0,0.0,6.78897174299217
0,23.0,1,1200.0,1,1,1,1,0,0,0,0,1,0,0,0,0,1,0,7.691656822810547,0.0,0.0,0.0,0.0,7.691656822810547
0,54.0,0,1201.0,1,1,1,1,0,0,1,0,1,0,0,0,0,1,0,6.447305862541213,5.700443573390686,6.037870919922137,5.746203190540153,0.0,7.413970290190444
0,57.0,0,1289.0,0,2,0,1,0,0,1,0,1,0,0,0,0,1,0,5.910796644040527,0.0,6.456769655572163,6.9874902470009905,6.240275845170769,7.8628820346414905
0,24.0,0,1289.0,0,2,0,1,0,0,1,0,0,0,0,0,0,1,0,6.6039438246004725,5.683579767338681,5.71042701737487,0.0,0.0,7.194436851100335
1,37.0,1,243.0,1,2,0,0,0,1,0,0,1,1,0,0,0,0,0,0.0,0.0,0.0,0.0,0.0,0.0
1,59.0,1,243.0,1,2,0,0,0,1,0,0,1,1,0,0,0,0,0,0.0,0.0,0.0,0.0,0.0,0.0
1,53.0,1,1009.0,0,1,1,0,0,0,0,0,1,0,0,0,0,0,1,0.0,0.0,0.0,0.0,0.0,0.0
1,22.0,1,1293.0,0,2,0,0,0,0,1,0,1,0,0,0,0,1,0,0.0,0.0,0.0,0.0,0.0,0.0
0,18.0,0,195.0,0,2,0,1,0,0,1,0,1,0,0,1,0,0,0,4.634728988229636,1.3862943611198906,5.231108616854587,7.7354333524996886,0.0,7.8551570058813445
1,17.0,1,213.0,0,2,0,0,0,1,0,0,0,1,0,0,0,0,0,0.0,0.0,0.0,0.0,0.0,0.0
0,25.0,0,213.0,0,2,0,1,0,1,0,0,0,1,0,0,0,0,0,0.0,7.423568444259167,1.3862943611198906,2.302585092994046,8.176110342237342,8.564267598802166
0,18.0,0,1294.0,0,1,1,1,0,0,0,0,1,0,0,0,0,1,0,4.6913478822291435,1.0986122886681096,2.4849066497880004,0.0,6.523562306149512,6.687108607866515
0,20.0,0,933.5,1,1,1,1,0,0,0,0,1,0,0,0,0,1,0,5.940171252720432,0.0,3.4011973816621555,3.6888794541139363,4.5217885770490405,6.289715570908998
0,24.0,1,1296.0,0,1,1,1,0,0,0,0,1,0,0,0,0,1,0,0.0,7.893945138235959,0.0,1.0986122886681096,3.828641396489095,7.911324018963352
1,33.0,1,1202.0,1,1,1,0,0,0,1,0,1,0,0,0,0,1,0,0.0,0.0,0.0,0.0,0.0,0.0
0,34.0,0,1297.0,0,2,0,1,0,0,0,0,1,0,0,0,0,1,0,4.8283137373023015,0.0,0.0,6.522092798170152,0.0,6.6895992691789665
0,24.0,0,1297.0,0,2,0,1,0,0,0,0,0,0,0,0,0,1,0,0.0,5.541263545158426,2.639057329615259,0.0,6.169610732491456,6.61338421837956
0,37.0,1,62.0,0,1,1,0,0,1,0,0,1,0,0,0,0,0,0,0.0,0.0,0.0,0.0,0.0,0.0
0,23.0,0,196.0,0,2,0,1,0,0,1,0,1,0,0,1,0,0,0,6.53813982376767,0.0,0.0,5.680172609017068,7.3758821482150125,7.8551570058813445
0,32.0,0,196.0,0,2,0,1,0,0,1,0,1,0,0,1,0,0,0,7.616775808698373,0.0,3.367295829986474,6.253828811575473,0.0,7.8551570058813445
1,13.0,1,1203.0,1,1,1,0,1,0,1,0,1,0,0,0,0,1,0,0.0,0.0,0.0,0.0,0.0,0.0
1,23.0,1,1011.0,0,1,1,0,0,0,0,0,0,0,0,0,0,0,1,0.0,0.0,0.0,0.0,0.0,0.0
1,23.0,1,1014.0,1,1,1,0,0,0,0,0,1,0,0,0,0,0,1,0.0,0.0,0.0,0.0,0.0,0.0
0,27.0,0,74.0,1,1,1,1,0,1,0,0,1,0,0,0,0,0,0,4.912654885736052,8.04044688130311,2.302585092994046,6.052089168924417,6.4457198193855785,8.366602832783736
1,47.0,1,1012.0,0,1,1,0,0,0,0,0,1,0,0,0,0,0,1,0.0,0.0,0.0,0.0,0.0,0.0
0,38.0,1,1015.0,1,1,1,1,0,0,0,0,1,0,0,0,0,0,1,3.044522437723423,0.0,6.62273632394984,0.0,1.0986122886681096,6.651571873589727
0,28.0,0,1205.0,1,1,1,1,0,0,1,0,1,0,0,0,0,1,0,5.0689042022202315,0.0,0.0,6.144185634125646,0.0,6.436150368369428
0,21.0,0,1206.0,1,2,0,1,0,0,0,0,1,0,0,0,0,1,0,0.0,5.6937321388027,1.0986122886681096,0.0,7.342131730584722,7.518607216815252
0,27.0,0,1206.0,1,2,0,1,0,0,0,0,1,0,0,0,0,1,0,1.0986122886681096,1.3862943611198906,4.543294782270004,1.9459101490553132,6.293419278846481,6.4692503167957724
0,64.0,1,245.0,1,2,0,0,0,1,0,0,0,1,0,0,0,0,0,0.0,0.0,0.0,0.0,0.0,0.0
0,43.0,1,245.0,1,2,0,1,0,1,0,0,1,1,0,0,0,0,0,1.0986122886681096,8.58110651715989,0.0,2.0794415416798357,0.0,8.582793648500186
0,21.0,1,1018.0,1,1,1,1,0,0,0,0,1,0,0,0,0,0,1,0.0,0.0,3.367295829986474,6.2324480165505225,5.60947179518496,6.695798917058491
0,36.0,1,1013.0,0,1,1,1,0,0,0,0,1,0,0,0,0,0,1,4.3694478524670215,2.302585092994046,0.0,0.0,6.7357800142423265,6.834108738813838
0,22.0,1,1020.0,1,1,1,1,0,0,0,1,0,0,0,0,0,0,1,0.0,0.0,0.0,3.8918202981106265,6.483107351457199,6.553933404025811
0,24.0,0,1301.0,0,1,1,1,0,0,0,0,1,0,0,0,0,1,0,0.0,6.956545443151569,0.6931471805599453,0.0,0.0,6.957497370876951
1,21.0,1,247.0,1,1,1,0,0,1,0,0,1,1,0,0,0,0,0,0.0,0.0,0.0,0.0,0.0,0.0
0,57.0,1,1014.0,0,1,1,1,0,0,0,0,1,0,0,0,0,0,1,0.0,7.251344983372214,3.4011973816621555,0.0,0.0,7.271703706887368
0,46.0,1,192.0,0,1,1,1,0,1,0,0,0,0,1,0,0,0,0,0.0,9.09873819539488,0.0,0.0,5.075173815233827,9.116359308505288
1,42.0,1,1303.0,0,1,1,0,0,0,1,0,1,0,0,0,0,1,0,0.0,0.0,0.0,0.0,0.0,0.0
0,16.0,0,1304.0,0,1,1,1,0,0,0,0,1,0,0,0,0,1,0,2.8903717578961645,0.0,0.0,6.2878585601617845,5.159055299214529,6.590301048196686
0,40.0,0,1305.0,0,7,0,1,0,0,0,0,1,0,0,0,0,1,0,0.0,5.170483995038151,0.0,2.4849066497880004,6.2878585601617845,6.584791392385716
0,3.0,0,1015.0,0,7,0,0,1,0,0,0,1,0,0,0,0,0,1,0.0,0.0,0.0,0.0,0.0,0.0
0,8.0,1,1015.0,0,7,0,0,1,0,0,0,1,0,0,0,0,0,1,0.0,0.0,0.0,0.0,0.0,0.0
1,3.0,1,933.5,1,7,0,0,1,0,0,1,0,0,0,0,0,1,0,0.0,0.0,0.0,0.0,0.0,0.0
0,35.0,0,1015.0,0,7,0,1,0,0,0,0,0,0,0,0,0,0,1,7.4205789054108005,0.0,2.0794415416798357,0.0,4.51085950651685,7.4770384723196965
0,12.0,1,1015.0,0,7,0,0,1,0,0,0,0,0,0,0,0,0,1,0.0,0.0,0.0,0.0,0.0,0.0
1,27.0,1,1015.0,0,7,0,0,0,0,0,0,1,0,0,0,0,0,1,0.0,0.0,0.0,0.0,0.0,0.0
0,47.0,1,193.0,0,1,1,1,0,1,0,0,0,0,1,0,0,0,0,0.0,7.70796153183549,7.3613754289773485,5.308267697401205,3.1780538303479458,8.299783171949787
1,19.0,1,248.0,1,2,0,0,0,1,0,0,0,1,0,0,0,0,0,0.0,0.0,0.0,0.0,0.0,0.0
0,46.0,0,248.0,1,2,0,1,0,1,0,0,1,1,0,0,0,0,0,8.193400231952097,6.336825731146441,0.0,2.772588722239781,8.102889134640868,8.92252495730139
0,28.0,0,1017.0,0,1,1,1,0,0,0,0,1,0,0,0,0,0,1,0.0,5.030437921392435,5.375278407684165,3.4339872044851463,6.236369590203704,6.811244378601294
0,5.0,1,1023.0,1,5,0,0,1,0,0,0,1,0,0,0,0,0,1,0.0,0.0,0.0,0.0,0.0,0.0
0,7.0,1,1023.0,1,5,0,0,1,0,0,0,1,0,0,0,0,0,1,0.0,0.0,0.0,0.0,0.0,0.0
1,3.0,1,1023.0,1,5,0,0,1,0,0,0,1,0,0,0,0,0,1,0.0,0.0,0.0,0.0,0.0,0.0
0,1.0,1,1023.0,1,5,0,0,1,0,0,0,1,0,0,0,0,0,1,0.0,0.0,0.0,0.0,0.0,0.0
0,7.0,1,1023.0,1,5,0,0,1,0,0,0,0,0,0,0,0,0,1,0.0,0.0,0.0,0.0,0.0,0.0
0,60.0,0,190.0,1,2,0,1,0,1,0,0,1,0,0,1,0,0,0,0.0,5.25227342804663,1.3862943611198906,7.583247524303362,3.4339872044851463,7.690743163541872
0,34.0,0,190.0,1,2,0,1,0,1,0,0,1,0,0,1,0,0,0,1.9459101490553132,6.778784897685177,0.0,2.3978952727983707,7.698029170272805,8.038512020976814
0,28.0,0,234.0,1,1,1,1,0,1,0,0,1,0,1,0,0,0,0,0.0,0.0,0.0,1.9459101490553132,9.194007717355285,9.194617411510947
0,64.0,0,401.0,0,1,1,1,0,0,0,0,0,0,0,0,1,0,0,0.0,5.75890177387728,1.0986122886681096,6.513230110912307,0.0,6.899723107284872
0,13.0,0,1208.0,1,1,1,1,1,0,0,0,1,0,0,0,0,1,0,6.80128303447162,0.0,0.0,0.0,3.2188758248682006,6.827629234502852
1,15.0,1,1018.0,0,1,1,0,0,0,0,0,1,0,0,0,0,0,1,0.0,0.0,0.0,0.0,0.0,0.0
0,65.0,0,1019.0,0,1,1,1,0,0,0,0,1,0,0,0,0,0,1,6.129050210060545,0.0,6.320768294250582,0.0,0.0,6.921658184151129
0,53.0,1,418.0,1,1,1,1,0,0,1,0,1,0,0,0,1,0,0,4.3694478524670215,4.454347296253507,6.756932389247553,0.0,0.0,6.930494765951626
1,58.0,1,194.0,0,3,0,0,0,1,0,0,0,0,1,0,0,0,0,0.0,0.0,0.0,0.0,0.0,0.0
0,19.0,0,194.0,0,3,0,1,0,1,0,0,1,0,1,0,0,0,0,0.0,7.118826249062078,0.0,7.579167967396076,0.0,8.068089626278244
1,27.0,1,194.0,0,3,0,0,0,1,0,0,0,0,1,0,0,0,0,0.0,0.0,0.0,0.0,0.0,0.0
0,16.0,1,419.0,1,1,1,1,0,0,0,0,1,0,0,0,1,0,0,0.0,4.23410650459726,7.340835554123275,0.0,0.0,7.383989457978509
0,48.0,0,235.0,1,2,0,1,0,1,0,0,0,0,1,0,0,0,0,1.3862943611198906,8.316300249036848,0.0,8.382289428951436,4.997212273764115,9.060447282401565
0,33.0,1,235.0,1,2,0,1,0,1,0,0,1,0,1,0,0,0,0,1.0986122886681096,8.464425125877582,0.0,3.5553480614894135,0.0,8.471986598578159
0,31.0,0,420.0,1,3,0,1,0,0,0,0,1,0,0,0,1,0,0,2.995732273553991,6.234410725718371,0.0,0.0,5.181783550292085,6.559615237493242
0,44.0,1,1025.0,1,3,0,0,0,0,0,0,0,0,0,0,0,0,1,0.0,0.0,0.0,0.0,0.0,0.0
0,40.0,1,1025.0,1,3,0,1,0,0,0,0,1,0,0,0,0,0,1,0.6931471805599453,0.0,6.79794041297493,2.3978952727983707,0.0,6.810142450115136
1,34.0,1,1026.0,1,2,0,0,0,0,0,0,1,0,0,0,0,0,1,0.0,0.0,0.0,0.0,0.0,0.0
0,21.0,0,1209.0,1,2,0,1,0,0,0,0,1,0,0,0,0,1,0,0.0,6.295266001439646,0.0,4.969813299576001,0.0,6.529418838262226
0,20.0,0,1307.0,0,1,1,1,0,0,0,0,1,0,0,0,0,1,0,0.0,3.044522437723423,0.6931471805599453,6.546785410760524,0.0,6.576469569048224
1,9.0,1,1308.0,0,1,1,0,1,0,1,0,1,0,0,0,0,1,0,0.0,0.0,0.0,0.0,0.0,0.0
1,33.0,0,1020.0,0,4,0,0,0,0,0,0,1,0,0,0,0,0,1,0.0,0.0,0.0,0.0,0.0,0.0
1,2.0,0,1020.0,0,4,0,0,1,0,0,1,0,0,0,0,0,0,1,0.0,0.0,0.0,0.0,0.0,0.0
0,53.0,0,1309.0,0,4,0,1,0,0,0,0,1,0,0,0,0,1,0,6.4425401664681985,3.4965075614664802,0.0,0.0,3.6375861597263857,6.546785410760524
0,0.0,1,1020.0,0,4,0,0,1,0,0,0,0,0,0,0,0,0,1,0.0,0.0,0.0,0.0,0.0,0.0
1,38.0,1,1027.0,1,1,1,0,0,0,0,1,0,0,0,0,0,0,1,0.0,0.0,0.0,0.0,0.0,0.0
1,21.0,1,237.0,1,1,1,0,0,1,0,0,0,0,1,0,0,0,0,0.0,0.0,0.0,0.0,0.0,0.0
1,31.0,1,1028.0,1,7,0,0,0,0,0,0,1,0,0,0,0,0,1,0.0,0.0,0.0,0.0,0.0,0.0
1,7.0,1,1028.0,1,7,0,0,1,0,0,1,0,0,0,0,0,0,1,0.0,0.0,0.0,0.0,0.0,0.0
0,12.0,1,1028.0,1,7,0,0,1,0,0,0,0,0,0,0,0,0,1,0.0,0.0,0.0,0.0,0.0,0.0
1,0.0,1,1028.0,1,7,0,0,1,0,0,1,0,0,0,0,0,0,1,0.0,0.0,0.0,0.0,0.0,0.0
0,17.0,1,421.0,1,7,0,1,0,0,0,0,1,0,0,0,1,0,0,1.791759469228055,0.0,7.183870715062453,5.662960480135946,0.0,7.383989457978509
0,55.0,0,1210.0,1,7,0,1,0,0,0,0,1,0,0,0,0,1,0,0.0,5.493061443340548,0.0,6.173786103901937,1.3862943611198906,6.586171654854675
0,2.0,1,1028.0,1,7,0,0,1,0,0,0,0,0,0,0,0,0,1,0.0,0.0,0.0,0.0,0.0,0.0
0,32.0,0,1312.0,0,1,1,1,0,0,0,0,1,0,0,0,0,1,0,2.9444389791664403,0.0,0.0,7.232010331664759,0.0,7.244941546337007
0,16.0,0,1313.0,0,1,1,1,0,0,0,0,0,0,0,0,0,1,0,0.0,0.0,6.543911845564792,0.0,4.634728988229636,6.680854678790215
0,0.0,0,1022.0,0,1,1,0,1,0,0,0,1,0,0,0,0,0,1,0.0,0.0,0.0,0.0,0.0,0.0
0,29.0,1,195.0,0,2,0,1,0,1,0,0,1,0,1,0,0,0,0,0.0,6.371611847231857,8.606851063346772,2.0794415416798357,6.495265555937008,8.812992231969966
0,25.0,0,195.0,0,2,0,1,0,1,0,0,0,0,1,0,0,0,0,6.184148890937483,9.345046074828474,0.0,1.6094379124341003,8.608495349823023,9.764627703152708
0,39.0,0,191.0,1,1,1,1,0,0,1,0,0,0,0,1,0,0,0,7.541683099882111,0.0,7.269616749608169,1.791759469228055,6.152732694704104,8.24117615049496
1,42.0,1,423.0,1,1,1,0,0,0,1,0,1,0,0,0,1,0,0,0.0,0.0,0.0,0.0,0.0,0.0
0,0.0,1,1023.0,0,2,0,0,1,0,0,0,0,0,0,0,0,0,1,0.0,0.0,0.0,0.0,0.0,0.0
1,14.0,1,1023.0,0,2,0,0,1,0,0,0,1,0,0,0,0,0,1,0.0,0.0,0.0,0.0,0.0,0.0
0,29.0,0,1212.0,1,2,0,1,0,0,1,0,1,0,0,0,0,1,0,7.707062655370473,0.0,0.0,0.0,0.0,7.707062655370473
0,54.0,0,1212.0,1,2,0,1,0,0,1,0,1,0,0,0,0,1,0,6.517671272912275,0.0,5.44673737166631,5.940171252720432,0.0,7.160069207596127
1,35.0,1,1030.0,1,1,1,0,0,0,0,0,1,0,0,0,0,0,1,0.0,0.0,0.0,0.0,0.0,0.0
0,27.0,0,238.0,1,1,1,1,0,1,0,0,0,0,1,0,0,0,0,3.912023005428146,9.49874718174242,0.0,7.542213463193403,8.851663425366777,10.010636468053171
0,18.0,1,1314.0,0,1,1,1,0,0,1,0,1,0,0,0,0,1,0,6.386879319362645,0.0,6.2324480165505225,0.0,2.5649493574615367,7.01571242048723
0,14.0,1,403.0,0,1,1,1,1,0,0,0,0,0,0,0,1,0,0,0.0,6.881411303642535,0.0,0.6931471805599453,0.0,6.882437470997847
1,53.0,1,199.0,0,1,1,0,0,1,0,0,1,0,0,1,0,0,0,0.0,0.0,0.0,0.0,0.0,0.0
0,48.0,1,1315.0,0,1,1,1,0,0,0,0,1,0,0,0,0,1,0,6.018593214496234,7.653969180478774,0.0,0.0,0.0,7.83161727635261
0,21.0,1,1213.0,1,1,1,1,0,0,0,0,0,0,0,0,0,1,0,0.0,6.464588303689961,0.0,0.0,0.0,6.464588303689961
0,44.0,1,1316.0,0,1,1,1,0,0,0,0,1,0,0,0,0,1,0,0.0,0.0,0.0,6.593044534142437,5.986452005284438,7.027314514039777
0,25.0,0,1214.0,1,1,1,1,0,0,0,0,1,0,0,0,0,1,0,4.672828834461906,0.0,0.0,0.0,6.8308742346461795,6.939253946041508
0,0.0,1,75.0,1,3,0,0,1,1,0,0,1,0,0,0,0,0,0,0.0,0.0,0.0,0.0,0.0,0.0
1,27.0,1,75.0,1,3,0,0,0,1,0,0,1,0,0,0,0,0,0,0.0,0.0,0.0,0.0,0.0,0.0
1,40.0,1,75.0,1,3,0,0,0,1,0,0,1,0,0,0,0,0,0,0.0,0.0,0.0,0.0,0.0,0.0
0,44.0,1,1031.0,1,1,1,1,0,0,0,0,1,0,0,0,0,0,1,0.0,6.234410725718371,4.867534450455582,5.5093883366279774,0.0,6.785587645007929
1,36.0,0,933.5,1,7,0,0,0,0,0,0,1,0,0,0,0,1,0,0.0,0.0,0.0,0.0,0.0,0.0
1,3.0,1,1026.0,0,7,0,0,1,0,0,0,0,0,0,0,0,0,1,0.0,0.0,0.0,0.0,0.0,0.0
1,9.0,0,1026.0,0,7,0,0,1,0,0,0,1,0,0,0,0,0,1,0.0,0.0,0.0,0.0,0.0,0.0
1,1.0,0,1026.0,0,7,0,0,1,0,0,0,1,0,0,0,0,0,1,0.0,0.0,0.0,0.0,0.0,0.0
0,17.0,1,405.0,0,7,0,1,0,0,0,0,1,0,0,0,1,0,0,0.0,0.0,6.885509670034818,0.0,1.791759469228055,6.890609120147166
1,47.0,0,1026.0,0,7,0,0,0,0,0,0,1,0,0,0,0,0,1,0.0,0.0,0.0,0.0,0.0,0.0
1,27.0,0,1026.0,0,7,0,0,0,0,0,0,1,0,0,0,0,0,1,0.0,0.0,0.0,0.0,0.0,0.0
0,33.0,0,64.0,0,1,1,1,0,1,0,0,0,0,0,0,0,0,0,0.0,3.6635616461296463,0.0,0.6931471805599453,8.060855752934316,8.073091199693154
0,16.0,1,424.0,1,1,1,1,0,0,0,1,0,0,0,0,1,0,0,0.0,0.0,4.605170185988092,0.0,6.652863029353347,6.773080375655535
0,30.0,0,1215.0,1,2,0,1,0,0,1,0,1,0,0,0,0,1,0,7.581209826196346,0.0,6.459904454377535,0.0,0.0,7.8628820346414905
0,18.0,1,1215.0,1,2,0,1,0,0,1,0,0,0,0,0,0,1,0,4.74493212836325,4.882801922586371,6.833031732786201,0.0,0.0,7.067319848653476
0,26.0,0,1033.0,1,1,1,1,0,0,0,0,1,0,0,0,0,0,1,5.8888779583328805,2.1972245773362196,0.6931471805599453,5.799092654460526,5.225746673713202,6.784457062637643
0,19.0,1,1318.0,0,1,1,1,0,0,0,1,0,0,0,0,0,1,0,6.359573868672378,5.135798437050262,0.0,2.0794415416798357,0.0,6.625392368007956
1,28.0,1,1216.0,1,1,1,0,0,0,1,0,1,0,0,0,0,1,0,0.0,0.0,0.0,0.0,0.0,0.0
0,35.0,0,1027.0,0,1,1,1,0,0,0,0,1,0,0,0,0,0,1,6.755768921984256,2.3978952727983707,2.833213344056216,0.0,0.0,6.785587645007929
0,40.0,1,216.0,0,4,0,1,0,1,0,0,1,1,0,0,0,0,0,6.651571873589727,8.224163512637862,3.784189633918261,2.3978952727983707,0.0,8.424200324567073
0,26.0,0,216.0,0,4,0,1,0,1,0,0,1,1,0,0,0,0,0,0.0,7.696212639346407,0.0,5.796057750765372,5.799092654460526,7.957527402230773
0,45.0,1,216.0,0,4,0,1,0,1,0,0,0,1,0,0,0,0,0,0.0,8.071218539969863,0.0,6.030685260261263,5.087596335232384,8.236685322712457
1,18.0,1,216.0,0,4,0,0,0,1,0,0,0,1,0,0,0,0,0,0.0,0.0,0.0,0.0,0.0,0.0
0,54.0,1,1319.0,0,1,1,1,0,0,0,0,0,0,0,0,0,1,0,6.687108607866515,1.791759469228055,0.0,0.0,0.0,6.693323668269949
0,13.0,0,1320.0,0,1,1,1,1,0,0,0,1,0,0,0,0,1,0,7.0431599159883405,0.0,1.9459101490553132,0.0,0.0,7.048386408721883
1,26.0,1,1217.0,1,1,1,0,0,0,1,0,0,0,0,0,0,1,0,0.0,0.0,0.0,0.0,0.0,0.0
1,16.0,1,1034.0,1,1,1,0,0,0,0,1,0,0,0,0,0,0,1,0.0,0.0,0.0,0.0,0.0,0.0
0,37.0,0,1322.0,0,3,0,1,0,0,0,0,1,0,0,0,0,1,0,0.0,6.866933284461882,2.1972245773362196,3.044522437723423,5.135798437050262,7.053585727193677
1,17.0,1,1028.0,0,3,0,0,0,0,0,0,1,0,0,0,0,0,1,0.0,0.0,0.0,0.0,0.0,0.0
0,16.0,0,1322.0,0,3,0,1,0,0,0,0,0,0,0,0,0,1,0,1.0986122886681096,6.238324625039508,0.0,0.0,7.364547014255642,7.645875825184813
0,18.0,0,1323.0,0,1,1,1,0,0,0,0,1,0,0,0,0,1,0,5.883322388488279,5.820082930352362,0.0,0.0,0.0,6.543911845564792
0,21.0,0,933.5,1,1,1,1,0,0,1,1,0,0,0,0,0,1,0,6.077642243349034,0.0,6.0473721790462776,2.833213344056216,0.0,6.773080375655535
0,24.0,1,1029.0,0,1,1,1,0,0,0,0,1,0,0,0,0,0,1,0.0,0.0,0.0,0.0,6.717804695023691,6.717804695023691
1,22.0,1,1036.0,1,1,1,0,0,0,0,0,1,0,0,0,0,0,1,0.0,0.0,0.0,0.0,0.0,0.0
1,41.0,1,1037.0,1,4,0,0,0,0,0,0,1,0,0,0,0,0,1,0.0,0.0,0.0,0.0,0.0,0.0
1,15.0,1,1037.0,1,4,0,0,0,0,0,0,1,0,0,0,0,0,1,0.0,0.0,0.0,0.0,0.0,0.0
1,36.0,1,1037.0,1,4,0,0,0,0,0,0,1,0,0,0,0,0,1,0.0,0.0,0.0,0.0,0.0,0.0
0,23.0,0,1037.0,1,4,0,1,0,0,0,0,0,0,0,0,0,0,1,0.0,0.0,6.171700597410915,8.4252971767117,0.0,8.524962928680598
0,31.0,0,427.0,1,1,1,1,0,0,0,0,1,0,0,0,1,0,0,0.0,5.497168225293202,0.0,0.0,0.0,5.497168225293202
0,19.0,0,1223.0,1,1,1,1,0,0,0,0,1,0,0,0,0,1,0,4.74493212836325,1.3862943611198906,6.434546518787453,0.0,0.0,6.606650186198215
1,23.0,1,1030.0,0,1,1,0,0,0,0,0,0,0,0,0,0,0,1,0.0,0.0,0.0,0.0,0.0,0.0
0,47.0,0,1031.0,0,1,1,1,0,0,0,0,1,0,0,0,0,0,1,0.0,4.672828834461906,7.977968093128549,0.0,7.0909098220799835,8.348064228408266
0,40.0,1,76.0,1,2,0,1,0,1,0,0,0,0,0,0,0,0,0,0.0,7.425357887027151,0.0,4.700480365792417,5.771441123130016,7.653020413804189
0,34.0,0,76.0,1,2,0,1,0,1,0,0,0,0,0,0,0,0,0,0.0,6.428105272684596,0.0,0.0,9.29550838434606,9.350710824823459
0,2.0,0,1032.0,0,5,0,0,1,0,0,0,1,0,0,0,0,0,1,0.0,0.0,0.0,0.0,0.0,0.0
1,8.0,0,1032.0,0,5,0,0,1,0,0,0,1,0,0,0,0,0,1,0.0,0.0,0.0,0.0,0.0,0.0
1,0.0,1,1032.0,0,5,0,0,1,0,0,0,1,0,0,0,0,0,1,0.0,0.0,0.0,0.0,0.0,0.0
0,18.0,1,1032.0,0,5,0,1,0,0,0,1,0,0,0,0,0,0,1,0.0,0.0,7.450660796211539,0.6931471805599453,0.0,7.451241684987676
0,11.0,0,1032.0,0,5,0,0,1,0,0,0,1,0,0,0,0,0,1,0.0,0.0,0.0,0.0,0.0,0.0
0,18.0,1,1038.0,1,1,1,1,0,0,0,0,1,0,0,0,0,0,1,0.0,3.044522437723423,6.673297967767654,0.0,0.0,6.698268054115413
0,19.0,0,1224.0,1,4,0,1,0,0,0,1,0,0,0,0,0,1,0,4.007333185232471,0.0,0.0,3.7612001156935624,6.894670039433482,6.9874902470009905
0,2.0,1,933.5,1,4,0,0,1,0,0,0,1,0,0,0,0,1,0,0.0,0.0,0.0,0.0,0.0,0.0
1,25.0,1,1039.0,1,4,0,0,0,0,0,0,1,0,0,0,0,0,1,0.0,0.0,0.0,0.0,0.0,0.0
0,0.0,1,1039.0,1,4,0,0,1,0,0,0,0,0,0,0,0,0,1,0.0,0.0,0.0,0.0,0.0,0.0
1,27.0,1,933.5,1,2,0,0,0,1,0,0,0,0,0,0,0,1,0,0.0,0.0,0.0,0.0,0.0,0.0
1,34.0,1,249.0,1,2,0,0,0,1,0,0,0,1,0,0,0,0,0,0.0,0.0,0.0,0.0,0.0,0.0
1,19.0,1,1033.0,0,1,1,0,0,0,0,0,1,0,0,0,0,0,1,0.0,0.0,0.0,0.0,0.0,0.0
0,22.0,0,1034.0,0,1,1,1,0,0,0,1,0,0,0,0,0,0,1,6.068425588244111,3.713572066704308,0.0,2.3978952727983707,0.0,6.1779441140506
0,22.0,0,1035.0,0,1,1,1,0,0,0,0,1,0,0,0,0,0,1,0.0,0.0,5.111987788356544,2.70805020110221,6.4457198193855785,6.695798917058491
0,52.0,0,1328.0,0,1,1,1,0,0,0,1,0,0,0,0,0,1,0,0.0,6.481577129276431,2.302585092994046,0.0,0.0,6.495265555937008
0,30.0,0,407.0,0,1,1,1,0,0,0,0,1,0,0,0,1,0,0,4.0943445622221,0.0,0.0,0.0,7.385230923066573,7.421177528595393
0,65.0,0,77.0,1,1,1,1,0,1,0,0,1,0,0,0,0,0,0,0.0,7.259116128097101,0.0,4.454347296253507,6.71901315438526,7.75491027202143
0,31.0,1,1040.0,1,1,1,1,0,0,0,0,1,0,0,0,0,0,1,5.68697535633982,6.175867270105761,3.4657359027997265,1.3862943611198906,0.0,6.695798917058491
1,51.0,1,1225.0,1,1,1,0,0,0,1,0,1,0,0,0,0,1,0,0.0,0.0,0.0,0.0,0.0,0.0
0,21.0,1,933.5,1,1,1,1,0,0,0,0,1,0,0,0,0,1,0,5.902633333401366,3.970291913552122,0.0,0.0,5.666426688112432,6.559615237493242
0,27.0,0,1329.0,0,1,1,1,0,0,0,0,1,0,0,0,0,1,0,4.543294782270004,0.0,0.0,0.0,6.650279048587422,6.763884908562435
0,31.0,1,428.0,1,1,1,1,0,0,0,0,1,0,0,0,1,0,0,0.0,0.0,6.773080375655535,0.0,0.0,6.773080375655535
1,28.0,1,197.0,0,2,0,0,0,1,0,0,0,0,1,0,0,0,0,0.0,0.0,0.0,0.0,0.0,0.0
0,29.0,0,933.5,1,2,0,1,0,1,0,0,1,0,0,0,0,1,0,0.0,6.359573868672378,0.0,8.624970783589669,6.07073772800249,8.791486026749002
0,23.0,0,1330.0,0,4,0,1,0,0,1,0,1,0,0,0,0,1,0,7.335633981927201,0.0,6.755768921984256,5.697093486505405,0.0,7.896924656268864
1,11.0,1,1330.0,0,4,0,0,1,0,1,0,1,0,0,0,0,1,0,0.0,0.0,0.0,0.0,0.0,0.0
0,23.0,0,1330.0,0,4,0,1,0,0,1,0,1,0,0,0,0,1,0,7.1180162044653335,0.0,6.269096283706261,0.0,0.0,7.473637108496206
0,34.0,0,408.0,0,4,0,1,0,0,1,0,1,0,0,0,1,0,0,6.687108607866515,0.0,5.5093883366279774,0.6931471805599453,0.0,6.955592608396297
0,20.0,0,1331.0,0,1,1,1,0,0,0,0,1,0,0,0,0,1,0,0.0,0.0,5.0238805208462765,6.2324480165505225,0.0,6.492239835020471
1,20.0,1,198.0,0,2,0,0,0,1,0,0,0,0,1,0,0,0,0,0.0,0.0,0.0,0.0,0.0,0.0
1,16.0,1,198.0,0,2,0,0,0,1,0,0,1,0,1,0,0,0,0,0.0,0.0,0.0,0.0,0.0,0.0
1,18.0,0,1037.0,0,1,1,0,0,0,0,0,1,0,0,0,0,0,1,0.0,0.0,0.0,0.0,0.0,0.0
0,20.0,0,1334.0,0,3,0,1,0,0,0,0,0,0,0,0,0,1,0,3.2188758248682006,4.04305126783455,0.6931471805599453,0.0,6.150602768446279,6.309918278226516
1,20.0,1,1038.0,0,3,0,0,0,0,0,1,0,0,0,0,0,0,1,0.0,0.0,0.0,0.0,0.0,0.0
0,27.0,0,1038.0,0,3,0,1,0,0,0,0,0,0,0,0,0,0,1,3.4339872044851463,0.0,6.638567789166521,0.0,4.060443010546419,6.7464121285733745
0,55.0,0,202.0,0,1,1,1,0,1,0,0,0,0,0,1,0,0,0,4.74493212836325,5.407171771460119,0.0,7.853993087224244,7.979338895262328,8.670943791222156
0,53.0,1,193.0,1,2,0,1,0,0,1,0,0,0,0,1,0,0,0,4.430816798843313,0.0,7.372118028337787,4.110873864173311,0.0,7.458186157340487
1,37.0,1,193.0,1,2,0,0,0,0,1,0,1,0,0,1,0,0,0,0.0,0.0,0.0,0.0,0.0,0.0
1,55.0,1,1039.0,0,1,1,0,0,0,0,1,0,0,0,0,0,0,1,0.0,0.0,0.0,0.0,0.0,0.0
0,24.0,1,1043.0,1,1,1,1,0,0,0,0,1,0,0,0,0,0,1,6.315358001522335,0.6931471805599453,0.0,5.44673737166631,0.0,6.665683717782408
0,24.0,1,1228.0,1,1,1,1,0,0,0,0,0,0,0,0,0,1,0,2.70805020110221,0.0,0.6931471805599453,6.270988431858299,4.700480365792417,6.481577129276431
1,49.0,1,1044.0,1,1,1,0,0,0,0,1,0,0,0,0,0,0,1,0.0,0.0,0.0,0.0,0.0,0.0
0,17.0,0,1045.0,1,1,1,1,0,0,0,0,1,0,0,0,0,0,1,0.0,0.0,0.0,7.499423290592229,0.0,7.499423290592229
0,39.0,1,1046.0,1,7,0,1,0,0,0,0,1,0,0,0,0,0,1,0.0,0.0,6.566672429803241,4.04305126783455,0.6931471805599453,6.643789733147672
1,5.0,1,1046.0,1,7,0,0,1,0,0,0,0,0,0,0,0,0,1,0.0,0.0,0.0,0.0,0.0,0.0
0,10.0,1,1046.0,1,7,0,0,1,0,0,0,1,0,0,0,0,0,1,0.0,0.0,0.0,0.0,0.0,0.0
1,1.0,1,1046.0,1,7,0,0,1,0,0,0,1,0,0,0,0,0,1,0.0,0.0,0.0,0.0,0.0,0.0
0,16.0,0,1229.0,1,7,0,1,0,0,0,0,1,0,0,0,0,1,0,3.828641396489095,0.0,6.434546518787453,0.0,6.336825731146441,7.116394144093465
0,51.0,0,1046.0,1,7,0,1,0,0,0,0,1,0,0,0,0,0,1,0.0,2.3978952727983707,5.963579343618446,7.2305631534092925,0.0,7.483806687665835
1,5.0,1,1046.0,1,7,0,0,1,0,0,0,1,0,0,0,0,0,1,0.0,0.0,0.0,0.0,0.0,0.0
0,19.0,0,1041.0,0,2,0,0,0,0,0,0,1,0,0,0,0,0,1,0.0,0.0,0.0,0.0,0.0,0.0
1,0.0,1,1041.0,0,2,0,0,1,0,0,0,1,0,0,0,0,0,1,0.0,0.0,0.0,0.0,0.0,0.0
0,20.0,0,1047.0,1,3,0,1,0,0,0,0,1,0,0,0,0,0,1,6.698268054115413,0.0,0.0,0.0,0.0,6.698268054115413
1,0.0,1,1047.0,1,3,0,0,1,0,0,0,1,0,0,0,0,0,1,0.0,0.0,0.0,0.0,0.0,0.0
1,1.0,1,1047.0,1,3,0,0,1,0,0,0,1,0,0,0,0,0,1,0.0,0.0,0.0,0.0,0.0,0.0
1,38.0,1,1043.0,0,1,1,0,0,0,0,1,0,0,0,0,0,0,1,0.0,0.0,0.0,0.0,0.0,0.0
0,40.0,0,1230.0,1,1,1,1,0,0,0,0,1,0,0,0,0,1,0,0.0,0.0,6.073044534100405,5.840641657373398,0.0,6.655440350367647
0,18.0,0,430.0,1,2,0,0,0,0,1,0,1,0,0,0,1,0,0,0.0,0.0,0.0,0.0,0.0,0.0
0,36.0,0,1231.0,1,2,0,1,0,0,1,0,1,0,0,0,0,1,0,6.456769655572163,0.0,5.1298987149230735,7.493317248862145,0.0,7.8632667240095735
0,23.0,0,200.0,0,2,0,1,0,1,0,0,1,0,1,0,0,0,0,0.0,6.391917113392602,4.060443010546419,5.560681631015528,8.448271745949816,8.626764827845529
1,42.0,1,200.0,0,2,0,0,0,1,0,0,0,0,1,0,0,0,0,0.0,0.0,0.0,0.0,0.0,0.0
0,37.0,0,933.5,1,1,1,1,0,0,1,0,1,0,0,0,0,1,0,6.415096959171596,0.0,6.018593214496234,5.003946305945459,2.70805020110221,7.075808863978387
0,24.0,1,1336.0,0,3,0,1,0,0,0,0,1,0,0,0,0,1,0,0.0,6.75110146893676,2.4849066497880004,0.0,0.0,6.763884908562435
0,12.0,1,1044.0,0,3,0,0,1,0,0,0,1,0,0,0,0,0,1,0.0,0.0,0.0,0.0,0.0,0.0
1,2.0,1,1044.0,0,3,0,0,1,0,0,0,1,0,0,0,0,0,1,0.0,0.0,0.0,0.0,0.0,0.0
0,28.0,0,1045.0,0,1,1,1,0,0,0,1,0,0,0,0,0,0,1,0.0,2.0794415416798357,2.8903717578961645,0.0,7.45298232946546,7.466799475018602
1,44.0,1,1046.0,0,1,1,0,0,0,0,0,1,0,0,0,0,0,1,0.0,0.0,0.0,0.0,0.0,0.0
0,26.0,0,203.0,0,1,1,1,0,1,0,0,1,0,0,1,0,0,0,0.0,8.247743887225516,0.0,7.537962659768208,4.919980925828125,8.671115273688494
0,36.0,0,410.0,0,1,1,1,0,0,0,0,1,0,0,0,1,0,0,3.4965075614664802,1.3862943611198906,6.489204931325317,4.07753744390572,3.7376696182833684,6.674561391814426
0,28.0,1,1337.0,0,1,1,1,0,0,0,0,0,0,0,0,0,1,0,0.0,6.591673732008658,0.0,0.0,4.418840607796598,6.698268054115413
0,14.0,0,431.0,1,1,1,0,1,0,1,0,1,0,0,0,1,0,0,0.0,0.0,0.0,0.0,0.0,0.0
1,14.0,0,1047.0,0,1,1,0,1,0,0,0,1,0,0,0,0,0,1,0.0,0.0,0.0,0.0,0.0,0.0
0,28.0,1,1232.0,1,1,1,1,0,0,0,0,1,0,0,0,0,1,0,0.0,6.401917196727186,0.0,4.7535901911063645,0.0,6.576469569048224
1,27.0,1,1233.0,1,2,0,0,0,0,1,0,1,0,0,0,0,1,0,0.0,0.0,0.0,0.0,0.0,0.0
0,21.0,1,1233.0,1,2,0,1,0,0,1,0,1,0,0,0,0,1,0,6.802394763324311,0.6931471805599453,7.430707082545968,2.639057329615259,0.0,7.8632667240095735
0,24.0,0,1234.0,1,1,1,1,0,0,0,0,1,0,0,0,0,1,0,7.136483208590247,1.0986122886681096,2.1972245773362196,7.333676395657684,0.0,7.936302693201959
0,18.0,0,1338.0,0,1,1,1,0,0,0,1,0,0,0,0,0,1,0,3.1354942159291497,0.0,3.044522437723423,6.391917113392602,1.791759469228055,6.467698726104354
1,24.0,1,1339.0,0,4,0,0,0,0,1,0,1,0,0,0,0,1,0,0.0,0.0,0.0,0.0,0.0,0.0
1,8.0,1,1339.0,0,4,0,0,1,0,1,0,1,0,0,0,0,1,0,0.0,0.0,0.0,0.0,0.0,0.0
1,36.0,0,411.0,0,4,0,0,0,0,1,0,1,0,0,0,1,0,0,0.0,0.0,0.0,0.0,0.0,0.0
0,32.0,0,204.0,0,4,0,1,0,0,1,0,1,0,0,1,0,0,0,7.07326971745971,0.0,1.6094379124341003,0.0,0.0,7.076653815443951
0,19.0,0,432.0,1,1,1,1,0,0,0,0,1,0,0,0,1,0,0,2.70805020110221,6.421622267806518,0.0,5.081404364984463,0.0,6.670766320845874
0,12.0,1,1050.0,1,1,1,0,1,0,0,0,1,0,0,0,0,0,1,0.0,0.0,0.0,0.0,0.0,0.0
1,21.0,1,250.0,1,2,0,0,0,1,0,0,1,1,0,0,0,0,0,0.0,0.0,0.0,0.0,0.0,0.0
1,13.0,1,250.0,1,2,0,0,1,1,0,0,0,1,0,0,0,0,0,0.0,0.0,0.0,0.0,0.0,0.0
1,20.0,1,1236.0,1,1,1,0,0,0,1,0,1,0,0,0,0,1,0,0.0,0.0,0.0,0.0,0.0,0.0
1,35.0,1,1340.0,0,1,1,0,0,0,1,0,1,0,0,0,0,1,0,0.0,0.0,0.0,0.0,0.0,0.0
0,23.0,0,196.0,1,2,0,1,0,1,0,0,0,0,0,1,0,0,0,0.0,3.8066624897703196,0.0,8.146998697389993,4.430816798843313,8.183118079394745
0,17.0,0,196.0,1,2,0,1,0,1,0,0,0,0,0,1,0,0,0,0.0,5.7430031878094825,1.9459101490553132,8.351610750626559,6.324358962381311,8.53915035876828
0,29.0,0,412.0,0,1,1,1,0,0,1,0,1,0,0,0,1,0,0,7.1631723908466425,0.0,1.9459101490553132,0.6931471805599453,0.0,7.168579897264035
0,27.0,0,433.0,1,1,1,1,0,0,0,0,1,0,0,0,1,0,0,5.8664680569332965,2.70805020110221,0.6931471805599453,6.0112671744041615,2.772588722239781,6.672032945461067
0,22.0,1,1052.0,1,1,1,1,0,0,0,0,1,0,0,0,0,0,1,4.499809670330265,0.0,6.679599185844383,0.0,1.3862943611198906,6.78897174299217
0,26.0,0,1237.0,1,3,0,1,0,0,1,0,0,0,0,0,0,1,0,6.028278520230698,5.480638923341991,6.525029657843462,5.8664680569332965,0.0,7.430707082545968
1,1.0,1,1237.0,1,3,0,0,1,0,1,0,1,0,0,0,0,1,0,0.0,0.0,0.0,0.0,0.0,0.0
1,7.0,1,1237.0,1,3,0,0,1,0,1,0,1,0,0,0,0,1,0,0.0,0.0,0.0,0.0,0.0,0.0
0,78.0,1,1238.0,1,2,0,1,0,0,0,0,0,0,0,0,0,1,0,0.0,5.365976015021851,5.313205979041787,5.666426688112432,0.0,6.556778356158042
0,24.0,1,1053.0,1,2,0,1,0,0,0,0,1,0,0,0,0,0,1,0.0,0.0,3.9889840465642745,6.481577129276431,0.0,6.559615237493242
0,26.0,0,1343.0,0,1,1,1,0,0,0,0,1,0,0,0,0,1,0,0.0,0.0,0.0,3.1354942159291497,6.93828448401696,6.959398512133975
0,50.0,0,79.0,1,1,1,1,0,1,0,0,1,0,0,0,0,0,0,0.0,7.416979621381154,5.820082930352362,7.526178913346146,1.6094379124341003,8.258163361537619
1,16.0,0,1049.0,0,1,1,0,0,0,0,0,1,0,0,0,0,0,1,0.0,0.0,0.0,0.0,0.0,0.0
1,57.0,1,201.0,0,4,0,0,0,1,0,0,0,0,1,0,0,0,0,0.0,0.0,0.0,0.0,0.0,0.0
0,29.0,0,201.0,0,4,0,1,0,1,0,0,0,0,1,0,0,0,0,0.0,6.7912214627261855,0.0,8.501470230951002,5.673323267171493,8.716207971151853
0,27.0,1,201.0,0,4,0,1,0,1,0,0,0,0,1,0,0,0,0,0.0,8.842893331055539,6.745236349484362,5.0106352940962555,7.062191632286556,9.11482017011877
0,42.0,1,201.0,0,4,0,1,0,1,0,0,1,0,1,0,0,0,0,0.0,7.587310506022615,0.0,4.6913478822291435,1.791759469228055,7.643003635560718
1,28.0,1,1055.0,1,1,1,0,0,0,0,1,0,0,0,0,0,0,1,0.0,0.0,0.0,0.0,0.0,0.0
1,18.0,1,1050.0,0,1,1,0,0,0,0,1,0,0,0,0,0,0,1,0.0,0.0,0.0,0.0,0.0,0.0
0,38.0,0,1344.0,0,1,1,1,0,0,1,0,1,0,0,0,0,1,0,7.084226422097916,1.791759469228055,7.5310163320779155,8.363575702750637,0.0,8.90231952852887
0,32.0,0,413.0,0,1,1,1,0,0,0,0,1,0,0,0,1,0,0,0.6931471805599453,0.0,0.0,0.6931471805599453,6.666956792429207,6.669498089857879
0,21.0,1,1240.0,1,1,1,1,0,0,0,0,1,0,0,0,0,1,0,0.0,3.4657359027997265,7.638679823876112,4.356708826689592,0.0,7.68937110752969
0,6.0,1,1058.0,1,1,1,0,1,0,0,0,1,0,0,0,0,0,1,0.0,0.0,0.0,0.0,0.0,0.0
0,27.0,0,1347.0,0,1,1,1,0,0,0,0,1,0,0,0,0,1,0,0.0,0.6931471805599453,3.044522437723423,0.0,7.218176838403408,7.233455418621439
0,32.0,0,1242.0,1,1,1,1,0,0,0,1,0,0,0,0,0,1,0,5.986452005284438,0.0,2.0794415416798357,5.209486152841421,1.791759469228055,6.3835066348840055
0,23.0,1,1243.0,1,1,1,1,0,0,0,1,0,0,0,0,0,1,0,6.400257445308821,0.0,4.736198448394496,0.0,3.6888794541139363,6.625392368007956
0,29.0,0,205.0,0,1,1,1,0,1,0,0,1,0,0,1,0,0,0,0.0,1.9459101490553132,0.0,0.0,8.61830469278465,8.619388703730907
0,22.0,0,1348.0,0,3,0,1,0,0,0,0,1,0,0,0,0,1,0,5.0238805208462765,1.9459101490553132,3.295836866004329,0.0,6.280395838960195,6.57507584059962
1,31.0,0,1055.0,0,3,0,0,0,0,0,0,1,0,0,0,0,0,1,0.0,0.0,0.0,0.0,0.0,0.0
1,0.0,1,1055.0,0,3,0,0,1,0,0,0,0,0,0,0,0,0,1,0.0,0.0,0.0,0.0,0.0,0.0
0,2.0,1,80.0,1,3,0,0,1,1,0,0,1,0,0,0,0,0,0,0.0,0.0,0.0,0.0,0.0,0.0
1,27.0,1,80.0,1,3,0,0,0,1,0,0,1,0,0,0,0,0,0,0.0,0.0,0.0,0.0,0.0,0.0
0,28.0,0,80.0,1,3,0,1,0,1,0,0,1,0,0,0,0,0,0,0.0,8.168486417126681,0.6931471805599453,7.982757702011113,7.71289096149013,9.070388411548738
0,20.0,0,1244.0,1,1,1,1,0,0,1,0,1,0,0,0,0,1,0,4.060443010546419,0.0,7.078341579557671,0.0,0.0,7.1252830915107115
0,28.0,0,251.0,1,2,0,1,0,1,0,0,0,1,0,0,0,0,0,2.995732273553991,3.1354942159291497,7.99799931797973,8.189799618728228,5.0689042022202315,8.821289805136113
0,42.0,0,251.0,1,2,0,1,0,1,0,0,1,1,0,0,0,0,0,0.0,8.739536422559677,0.0,9.29771001811309,1.6094379124341003,9.750394646402302
0,32.0,0,1350.0,0,1,1,1,0,0,0,1,0,0,0,0,0,1,0,5.963579343618446,0.0,0.0,6.0867747269123065,0.0,6.71901315438526
0,19.0,0,1060.0,1,1,1,1,0,0,0,0,1,0,0,0,0,0,1,0.0,1.6094379124341003,0.0,7.487733761436444,1.3862943611198906,7.491645473605133
0,20.0,1,1245.0,1,1,1,1,0,0,0,0,0,0,0,0,0,1,0,0.0,0.0,6.573680166960646,1.0986122886681096,0.0,6.576469569048224
1,20.0,1,1246.0,1,1,1,0,0,0,0,1,0,0,0,0,0,1,0,0.0,0.0,0.0,0.0,0.0,0.0
0,21.0,0,1248.0,1,3,0,1,0,0,0,0,1,0,0,0,0,1,0,0.0,3.044522437723423,7.340186835320115,4.394449154672439,6.240275845170769,7.674617497364363
1,32.0,1,1061.0,1,3,0,0,0,0,0,1,0,0,0,0,0,0,1,0.0,0.0,0.0,0.0,0.0,0.0
1,16.0,1,1061.0,1,3,0,0,0,0,0,0,1,0,0,0,0,0,1,0.0,0.0,0.0,0.0,0.0,0.0
1,21.0,1,1056.0,0,2,0,0,0,0,0,0,1,0,0,0,0,0,1,0.0,0.0,0.0,0.0,0.0,0.0
0,12.0,0,1056.0,0,2,0,0,1,0,0,0,0,0,0,0,0,0,1,0.0,0.0,0.0,0.0,0.0,0.0
1,21.0,1,1063.0,1,1,1,0,0,0,0,1,0,0,0,0,0,0,1,0.0,0.0,0.0,0.0,0.0,0.0
0,31.0,0,436.0,1,1,1,1,0,0,1,0,1,0,0,0,1,0,0,4.852030263919617,4.343805421853684,6.884486652042782,4.77912349311153,0.0,7.168579897264035
1,18.0,1,1064.0,1,1,1,0,0,0,0,0,0,0,0,0,0,0,1,0.0,0.0,0.0,0.0,0.0,0.0
0,35.0,0,415.0,0,1,1,1,0,0,1,0,1,0,0,0,1,0,0,6.648984550024776,0.0,5.214935757608986,0.0,0.0,6.86171134048073
0,44.0,0,242.0,1,1,1,1,0,1,0,0,1,0,1,0,0,0,0,0.0,6.709304340258299,6.728628613084702,5.58724865840025,8.308199063206446,8.695674048824253
0,13.0,1,1059.0,0,1,1,1,1,0,0,0,1,0,0,0,0,0,1,0.0,6.51025834052315,0.0,2.1972245773362196,0.0,6.522092798170152
0,21.0,0,1356.0,0,1,1,1,0,0,0,0,1,0,0,0,0,1,0,0.0,6.576469569048224,0.0,0.0,0.0,6.576469569048224
0,37.0,1,243.0,1,1,1,1,0,1,0,0,1,0,1,0,0,0,0,0.0,8.43750042250699,5.8289456176102075,7.605392364814934,5.170483995038151,8.87332798950246
0,27.0,1,1250.0,1,1,1,1,0,0,0,0,1,0,0,0,0,1,0,0.0,7.217443431696533,0.0,7.145196134997171,0.0,7.874739125171811
0,34.0,0,1060.0,0,1,1,1,0,0,0,0,1,0,0,0,0,0,1,5.43372200355424,0.0,5.017279836814924,2.772588722239781,0.6931471805599453,5.978885764901122
0,21.0,0,1358.0,0,1,1,1,0,0,1,0,0,0,0,0,0,1,0,6.759255270663693,0.0,5.739792912179234,0.0,0.0,7.066466970136958
0,38.0,1,1065.0,1,1,1,1,0,0,0,0,1,0,0,0,0,0,1,5.981414211254481,6.943122422819428,0.0,0.0,1.6094379124341003,7.268920128193722
0,31.0,0,1251.0,1,2,0,1,0,0,1,0,1,0,0,0,0,1,0,7.590852123688581,0.0,1.0986122886681096,4.727387818712341,0.0,7.646831391430482
0,61.0,0,198.0,1,2,0,1,0,0,1,0,1,0,0,1,0,0,0,7.042286171939743,0.0,6.364750756851911,0.0,0.0,7.452402451223638
0,20.0,0,1061.0,0,1,1,1,0,0,0,0,1,0,0,0,0,0,1,0.0,6.336825731146441,3.258096538021482,5.0689042022202315,4.143134726391533,6.697034247666484
0,39.0,0,1360.0,0,1,1,1,0,0,0,1,0,0,0,0,0,1,0,0.0,0.0,0.0,0.0,6.61338421837956,6.61338421837956
1,29.0,1,1362.0,0,2,0,0,0,0,1,0,1,0,0,0,0,1,0,0.0,0.0,0.0,0.0,0.0,0.0
1,68.0,1,1362.0,0,2,0,0,0,0,1,0,0,0,0,0,0,1,0,0.0,0.0,0.0,0.0,0.0,0.0
0,38.0,0,417.0,0,1,1,1,0,1,0,0,0,0,0,0,1,0,0,0.0,5.308267697401205,0.0,7.1770187659099,8.315321775377567,8.629628620746026
0,31.0,1,1363.0,0,1,1,1,0,0,0,0,1,0,0,0,0,1,0,1.3862943611198906,0.0,0.0,6.617402977974478,3.784189633918261,6.677083461247136
0,41.0,1,1253.0,1,1,1,1,0,0,0,0,1,0,0,0,0,1,0,6.551080335043404,0.0,0.0,1.0986122886681096,3.4657359027997265,6.597145701886651
0,29.0,0,253.0,1,2,0,1,0,1,0,0,1,1,0,0,0,0,0,2.995732273553991,8.497194544909547,1.9459101490553132,8.752265313595721,7.6290038896529575,9.495970340301833
0,25.0,1,253.0,1,2,0,0,0,1,0,0,1,1,0,0,0,0,0,0.0,0.0,0.0,0.0,0.0,0.0
0,27.0,0,1364.0,0,1,1,1,0,0,0,0,1,0,0,0,0,1,0,0.0,0.0,3.1780538303479458,3.4339872044851463,6.704414354964107,6.767343125265392
0,21.0,1,1254.0,1,2,0,1,0,0,0,0,1,0,0,0,0,1,0,0.0,0.0,6.740519359606223,1.6094379124341003,6.154858094016418,7.1853870155804165
0,30.0,0,1067.0,1,2,0,1,0,0,0,0,1,0,0,0,0,0,1,0.0,4.820281565605037,0.0,0.6931471805599453,6.665683717782408,6.812345094177479
0,40.0,0,437.0,1,2,0,1,0,0,1,0,1,0,0,0,1,0,0,7.641084249174914,0.6931471805599453,0.0,0.0,3.258096538021482,7.653494909661253
0,59.0,0,1255.0,1,2,0,1,0,0,1,0,1,0,0,0,0,1,0,4.844187086458591,0.0,4.852030263919617,2.4849066497880004,7.2399325913204695,7.4133673356952405
1,35.0,0,1063.0,0,2,0,0,0,0,0,0,1,0,0,0,0,0,1,0.0,0.0,0.0,0.0,0.0,0.0
0,41.0,0,1365.0,0,2,0,1,0,0,0,0,1,0,0,0,0,1,0,2.9444389791664403,0.0,3.58351893845611,0.0,6.740519359606223,6.80128303447162
0,36.0,0,1366.0,0,1,1,1,0,0,0,0,0,0,0,0,0,1,0,6.54534966033442,0.0,0.0,0.0,0.0,6.54534966033442
1,58.0,1,1064.0,0,1,1,0,0,0,0,0,0,0,0,0,0,0,1,0.0,0.0,0.0,0.0,0.0,0.0
0,27.0,0,1068.0,1,1,1,1,0,0,0,0,1,0,0,0,0,0,1,0.0,0.0,0.0,6.812345094177479,0.0,6.812345094177479
0,24.0,0,1256.0,1,1,1,1,0,0,0,0,1,0,0,0,0,1,0,0.0,1.6094379124341003,5.820082930352362,5.720311776607412,0.0,6.4692503167957724
0,50.0,1,1257.0,1,1,1,1,0,0,0,0,1,0,0,0,0,1,0,0.0,6.799055862058796,0.6931471805599453,0.0,1.791759469228055,6.805722553416985
0,22.0,0,65.0,0,1,1,1,0,1,0,0,1,0,0,0,0,0,0,0.0,5.817111159963204,0.0,6.70808408385307,8.011355109161286,8.335191583433202
1,26.0,0,438.0,1,2,0,0,0,0,1,0,1,0,0,0,1,0,0,0.0,0.0,0.0,0.0,0.0,0.0
1,16.0,1,1259.0,1,2,0,0,0,0,1,0,1,0,0,0,0,1,0,0.0,0.0,0.0,0.0,0.0,0.0
0,56.0,0,1066.0,0,1,1,1,0,0,0,0,1,0,0,0,0,0,1,0.0,6.406879986069314,0.0,5.19295685089021,0.0,6.665683717782408
0,25.0,0,66.0,0,1,1,1,0,1,0,0,0,0,0,0,0,0,0,0.0,7.338888133838879,4.584967478670572,6.274762021241939,3.58351893845611,7.696667081526462
0,13.0,1,254.0,1,2,0,1,1,1,0,0,1,1,0,0,0,0,0,0.0,4.61512051684126,9.4136076932856,1.9459101490553132,4.394449154672439,9.42867236629317
0,53.0,1,254.0,1,2,0,1,0,1,0,0,0,1,0,0,0,0,0,0.0,7.865955413933502,0.0,7.065613363597717,0.0,8.236685322712457
1,21.0,1,1071.0,1,2,0,0,0,0,0,0,1,0,0,0,0,0,1,0.0,0.0,0.0,0.0,0.0,0.0
0,18.0,1,1260.0,1,2,0,1,0,0,0,0,1,0,0,0,0,1,0,5.66988092298052,7.501082124259871,1.3862943611198906,1.0986122886681096,1.0986122886681096,7.652545692693921
0,38.0,1,1073.0,1,2,0,1,0,0,0,0,1,0,0,0,0,0,1,4.7535901911063645,4.836281906951478,0.0,5.313205979041787,0.0,6.093569770045136
1,20.0,1,1073.0,1,2,0,0,0,0,0,0,1,0,0,0,0,0,1,0.0,0.0,0.0,0.0,0.0,0.0
1,24.0,0,217.0,0,2,0,0,0,1,0,0,1,1,0,0,0,0,0,0.0,0.0,0.0,0.0,0.0,0.0
0,56.0,1,217.0,0,2,0,1,0,1,0,0,1,1,0,0,0,0,0,0.0,9.515027043243787,0.0,1.0986122886681096,8.316055720364643,9.778604370389438
0,47.0,0,1261.0,1,1,1,1,0,0,0,0,1,0,0,0,0,1,0,5.655991810819852,6.398594934535208,1.3862943611198906,0.0,6.46302945692067,7.332369205929062
1,21.0,1,1262.0,1,1,1,0,0,0,1,0,1,0,0,0,0,1,0,0.0,0.0,0.0,0.0,0.0,0.0
0,27.0,1,1370.0,0,2,0,1,0,0,0,1,0,0,0,0,0,1,0,0.0,4.219507705176107,6.495265555937008,0.0,0.0,6.591673732008658
0,26.0,0,1370.0,0,2,0,1,0,0,0,0,1,0,0,0,0,1,0,0.0,6.502790045915623,0.0,0.0,4.07753744390572,6.586171654854675
1,34.0,1,1067.0,0,1,1,0,0,0,0,0,0,0,0,0,0,0,1,0.0,0.0,0.0,0.0,0.0,0.0
0,35.0,1,1074.0,1,1,1,1,0,0,0,0,1,0,0,0,0,0,1,4.634728988229636,6.660575149839686,1.9459101490553132,0.0,0.0,6.790097235513905
1,35.0,1,1263.0,1,1,1,0,0,0,1,0,1,0,0,0,0,1,0,0.0,0.0,0.0,0.0,0.0,0.0
1,49.0,1,245.0,1,1,1,0,0,1,0,0,1,0,1,0,0,0,0,0.0,0.0,0.0,0.0,0.0,0.0
0,24.0,0,1372.0,0,1,1,1,0,0,0,0,1,0,0,0,0,1,0,1.0986122886681096,0.0,0.0,3.970291913552122,6.459904454377535,6.541029999189903
0,62.0,1,1265.0,1,1,1,1,0,0,0,0,1,0,0,0,0,1,0,4.553876891600541,5.5909869805108565,7.758760544157663,4.553876891600541,0.0,7.936302693201959
0,25.0,1,208.0,0,1,1,1,0,0,1,0,1,0,0,1,0,0,0,4.23410650459726,0.0,8.216358332386156,0.0,0.0,8.234564993267135
1,42.0,1,205.0,0,1,1,0,0,1,0,0,0,0,1,0,0,0,0,0.0,0.0,0.0,0.0,0.0,0.0
0,25.0,0,1266.0,1,1,1,1,0,0,0,1,0,0,0,0,0,1,0,5.117993812416755,0.0,6.255750041753367,0.0,0.0,6.532334292222349
0,21.0,0,1374.0,0,1,1,1,0,0,0,0,1,0,0,0,0,1,0,6.3784261836515865,0.0,2.8903717578961645,0.0,7.3453648404168685,7.675081857716334
1,17.0,0,420.0,0,1,1,0,0,0,1,0,1,0,0,0,1,0,0,0.0,0.0,0.0,0.0,0.0,0.0
0,41.0,1,421.0,0,3,0,1,0,0,0,0,0,0,0,0,1,0,0,6.455198563340122,0.0,2.0794415416798357,0.0,0.0,6.466144724237619
1,50.0,0,1069.0,0,3,0,0,0,0,0,0,1,0,0,0,0,0,1,0.0,0.0,0.0,0.0,0.0,0.0
0,20.0,1,1375.0,0,3,0,1,0,0,0,1,0,0,0,0,0,1,0,0.0,4.51085950651685,6.331501849893691,1.0986122886681096,0.0,6.483107351457199
1,15.0,1,1078.0,1,1,1,0,0,0,0,0,1,0,0,0,0,0,1,0.0,0.0,0.0,0.0,0.0,0.0
1,29.0,1,1268.0,1,1,1,0,0,0,1,0,1,0,0,0,0,1,0,0.0,0.0,0.0,0.0,0.0,0.0
0,20.0,1,1377.0,0,1,1,1,0,0,0,0,1,0,0,0,0,1,0,7.837159650001675,0.6931471805599453,0.0,4.0943445622221,2.3978952727983707,7.864419904994565
0,35.0,1,246.0,1,1,1,1,0,1,0,0,1,0,1,0,0,0,0,5.846438775057724,8.415160465851086,0.0,0.0,6.045005314036012,8.571870752706934
0,22.0,1,1079.0,1,1,1,1,0,0,0,1,0,0,0,0,0,0,1,0.0,4.7535901911063645,5.6131281063880705,0.0,5.389071729816501,6.408528791059498
0,43.0,1,1378.0,0,1,1,1,0,0,0,0,0,0,0,0,0,1,0,0.0,0.0,6.466144724237619,0.0,2.1972245773362196,6.478509642208569
0,54.0,0,1070.0,0,2,0,1,0,0,0,0,0,0,0,0,0,0,1,6.6240652277998935,0.0,3.8066624897703196,2.70805020110221,0.0,6.698268054115413
1,15.0,1,1070.0,0,2,0,0,0,0,0,0,1,0,0,0,0,0,1,0.0,0.0,0.0,0.0,0.0,0.0
1,38.0,1,218.0,0,1,1,0,0,0,0,0,0,1,0,0,0,0,0,0.0,0.0,0.0,0.0,0.0,0.0
0,44.0,0,1071.0,0,1,1,1,0,0,0,0,1,0,0,0,0,0,1,7.069874128458572,0.0,2.639057329615259,6.466144724237619,6.212606095751519,7.753194269884341
1,34.0,1,1072.0,0,2,0,0,0,0,0,1,0,0,0,0,0,0,1,0.0,0.0,0.0,0.0,0.0,0.0
0,15.0,0,1379.0,0,2,0,1,0,0,0,0,0,0,0,0,0,1,0,1.3862943611198906,6.75110146893676,3.1780538303479458,0.0,0.0,6.78105762593618
1,24.0,0,1073.0,0,1,1,0,0,0,0,0,1,0,0,0,0,0,1,0.0,0.0,0.0,0.0,0.0,0.0
0,29.0,0,1381.0,0,1,1,1,0,0,0,0,1,0,0,0,0,1,0,0.0,0.0,5.60947179518496,5.978885764901122,3.9318256327243257,6.57507584059962
0,19.0,1,1270.0,1,1,1,1,0,0,0,0,1,0,0,0,0,1,0,0.0,6.951772164398911,0.0,1.0986122886681096,1.6094379124341003,6.957497370876951
0,27.0,0,208.0,0,1,1,1,0,1,0,0,1,0,1,0,0,0,0,0.0,7.545389749611823,0.0,7.681560362559537,0.0,8.308691916838898
0,26.0,1,255.0,1,1,1,0,0,1,0,0,1,1,0,0,0,0,0,0.0,0.0,0.0,0.0,0.0,0.0
1,46.0,1,219.0,0,2,0,0,0,1,0,0,0,1,0,0,0,0,0,0.0,0.0,0.0,0.0,0.0,0.0
1,64.0,1,933.5,1,2,0,0,0,1,0,0,1,0,0,0,0,1,0,0.0,0.0,0.0,0.0,0.0,0.0
0,17.0,0,209.0,0,2,0,1,0,1,0,0,1,0,1,0,0,0,0,0.0,7.200424892944957,3.295836866004329,5.501258210544727,2.772588722239781,7.393263094763838
0,45.0,0,209.0,0,2,0,1,0,1,0,0,0,0,1,0,0,0,0,0.0,5.749392985908253,7.491087593534876,6.028278520230698,7.424165281042028,8.341410211461865
0,27.0,0,1271.0,1,1,1,1,0,0,1,0,1,0,0,0,0,1,0,7.113956109566034,0.0,0.0,0.0,0.0,7.113956109566034
1,29.0,0,1074.0,0,1,1,0,0,0,0,0,1,0,0,0,0,0,1,0.0,0.0,0.0,0.0,0.0,0.0
1,18.0,1,1075.0,0,1,1,0,0,0,0,1,0,0,0,0,0,0,1,0.0,0.0,0.0,0.0,0.0,0.0
1,26.0,1,247.0,1,2,0,0,0,1,0,0,1,0,1,0,0,0,0,0.0,0.0,0.0,0.0,0.0,0.0
1,39.0,1,247.0,1,2,0,0,0,1,0,0,0,0,1,0,0,0,0,0.0,0.0,0.0,0.0,0.0,0.0
1,59.0,1,1081.0,1,1,1,0,0,0,0,0,1,0,0,0,0,0,1,0.0,0.0,0.0,0.0,0.0,0.0
0,20.0,0,1272.0,1,1,1,1,0,0,0,0,1,0,0,0,0,1,0,0.0,1.9459101490553132,3.2188758248682006,0.0,6.511745329644728,6.555356891810665
1,17.0,1,1083.0,1,1,1,0,0,0,0,0,0,0,0,0,0,0,1,0.0,0.0,0.0,0.0,0.0,0.0
1,47.0,1,1084.0,1,1,1,0,0,0,0,0,1,0,0,0,0,0,1,0.0,0.0,0.0,0.0,0.0,0.0
0,29.0,1,1273.0,1,1,1,1,0,0,0,1,0,0,0,0,0,1,0,1.0986122886681096,1.3862943611198906,7.31455283232408,3.295836866004329,0.0,7.334981878871814
0,16.0,0,1274.0,1,1,1,1,0,0,0,0,1,0,0,0,0,1,0,0.0,0.0,5.583496308781699,0.0,0.0,5.583496308781699
0,48.0,0,1077.0,0,1,1,1,0,0,0,0,1,0,0,0,0,0,1,2.5649493574615367,0.0,0.0,0.0,6.680854678790215,6.695798917058491
0,39.0,0,933.5,1,1,1,1,0,0,0,1,0,0,0,0,0,1,0,0.0,4.248495242049359,3.4011973816621555,6.052089168924417,2.9444389791664403,6.293419278846481
1,28.0,1,1086.0,1,3,0,0,0,0,0,0,0,0,0,0,0,0,1,0.0,0.0,0.0,0.0,0.0,0.0
1,12.0,1,1086.0,1,3,0,0,1,0,0,0,0,0,0,0,0,0,1,0.0,0.0,0.0,0.0,0.0,0.0
1,24.0,1,1086.0,1,3,0,0,0,0,0,0,1,0,0,0,0,0,1,0.0,0.0,0.0,0.0,0.0,0.0
1,30.0,1,422.0,0,1,1,0,0,0,1,0,1,0,0,0,1,0,0,0.0,0.0,0.0,0.0,0.0,0.0
1,34.0,1,221.0,0,1,1,0,0,1,0,0,1,1,0,0,0,0,0,0.0,0.0,0.0,0.0,0.0,0.0
0,37.0,1,1383.0,0,1,1,0,0,0,1,0,1,0,0,0,0,1,0,0.0,0.0,0.0,0.0,0.0,0.0
0,47.0,0,1384.0,0,1,1,1,0,0,0,0,1,0,0,0,0,1,0,6.3818160174060985,0.0,3.8712010109078907,1.3862943611198906,3.9889840465642745,6.542471960506805
0,0.0,0,1087.0,1,3,0,0,1,0,0,0,1,0,0,0,0,0,1,0.0,0.0,0.0,0.0,0.0,0.0
0,23.0,1,1087.0,1,3,0,0,0,0,0,0,1,0,0,0,0,0,1,0.0,0.0,0.0,0.0,0.0,0.0
1,0.0,1,1087.0,1,3,0,0,1,0,0,0,0,0,0,0,0,0,1,0.0,0.0,0.0,0.0,0.0,0.0
0,20.0,0,1079.0,0,2,0,1,0,0,0,0,1,0,0,0,0,0,1,5.998936561946683,3.258096538021482,2.302585092994046,5.924255797414532,0.0,6.697034247666484
0,35.0,0,1385.0,0,2,0,1,0,0,0,0,1,0,0,0,0,1,0,4.51085950651685,0.0,6.486160788944089,3.784189633918261,2.833213344056216,6.690842277418564
0,18.0,1,1088.0,1,1,1,1,0,0,0,0,1,0,0,0,0,0,1,0.0,0.0,6.71901315438526,0.0,0.0,6.71901315438526
1,17.0,1,222.0,0,4,0,0,0,1,0,0,0,1,0,0,0,0,0,0.0,0.0,0.0,0.0,0.0,0.0
0,18.0,0,222.0,0,4,0,1,0,1,0,0,1,1,0,0,0,0,0,1.6094379124341003,7.198931240688173,0.0,0.0,5.209486152841421,7.329093736246591
0,53.0,1,222.0,0,4,0,0,0,1,0,0,1,1,0,0,0,0,0,0.0,0.0,0.0,0.0,0.0,0.0
0,35.0,0,222.0,0,4,0,1,0,1,0,0,0,1,0,0,0,0,0,0.0,7.826044013518965,0.0,0.0,8.61195776786066,8.987321812850125
1,48.0,1,248.0,1,1,1,0,0,1,0,0,1,0,1,0,0,0,0,0.0,0.0,0.0,0.0,0.0,0.0
0,68.0,1,1089.0,1,2,0,1,0,0,0,0,1,0,0,0,0,0,1,0.0,0.0,6.476972362889683,0.0,5.480638923341991,6.790097235513905
0,27.0,0,1089.0,1,2,0,1,0,0,0,0,1,0,0,0,0,0,1,2.8903717578961645,4.189654742026425,4.31748811353631,7.3453648404168685,2.9444389791664403,7.45182223652793
0,28.0,1,423.0,0,1,1,1,0,0,0,0,0,0,0,0,1,0,0,3.4965075614664802,0.0,5.720311776607412,5.676753802268282,1.0986122886681096,6.4457198193855785
0,37.0,0,1278.0,1,1,1,1,0,0,0,0,1,0,0,0,0,1,0,6.762729506931879,3.58351893845611,0.0,0.0,0.0,6.802394763324311
1,35.0,1,1279.0,1,3,0,0,0,0,1,0,1,0,0,0,0,1,0,0.0,0.0,0.0,0.0,0.0,0.0
0,31.0,1,1279.0,1,3,0,1,0,0,1,0,1,0,0,0,0,1,0,6.910750787961936,0.0,0.0,0.0,0.0,6.910750787961936
0,14.0,0,440.0,1,3,0,1,1,0,1,0,0,0,0,0,1,0,0,7.53955882930103,0.0,2.772588722239781,0.0,0.0,7.547501682814967
0,1.0,1,1387.0,0,4,0,0,1,0,1,0,1,0,0,0,0,1,0,0.0,0.0,0.0,0.0,0.0,0.0
0,4.0,1,1387.0,0,4,0,0,1,0,1,0,0,0,0,0,0,1,0,0.0,0.0,0.0,0.0,0.0,0.0
0,30.0,0,424.0,0,4,0,1,0,0,1,1,0,0,0,0,1,0,0,4.356708826689592,4.276666119016055,7.045776576879511,0.0,0.0,7.16703787691222
1,11.0,1,1387.0,0,4,0,0,1,0,1,0,1,0,0,0,0,1,0,0.0,0.0,0.0,0.0,0.0,0.0
0,45.0,0,425.0,0,1,1,1,0,0,0,0,1,0,0,0,1,0,0,7.375255778009754,0.0,0.0,0.0,2.639057329615259,7.3833681469923835
0,29.0,0,426.0,0,5,0,1,0,1,0,0,1,0,0,0,1,0,0,0.0,6.7357800142423265,0.0,7.458186157340487,2.4849066497880004,7.857867559331803
1,32.0,1,426.0,0,5,0,0,0,1,0,0,1,0,0,0,1,0,0,0.0,0.0,0.0,0.0,0.0,0.0
0,15.0,1,426.0,0,5,0,0,0,1,0,0,0,0,0,0,1,0,0,0.0,0.0,0.0,0.0,0.0,0.0
1,25.0,1,426.0,0,5,0,0,0,1,0,0,1,0,0,0,1,0,0,0.0,0.0,0.0,0.0,0.0,0.0
0,25.0,0,426.0,0,5,0,1,0,1,0,0,1,0,0,0,1,0,0,0.0,1.6094379124341003,0.0,7.330405211844402,6.16541785423142,7.60339933974067
0,60.0,0,1388.0,0,2,0,1,0,0,0,0,1,0,0,0,0,1,0,6.56244409369372,3.2188758248682006,0.0,0.0,5.14166355650266,6.804614520062624
0,24.0,0,427.0,0,2,0,1,0,0,0,1,0,0,0,0,1,0,0,4.127134385045092,0.0,0.0,0.0,7.310550158534422,7.350516171833998
1,35.0,1,200.0,1,1,1,0,0,1,0,0,1,0,0,1,0,0,0,0.0,0.0,0.0,0.0,0.0,0.0
0,36.0,1,1082.0,0,1,1,1,0,0,0,0,1,0,0,0,0,0,1,0.0,5.891644211825771,6.240275845170769,3.5553480614894135,0.0,6.811244378601294
0,22.0,1,1280.0,1,1,1,1,0,0,0,0,0,0,0,0,0,1,0,0.0,6.726233402358747,5.945420608606575,0.0,2.5649493574615367,7.112327444710911
1,32.0,1,1083.0,0,1,1,0,0,0,0,1,0,0,0,0,0,0,1,0.0,0.0,0.0,0.0,0.0,0.0
0,57.0,0,210.0,0,3,0,1,0,1,0,0,1,0,1,0,0,0,0,0.0,5.389071729816501,0.0,9.050523670522297,0.0,9.075779878580487
0,30.0,1,210.0,0,3,0,1,0,1,0,0,1,0,1,0,0,0,0,0.0,0.0,5.817111159963204,4.969813299576001,6.639875833826536,7.1252830915107115
0,46.0,0,210.0,0,3,0,1,0,1,0,0,1,0,1,0,0,0,0,0.0,5.916202062607435,0.0,7.78155595923534,7.40184157874383,8.390268497842571
0,28.0,1,1390.0,0,1,1,1,0,0,0,0,1,0,0,0,0,1,0,4.143134726391533,5.313205979041787,6.297109319933935,0.0,0.0,6.693323668269949
1,26.0,1,256.0,1,1,1,0,0,1,0,0,0,1,0,0,0,0,0,0.0,0.0,0.0,0.0,0.0,0.0
0,55.0,0,428.0,0,1,1,1,0,0,0,0,1,0,0,0,1,0,0,0.0,0.0,6.579251212010101,5.616771097666572,0.0,6.901737206656574
1,66.0,1,1084.0,0,1,1,0,0,0,0,0,1,0,0,0,0,0,1,0.0,0.0,0.0,0.0,0.0,0.0
0,20.0,0,1085.0,0,1,1,1,0,0,0,0,1,0,0,0,0,0,1,0.0,0.6931471805599453,3.5553480614894135,0.0,6.652863029353347,6.697034247666484
0,31.0,0,1393.0,0,1,1,1,0,0,0,1,0,0,0,0,0,1,0,5.480638923341991,5.7745515455444085,0.0,0.0,4.8283137373023015,6.529418838262226
0,13.0,0,429.0,0,1,1,0,1,0,1,0,1,0,0,0,1,0,0,0.0,0.0,0.0,0.0,0.0,0.0
1,50.0,1,1087.0,0,1,1,0,0,0,0,0,1,0,0,0,0,0,1,0.0,0.0,0.0,0.0,0.0,0.0
1,21.0,1,224.0,0,2,0,0,0,1,0,0,1,1,0,0,0,0,0,0.0,0.0,0.0,0.0,0.0,0.0
1,25.0,1,224.0,0,2,0,0,0,1,0,0,1,1,0,0,0,0,0,0.0,0.0,0.0,0.0,0.0,0.0
1,46.0,1,1091.0,1,1,1,0,0,0,0,0,1,0,0,0,0,0,1,0.0,0.0,0.0,0.0,0.0,0.0
0,0.0,1,67.0,0,6,0,0,1,1,0,0,1,0,0,0,0,0,0,0.0,0.0,0.0,0.0,0.0,0.0
0,2.0,1,67.0,0,6,0,0,1,1,0,0,1,0,0,0,0,0,0,0.0,0.0,0.0,0.0,0.0,0.0
0,36.0,0,67.0,0,6,0,1,0,1,0,0,1,0,0,0,0,0,0,6.902742737158593,6.267200548541362,0.0,2.0794415416798357,7.154615356913663,7.939871576361883
1,19.0,1,67.0,0,6,0,0,0,1,0,0,0,0,0,0,0,0,0,0.0,0.0,0.0,0.0,0.0,0.0
1,35.0,1,67.0,0,6,0,0,0,1,0,0,0,0,0,0,0,0,0,0.0,0.0,0.0,0.0,0.0,0.0
1,41.0,1,67.0,0,6,0,0,0,1,0,0,0,0,0,0,0,0,0,0.0,0.0,0.0,0.0,0.0,0.0
1,22.0,1,1092.0,1,1,1,0,0,0,0,0,1,0,0,0,0,0,1,0.0,0.0,0.0,0.0,0.0,0.0
0,25.0,0,210.0,0,1,1,1,0,0,1,0,1,0,0,1,0,0,0,0.0,5.638354669333745,6.5722825426940075,0.0,0.0,6.902742737158593
0,24.0,0,1395.0,0,1,1,1,0,0,0,0,0,0,0,0,0,1,0,6.55250788703459,0.0,0.0,0.0,0.0,6.55250788703459
0,37.0,0,1088.0,0,3,0,1,0,0,0,0,1,0,0,0,0,0,1,2.9444389791664403,5.476463551931511,0.0,6.270988431858299,0.0,6.665683717782408
1,5.0,0,1088.0,0,3,0,0,1,0,0,0,1,0,0,0,0,0,1,0.0,0.0,0.0,0.0,0.0,0.0
1,27.0,1,1088.0,0,3,0,0,0,0,0,0,1,0,0,0,0,0,1,0.0,0.0,0.0,0.0,0.0,0.0
1,41.0,1,1396.0,0,1,1,0,0,0,1,0,1,0,0,0,0,1,0,0.0,0.0,0.0,0.0,0.0,0.0
0,44.0,1,81.0,1,1,1,0,0,1,0,0,1,0,0,0,0,0,0,0.0,0.0,0.0,0.0,0.0,0.0
0,23.0,1,1095.0,1,1,1,0,0,0,0,0,1,0,0,0,0,0,1,0.0,0.0,0.0,0.0,0.0,0.0
1,28.0,1,445.0,1,3,0,0,0,1,0,0,0,0,0,0,1,0,0,0.0,0.0,0.0,0.0,0.0,0.0
0,27.0,0,445.0,1,3,0,1,0,1,0,0,0,0,0,0,1,0,0,0.0,3.5263605246161616,2.302585092994046,7.521859252201629,7.618742377670413,8.275121630216509
1,40.0,1,445.0,1,3,0,0,0,1,0,0,0,0,0,0,1,0,0,0.0,0.0,0.0,0.0,0.0,0.0
1,27.0,1,213.0,0,2,0,0,0,1,0,0,0,0,1,0,0,0,0,0.0,0.0,0.0,0.0,0.0,0.0
1,17.0,1,213.0,0,2,0,0,0,1,0,0,0,0,1,0,0,0,0,0.0,0.0,0.0,0.0,0.0,0.0
0,32.0,0,214.0,0,1,1,1,0,1,0,0,1,0,1,0,0,0,0,0.0,5.968707559985366,4.110873864173311,8.520388082312756,5.356586274672012,8.644178203170727
0,29.0,1,1089.0,0,1,1,1,0,0,0,0,1,0,0,0,0,0,1,4.23410650459726,4.31748811353631,6.570882962339584,3.6375861597263857,2.772588722239781,6.811244378601294
0,29.0,1,1090.0,0,1,1,1,0,0,0,0,1,0,0,0,0,0,1,0.0,5.75890177387728,0.0,0.0,5.82600010738045,6.484635235635252
0,41.0,0,82.0,1,3,0,1,0,1,0,0,1,0,0,0,0,0,0,0.0,5.918893854273146,0.0,7.43955930913332,3.091042453358316,7.646831391430482
1,48.0,1,82.0,1,3,0,0,0,1,0,0,0,0,0,0,0,0,0,0.0,0.0,0.0,0.0,0.0,0.0
0,27.0,0,82.0,1,3,0,1,0,1,0,0,1,0,0,0,0,0,0,7.887959336599945,2.772588722239781,0.0,4.700480365792417,1.0986122886681096,7.934155233536322
0,14.0,1,1096.0,1,1,1,1,1,0,0,0,1,0,0,0,0,0,1,0.0,1.9459101490553132,6.674561391814426,3.912023005428146,0.0,6.741700694652055
0,32.0,0,1397.0,0,1,1,1,0,0,0,0,1,0,0,0,0,1,0,8.0507033814703,1.0986122886681096,0.0,0.0,0.0,8.051340933292979
0,47.0,1,249.0,1,4,0,1,0,1,0,0,0,0,1,0,0,0,0,0.0,7.90100705199242,0.0,6.51025834052315,2.1972245773362196,8.12533508671429
1,14.0,1,249.0,1,4,0,0,1,1,0,0,0,0,1,0,0,0,0,0.0,0.0,0.0,0.0,0.0,0.0
1,37.0,1,249.0,1,4,0,0,0,1,0,0,0,0,1,0,0,0,0,0.0,0.0,0.0,0.0,0.0,0.0
1,33.0,1,249.0,1,4,0,0,0,1,0,0,0,0,1,0,0,0,0,0.0,0.0,0.0,0.0,0.0,0.0
0,33.0,1,203.0,1,1,1,1,0,0,1,0,1,0,0,1,0,0,0,7.2254814727822945,0.0,3.1780538303479458,6.825460036255307,1.9459101490553132,7.750614732770409
0,44.0,1,1097.0,1,1,1,1,0,0,0,0,1,0,0,0,0,0,1,0.0,6.5722825426940075,5.1647859739235145,0.0,0.0,6.790097235513905
0,37.0,1,1098.0,1,2,0,1,0,0,0,0,1,0,0,0,0,0,1,0.0,7.0825485693553,1.6094379124341003,6.1224928095143865,4.276666119016055,7.450660796211539
0,18.0,0,1286.0,1,2,0,1,0,0,0,1,0,0,0,0,0,1,0,4.6443908991413725,0.0,5.204006687076795,7.385230923066573,3.1354942159291497,7.559038255443384
0,33.0,1,1287.0,1,1,1,1,0,0,0,0,1,0,0,0,0,1,0,7.161622002939187,1.0986122886681096,0.0,0.0,0.6931471805599453,7.163946684342547
0,21.0,0,1399.0,0,5,0,1,0,0,1,0,1,0,0,0,0,1,0,7.126890808898808,0.0,7.02108396428914,0.0,1.3862943611198906,7.769378609513984
0,38.0,0,1399.0,0,5,0,1,0,0,1,0,1,0,0,0,0,1,0,7.4489161025442,2.833213344056216,3.6888794541139363,0.0,3.8918202981106265,7.507141079727608
0,16.0,0,212.0,0,5,0,1,0,0,1,0,0,0,0,1,0,0,0,7.198931240688173,0.0,7.869019376499024,0.0,0.0,8.281977058867758
1,58.0,0,431.0,0,5,0,0,0,0,1,0,1,0,0,0,1,0,0,0.0,0.0,0.0,0.0,0.0,0.0
0,41.0,0,431.0,0,5,0,1,0,0,1,0,1,0,0,0,1,0,0,7.093404625868766,6.6293632534374485,4.948759890378168,0.0,0.0,7.649692623711514
0,28.0,0,1400.0,0,1,1,1,0,0,0,1,0,0,0,0,0,1,0,6.302618975744905,0.0,6.218600119691729,0.0,0.0,6.953684210870537
1,28.0,1,1092.0,0,1,1,0,0,0,0,0,1,0,0,0,0,0,1,0.0,0.0,0.0,0.0,0.0,0.0
1,31.0,1,215.0,0,1,1,0,0,1,0,0,1,0,1,0,0,0,0,0.0,0.0,0.0,0.0,0.0,0.0
1,27.0,1,1289.0,1,4,0,0,0,0,1,0,1,0,0,0,0,1,0,0.0,0.0,0.0,0.0,0.0,0.0
0,7.0,1,1289.0,1,4,0,0,1,0,1,0,1,0,0,0,0,1,0,0.0,0.0,0.0,0.0,0.0,0.0
0,25.0,0,1289.0,1,4,0,1,0,0,1,0,1,0,0,0,0,1,0,7.384610383176974,3.4011973816621555,1.9459101490553132,0.0,0.0,7.406103381237015
0,34.0,0,205.0,1,4,0,1,0,0,1,0,1,0,0,1,0,0,0,6.154858094016418,0.0,0.0,3.828641396489095,6.29156913955832,6.961296045910167
0,21.0,1,1093.0,0,1,1,1,0,0,0,0,1,0,0,0,0,0,1,0.0,2.639057329615259,6.70196036600254,0.0,0.0,6.717804695023691
0,29.0,0,1094.0,0,1,1,1,0,0,0,0,1,0,0,0,0,0,1,0.0,4.564348191467836,6.052089168924417,0.6931471805599453,5.8998973535824915,6.785587645007929
1,23.0,1,1290.0,1,2,0,0,0,0,1,0,1,0,0,0,0,1,0,0.0,0.0,0.0,0.0,0.0,0.0
1,31.0,0,446.0,1,2,0,0,0,0,1,0,1,0,0,0,1,0,0,0.0,0.0,0.0,0.0,0.0,0.0
1,50.0,1,226.0,0,2,0,0,0,1,0,0,1,1,0,0,0,0,0,0.0,0.0,0.0,0.0,0.0,0.0
0,25.0,0,226.0,0,2,0,0,0,1,0,0,1,1,0,0,0,0,0,0.0,0.0,0.0,0.0,0.0,0.0
0,25.0,1,250.0,1,1,1,1,0,1,0,0,1,0,1,0,0,0,0,0.0,8.345217926676428,0.0,1.0986122886681096,6.799055862058796,8.53856321715243
0,23.0,0,1402.0,0,3,0,1,0,0,0,0,1,0,0,0,0,1,0,0.0,0.0,2.5649493574615367,6.588926477533519,2.995732273553991,6.630683385642372
0,46.0,1,1095.0,0,3,0,1,0,0,0,1,0,0,0,0,0,0,1,0.0,0.0,6.612041034833092,1.6094379124341003,1.9459101490553132,6.625392368007956
0,0.0,1,1095.0,0,3,0,0,1,0,0,0,1,0,0,0,0,0,1,0.0,0.0,0.0,0.0,0.0,0.0
0,53.0,0,1292.0,1,1,1,1,0,0,1,0,1,0,0,0,0,1,0,7.583247524303362,0.0,6.455198563340122,0.0,0.0,7.8632667240095735
0,25.0,0,1403.0,0,1,1,1,0,0,0,0,0,0,0,0,0,1,0,4.343805421853684,6.398594934535208,0.0,0.0,3.258096538021482,6.553933404025811
0,30.0,1,1404.0,0,1,1,1,0,0,1,1,0,0,0,0,0,1,0,3.9512437185814275,0.0,7.2254814727822945,0.0,1.791759469228055,7.265429723253953
1,18.0,1,1405.0,0,2,0,0,0,0,1,0,1,0,0,0,0,1,0,0.0,0.0,0.0,0.0,0.0,0.0
0,20.0,0,432.0,0,2,0,0,0,0,1,0,1,0,0,0,1,0,0,0.0,0.0,0.0,0.0,0.0,0.0
0,54.0,0,1293.0,1,1,1,1,0,0,0,0,0,0,0,0,0,1,0,0.0,6.558197802812269,0.0,0.0,0.0,6.558197802812269
0,20.0,1,1097.0,0,1,1,1,0,0,0,0,1,0,0,0,0,0,1,0.0,4.584967478670572,6.587550014824796,3.295836866004329,4.653960350157523,6.859614903654202
0,32.0,0,1294.0,1,2,0,1,0,0,1,0,1,0,0,0,0,1,0,7.9854843567338225,4.110873864173311,6.546785410760524,0.0,0.0,8.214465160759186
0,31.0,1,1294.0,1,2,0,1,0,0,1,0,1,0,0,0,0,1,0,4.343805421853684,0.0,7.782807262839695,4.634728988229636,3.1780538303479458,7.8632667240095735
1,55.0,1,1295.0,1,1,1,0,0,0,1,0,1,0,0,0,0,1,0,0.0,0.0,0.0,0.0,0.0,0.0
0,16.0,0,1098.0,0,3,0,1,0,0,0,1,0,0,0,0,0,0,1,5.991464547107982,0.0,1.3862943611198906,0.0,4.927253685157205,6.29156913955832
1,0.0,1,1098.0,0,3,0,0,1,0,0,0,1,0,0,0,0,0,1,0.0,0.0,0.0,0.0,0.0,0.0
1,3.0,1,1098.0,0,3,0,0,1,0,0,0,1,0,0,0,0,0,1,0.0,0.0,0.0,0.0,0.0,0.0
0,33.0,0,1407.0,0,1,1,1,0,0,0,0,1,0,0,0,0,1,0,3.8712010109078907,0.0,0.0,0.0,8.022240916806537,8.037543185118697
1,45.0,1,1100.0,0,3,0,0,0,0,0,0,1,0,0,0,0,0,1,0.0,0.0,0.0,0.0,0.0,0.0
1,6.0,0,1100.0,0,3,0,0,1,0,0,0,1,0,0,0,0,0,1,0.0,0.0,0.0,0.0,0.0,0.0
0,33.0,0,1408.0,0,3,0,1,0,0,0,0,1,0,0,0,0,1,0,0.0,0.0,6.558197802812269,0.0,0.0,6.558197802812269
1,14.0,1,1101.0,1,1,1,0,1,0,0,0,0,0,0,0,0,0,1,0.0,0.0,0.0,0.0,0.0,0.0
0,24.0,0,1409.0,0,1,1,1,0,0,0,0,0,0,0,0,0,1,0,0.6931471805599453,0.0,0.0,6.539585955617669,0.0,6.541029999189903
0,47.0,0,1299.0,1,1,1,1,0,0,0,0,1,0,0,0,0,1,0,0.0,6.6320017773956295,0.0,0.0,7.257002707092073,7.685243607975833
0,37.0,1,258.0,1,4,0,1,0,1,0,0,1,1,0,0,0,0,0,0.0,8.97727273946428,5.602118820879701,0.6931471805599453,5.777652323222656,9.049467146388098
1,14.0,1,258.0,1,4,0,0,1,1,0,0,0,1,0,0,0,0,0,0.0,0.0,0.0,0.0,0.0,0.0
1,44.0,1,258.0,1,4,0,0,0,1,0,0,1,1,0,0,0,0,0,0.0,0.0,0.0,0.0,0.0,0.0
0,11.0,1,258.0,1,4,0,0,1,1,0,0,1,1,0,0,0,0,0,0.0,0.0,0.0,0.0,0.0,0.0
1,15.0,1,251.0,1,2,0,0,0,1,0,0,0,0,1,0,0,0,0,0.0,0.0,0.0,0.0,0.0,0.0
0,39.0,1,251.0,1,2,0,1,0,1,0,0,1,0,1,0,0,0,0,7.681560362559537,3.4339872044851463,7.29505641646263,0.0,0.0,8.207946941048617
0,15.0,0,1300.0,1,1,1,1,0,0,0,1,0,0,0,0,0,1,0,0.0,0.0,6.280395838960195,4.290459441148391,0.0,6.406879986069314
0,60.0,0,1102.0,1,2,0,1,0,0,0,0,0,0,0,0,0,0,1,0.0,0.0,0.0,2.1972245773362196,6.54965074223381,6.561030665896573
0,49.0,1,1102.0,1,2,0,1,0,0,0,0,1,0,0,0,0,0,1,0.0,5.905361848054571,0.0,0.0,5.996452088619021,6.643789733147672
0,23.0,0,1410.0,0,1,1,1,0,0,0,1,0,0,0,0,0,1,0,2.1972245773362196,5.159055299214529,0.0,6.959398512133975,0.0,7.1180162044653335
0,9.0,1,1411.0,0,7,0,0,1,0,0,0,1,0,0,0,0,1,0,0.0,0.0,0.0,0.0,0.0,0.0
0,0.0,0,1411.0,0,7,0,0,1,0,0,0,1,0,0,0,0,1,0,0.0,0.0,0.0,0.0,0.0,0.0
0,17.0,0,1411.0,0,7,0,1,0,0,0,0,1,0,0,0,0,1,0,4.6913478822291435,1.6094379124341003,7.549082710812286,2.639057329615259,0.0,7.6128310304073565
1,42.0,1,1411.0,0,7,0,0,0,0,0,1,0,0,0,0,0,1,0,0.0,0.0,0.0,0.0,0.0,0.0
1,16.0,1,1411.0,0,7,0,0,0,0,0,0,1,0,0,0,0,1,0,0.0,0.0,0.0,0.0,0.0,0.0
0,0.0,1,1411.0,0,7,0,0,1,0,0,0,0,0,0,0,0,1,0,0.0,0.0,0.0,0.0,0.0,0.0
0,26.0,0,1411.0,0,7,0,1,0,0,0,0,1,0,0,0,0,1,0,4.736198448394496,3.6635616461296463,0.0,0.0,6.447305862541213,6.661854740545311
0,56.0,0,1103.0,0,1,1,1,0,0,0,0,1,0,0,0,0,0,1,1.0986122886681096,6.602587892189336,0.0,4.276666119016055,0.0,6.697034247666484
0,26.0,1,213.0,0,1,1,1,0,0,1,0,0,0,0,1,0,0,0,6.7650389767805414,0.0,0.0,0.0,0.0,6.7650389767805414
0,41.0,1,1412.0,0,1,1,1,0,0,1,0,1,0,0,0,0,1,0,4.983606621708336,0.0,7.776535028185241,3.4339872044851463,3.713572066704308,7.8628820346414905
0,27.0,1,206.0,1,1,1,1,0,0,1,0,1,0,0,1,0,0,0,3.044522437723423,0.0,6.90875477931522,3.6109179126442243,0.0,6.963189985870238
0,31.0,0,1104.0,0,1,1,1,0,0,0,0,1,0,0,0,0,0,1,6.154858094016418,0.0,0.0,5.209486152841421,3.970291913552122,6.558197802812269
0,40.0,1,1414.0,0,1,1,1,0,0,0,0,1,0,0,0,0,1,0,1.3862943611198906,0.0,4.127134385045092,0.0,6.610696044717759,6.693323668269949
1,40.0,1,252.0,1,1,1,0,0,1,0,0,0,0,1,0,0,0,0,0.0,0.0,0.0,0.0,0.0,0.0
1,15.0,1,1105.0,0,1,1,0,0,0,0,0,1,0,0,0,0,0,1,0.0,0.0,0.0,0.0,0.0,0.0
0,50.0,1,259.0,1,1,1,1,0,1,0,0,1,1,0,0,0,0,0,0.0,8.894807371368625,4.919980925828125,4.584967478670572,6.089044875446846,8.983063289380366
0,42.0,0,68.0,0,1,1,1,0,1,0,0,0,0,0,0,0,0,0,7.468513271496337,6.248042874508429,0.0,2.5649493574615367,6.511745329644728,7.990238185720363
0,50.0,0,449.0,1,1,1,1,0,1,0,0,1,0,0,0,1,0,0,3.970291913552122,6.904750769961838,0.0,6.55250788703459,0.6931471805599453,7.4673710669175595
0,39.0,1,1104.0,1,1,1,1,0,0,0,0,1,0,0,0,0,0,1,2.70805020110221,6.369900982828227,5.739792912179234,0.0,0.0,6.811244378601294
0,27.0,0,1416.0,0,1,1,1,0,0,0,0,1,0,0,0,0,1,0,0.0,0.0,5.262690188904886,3.6635616461296463,6.396929655216146,6.721425700790643
1,20.0,1,450.0,1,5,0,0,0,0,1,0,1,0,0,0,1,0,0,0.0,0.0,0.0,0.0,0.0,0.0
0,30.0,1,450.0,1,5,0,1,0,0,1,0,1,0,0,0,1,0,0,6.645090969505644,2.4849066497880004,7.606387389772652,0.0,0.0,7.933796874815411
1,16.0,1,933.5,1,5,0,0,0,0,1,0,1,0,0,0,0,1,0,0.0,0.0,0.0,0.0,0.0,0.0
1,36.0,1,450.0,1,5,0,0,0,0,1,0,1,0,0,0,1,0,0,0.0,0.0,0.0,0.0,0.0,0.0
1,68.0,1,450.0,1,5,0,0,0,0,1,0,0,0,0,0,1,0,0,0.0,0.0,0.0,0.0,0.0,0.0
0,22.0,0,1417.0,0,1,1,1,0,0,0,0,0,0,0,0,0,1,0,3.6635616461296463,2.995732273553991,5.855071922202427,5.384495062789089,4.7535901911063645,6.6039438246004725
0,36.0,1,451.0,1,1,1,1,0,0,1,0,0,0,0,0,1,0,0,7.200424892944957,1.9459101490553132,8.963288275610298,0.0,0.0,9.122164681072457
1,3.0,0,1108.0,0,6,0,0,1,0,0,0,0,0,0,0,0,0,1,0.0,0.0,0.0,0.0,0.0,0.0
0,28.0,0,1108.0,0,6,0,1,0,0,0,0,1,0,0,0,0,0,1,6.851184927493743,0.0,0.0,0.0,4.330733340286331,6.927557906278317
1,32.0,1,1108.0,0,6,0,0,0,0,0,1,0,0,0,0,0,0,1,0.0,0.0,0.0,0.0,0.0,0.0
0,10.0,1,1108.0,0,6,0,0,1,0,0,0,1,0,0,0,0,0,1,0.0,0.0,0.0,0.0,0.0,0.0
1,0.0,0,1108.0,0,6,0,0,1,0,0,0,0,0,0,0,0,0,1,0.0,0.0,0.0,0.0,0.0,0.0
1,9.0,1,1108.0,0,6,0,0,1,0,0,0,1,0,0,0,0,0,1,0.0,0.0,0.0,0.0,0.0,0.0
0,37.0,0,1304.0,1,1,1,1,0,0,0,0,1,0,0,0,0,1,0,3.091042453358316,4.007333185232471,1.791759469228055,5.187385805840755,6.068425588244111,6.536691597591305
0,31.0,1,1418.0,0,1,1,1,0,0,0,0,1,0,0,0,0,1,0,3.4965075614664802,7.889084407035514,0.0,0.0,2.302585092994046,7.904334842085095
0,31.0,0,1419.0,0,1,1,1,0,0,0,0,1,0,0,0,0,1,0,0.0,0.0,0.0,7.307202314764738,0.0,7.307202314764738
0,43.0,0,1420.0,0,1,1,1,0,0,0,0,1,0,0,0,0,1,0,4.962844630259907,7.097548850614793,0.0,0.0,5.3230099791384085,7.349230824613334
0,15.0,0,1305.0,1,1,1,1,0,0,0,0,1,0,0,0,0,1,0,0.0,6.278521424165844,3.4011973816621555,0.0,5.099866427824199,6.586171654854675
0,58.0,1,1108.0,1,1,1,1,0,0,0,0,1,0,0,0,0,0,1,0.0,0.0,0.0,6.09807428216624,0.0,6.09807428216624
1,30.0,1,1306.0,1,2,0,0,0,0,1,0,1,0,0,0,0,1,0,0.0,0.0,0.0,0.0,0.0,0.0
0,24.0,0,1306.0,1,2,0,1,0,0,1,0,1,0,0,0,0,1,0,8.155362120328135,0.0,7.1204443723924875,1.0986122886681096,5.54907608489522,8.512381634419015
0,49.0,0,1109.0,1,1,1,1,0,0,0,0,1,0,0,0,0,0,1,0.0,4.248495242049359,4.532599493153256,7.3783837129967145,2.772588722239781,7.482681828154651
0,73.0,0,84.0,1,4,0,1,0,1,0,0,0,0,0,0,0,0,0,5.204006687076795,0.6931471805599453,6.734591659972948,7.870547844507712,7.575584651557793,8.628734566149145
1,14.0,1,84.0,1,4,0,0,1,1,0,0,1,0,0,0,0,0,0,0.0,0.0,0.0,0.0,0.0,0.0
1,50.0,1,84.0,1,4,0,0,0,1,0,0,1,0,0,0,0,0,0,0.0,0.0,0.0,0.0,0.0,0.0
0,12.0,1,84.0,1,4,0,0,1,1,0,0,1,0,0,0,0,0,0,0.0,0.0,0.0,0.0,0.0,0.0
1,2.0,1,1109.0,0,3,0,0,1,0,0,0,1,0,0,0,0,0,1,0.0,0.0,0.0,0.0,0.0,0.0
0,49.0,0,1109.0,0,3,0,1,0,0,0,0,1,0,0,0,0,0,1,5.87493073085203,6.1092475827643655,2.1972245773362196,0.0,0.0,6.70073110954781
1,32.0,0,1109.0,0,3,0,0,0,0,0,0,1,0,0,0,0,0,1,0.0,0.0,0.0,0.0,0.0,0.0
1,27.0,0,1111.0,0,1,1,0,0,0,0,0,1,0,0,0,0,0,1,0.0,0.0,0.0,0.0,0.0,0.0
1,33.0,1,1421.0,0,1,1,0,0,0,1,0,1,0,0,0,0,1,0,0.0,0.0,0.0,0.0,0.0,0.0
0,23.0,1,452.0,1,1,1,1,0,0,0,0,1,0,0,0,1,0,0,2.0794415416798357,0.0,0.0,6.57507584059962,6.68586094706836,7.329093736246591
1,23.0,1,1111.0,1,1,1,0,0,0,0,0,1,0,0,0,0,0,1,0.0,0.0,0.0,0.0,0.0,0.0
1,43.0,1,435.0,0,1,1,0,0,0,1,0,1,0,0,0,1,0,0,0.0,0.0,0.0,0.0,0.0,0.0
0,36.0,0,1307.0,1,1,1,1,0,0,0,0,1,0,0,0,0,1,0,7.556427969440253,0.0,0.0,1.0986122886681096,0.0,7.557472901614746
1,26.0,1,1422.0,0,1,1,0,0,0,1,0,1,0,0,0,0,1,0,0.0,0.0,0.0,0.0,0.0,0.0
1,29.0,1,454.0,1,1,1,0,0,0,1,0,0,0,0,0,1,0,0,0.0,0.0,0.0,0.0,0.0,0.0
1,21.0,1,260.0,1,2,0,0,0,1,0,0,1,1,0,0,0,0,0,0.0,0.0,0.0,0.0,0.0,0.0
1,30.0,1,260.0,1,2,0,0,0,1,0,0,0,1,0,0,0,0,0,0.0,0.0,0.0,0.0,0.0,0.0
0,23.0,0,455.0,1,1,1,1,0,0,1,0,0,0,0,0,1,0,0,4.276666119016055,0.0,7.227662498728655,0.0,6.792344427470809,7.757051142032013
1,13.0,1,214.0,0,1,1,0,1,1,0,0,1,0,0,1,0,0,0,0.0,0.0,0.0,0.0,0.0,0.0
0,22.0,0,1424.0,0,3,0,1,0,0,0,0,1,0,0,0,0,1,0,6.601230118728877,4.9344739331306915,0.0,0.0,0.0,6.773080375655535
1,25.0,0,1113.0,0,3,0,0,0,0,0,1,0,0,0,0,0,0,1,0.0,0.0,0.0,0.0,0.0,0.0
0,52.0,0,436.0,0,3,0,1,0,0,0,0,1,0,0,0,1,0,0,1.0986122886681096,3.8501476017100584,6.68586094706836,0.0,6.651571873589727,7.3914152346753585
0,22.0,1,456.0,1,1,1,1,0,0,0,0,1,0,0,0,1,0,0,0.0,6.6240652277998935,2.9444389791664403,0.0,2.9444389791664403,6.670766320845874
0,31.0,0,218.0,0,1,1,1,0,1,0,0,0,0,1,0,0,0,0,0.0,7.380879035564116,8.308691916838898,8.31752199628717,4.8283137373023015,9.198369000194964
0,23.0,0,437.0,0,1,1,1,0,0,1,0,1,0,0,0,1,0,0,8.074649075066652,1.6094379124341003,5.497168225293202,0.0,0.0,8.148734808937169
0,35.0,0,1310.0,1,1,1,1,0,0,0,1,0,0,0,0,0,1,0,3.1354942159291497,0.0,7.07326971745971,0.0,3.5263605246161616,7.118826249062078
1,26.0,1,229.0,0,4,0,0,0,1,0,0,1,1,0,0,0,0,0,0.0,0.0,0.0,0.0,0.0,0.0
1,14.0,1,229.0,0,4,0,0,1,1,0,0,1,1,0,0,0,0,0,0.0,0.0,0.0,0.0,0.0,0.0
0,39.0,0,229.0,0,4,0,1,0,1,0,0,0,1,0,0,0,0,0,0.0,4.110873864173311,0.0,5.739792912179234,8.449984441722787,8.52615293278771
0,8.0,1,229.0,0,4,0,0,1,1,0,0,1,1,0,0,0,0,0,0.0,0.0,0.0,0.0,0.0,0.0
1,29.0,1,1113.0,1,1,1,0,0,0,0,1,0,0,0,0,0,0,1,0.0,0.0,0.0,0.0,0.0,0.0
1,15.0,1,1114.0,1,1,1,0,0,0,0,1,0,0,0,0,0,0,1,0.0,0.0,0.0,0.0,0.0,0.0
1,48.0,1,1115.0,1,2,0,0,0,0,0,0,1,0,0,0,0,0,1,0.0,0.0,0.0,0.0,0.0,0.0
0,9.0,0,1115.0,1,2,0,0,1,0,0,0,1,0,0,0,0,0,1,0.0,0.0,0.0,0.0,0.0,0.0
0,25.0,0,1311.0,1,1,1,1,0,0,0,0,1,0,0,0,0,1,0,0.0,2.3978952727983707,6.813444599510896,0.0,2.8903717578961645,6.842683282238422
1,13.0,1,71.0,0,2,0,0,1,1,0,0,1,0,0,0,0,0,0,0.0,0.0,0.0,0.0,0.0,0.0
1,25.0,1,71.0,0,2,0,0,0,1,0,0,0,0,0,0,0,0,0,0.0,0.0,0.0,0.0,0.0,0.0
0,27.0,0,208.0,1,2,0,1,0,1,0,0,1,0,0,1,0,0,0,4.248495242049359,7.965198290612176,0.0,8.350666240520924,8.242493153187626,9.303648549109834
1,32.0,1,208.0,1,2,0,0,0,1,0,0,1,0,0,1,0,0,0,0.0,0.0,0.0,0.0,0.0,0.0
0,20.0,1,253.0,1,2,0,1,0,1,0,0,0,0,1,0,0,0,0,0.0,9.795846661018736,4.605170185988092,2.70805020110221,4.060443010546419,9.805268145029668
0,40.0,0,253.0,1,2,0,1,0,1,0,0,0,0,1,0,0,0,0,8.716699572964293,8.932080438103307,6.7580945044277305,9.481740611853681,5.262690188904886,10.234336867263503
0,18.0,0,1427.0,0,1,1,1,0,0,0,0,1,0,0,0,0,1,0,0.0,2.9444389791664403,4.304065093204169,7.666221925662725,3.258096538021482,7.719129840906732
0,21.0,0,1428.0,0,1,1,1,0,0,0,0,1,0,0,0,0,1,0,0.0,0.0,6.804614520062624,1.3862943611198906,0.0,6.807934943699926
0,38.0,1,1116.0,1,1,1,1,0,0,0,0,1,0,0,0,0,0,1,5.25227342804663,0.6931471805599453,6.424869023905388,0.0,0.0,6.694562058521095
0,62.0,1,72.0,0,1,1,1,0,1,0,0,0,0,0,0,0,0,0,5.8944028342648505,6.956545443151569,3.8501476017100584,4.653960350157523,6.721425700790643,7.779466967458324
1,23.0,1,1119.0,1,1,1,0,0,0,0,0,1,0,0,0,0,0,1,0.0,0.0,0.0,0.0,0.0,0.0
0,48.0,0,1315.0,1,2,0,1,0,0,1,0,1,0,0,0,0,1,0,7.692569648067906,0.0,5.153291594497779,0.6931471805599453,0.0,7.768533300926033
1,27.0,0,457.0,1,2,0,0,0,0,1,0,1,0,0,0,1,0,0,0.0,0.0,0.0,0.0,0.0,0.0
1,32.0,1,1430.0,0,2,0,0,0,0,1,0,0,0,0,0,0,1,0,0.0,0.0,0.0,0.0,0.0,0.0
0,53.0,0,438.0,0,2,0,0,0,0,1,0,1,0,0,0,1,0,0,0.0,0.0,0.0,0.0,0.0,0.0
0,26.0,1,1120.0,1,1,1,1,0,0,0,0,1,0,0,0,0,0,1,0.0,0.0,0.6931471805599453,0.0,5.988961416889864,5.991464547107982
1,46.0,1,1316.0,1,1,1,0,0,0,1,0,1,0,0,0,0,1,0,0.0,0.0,0.0,0.0,0.0,0.0
0,32.0,0,1122.0,1,1,1,1,0,0,0,0,1,0,0,0,0,0,1,0.0,5.7899601708972535,3.4657359027997265,1.791759469228055,6.302618975744905,6.811244378601294
0,40.0,0,1317.0,1,1,1,1,0,0,0,0,1,0,0,0,0,1,0,6.760414691083428,0.0,0.0,0.0,4.0943445622221,6.826545223556594
0,27.0,1,215.0,0,1,1,1,0,0,1,0,1,0,0,1,0,0,0,6.587550014824796,0.0,7.415175109613295,0.0,0.0,7.777373602657861
0,28.0,1,1318.0,1,1,1,1,0,0,0,0,1,0,0,0,0,1,0,0.0,6.507277712385012,0.0,0.6931471805599453,1.0986122886681096,6.511745329644728
1,29.0,1,261.0,1,1,1,0,0,1,0,0,1,1,0,0,0,0,0,0.0,0.0,0.0,0.0,0.0,0.0
1,37.0,1,1319.0,1,3,0,0,0,0,1,0,1,0,0,0,0,1,0,0.0,0.0,0.0,0.0,0.0,0.0
0,0.0,1,1319.0,1,3,0,0,1,0,1,0,1,0,0,0,0,1,0,0.0,0.0,0.0,0.0,0.0,0.0
0,12.0,1,1319.0,1,3,0,0,1,0,1,0,1,0,0,0,0,1,0,0.0,0.0,0.0,0.0,0.0,0.0
0,25.0,0,220.0,0,1,1,1,0,1,0,0,1,0,1,0,0,0,0,0.0,8.43663368355782,0.0,7.857867559331803,7.560080465021827,9.117896081584902
0,27.0,0,459.0,1,3,0,1,0,0,1,0,1,0,0,0,1,0,0,6.161207321695077,0.0,6.3561076606958915,0.0,0.0,6.955592608396297
0,3.0,1,1320.0,1,3,0,0,1,0,1,0,1,0,0,0,0,1,0,0.0,0.0,0.0,0.0,0.0,0.0
0,9.0,1,1320.0,1,3,0,0,1,0,1,0,1,0,0,0,0,1,0,0.0,0.0,0.0,0.0,0.0,0.0
0,27.0,1,933.5,1,1,1,1,0,1,0,0,0,0,0,0,0,1,0,4.990432586778736,8.239329427901795,6.19644412779452,0.0,2.9444389791664403,8.398634855292102
0,59.0,1,73.0,0,2,0,0,0,1,0,0,1,0,0,0,0,0,0,0.0,0.0,0.0,0.0,0.0,0.0
0,24.0,0,73.0,0,2,0,0,0,1,0,0,1,0,0,0,0,0,0,0.0,0.0,0.0,0.0,0.0,0.0
1,16.0,1,1123.0,1,1,1,0,0,0,0,0,1,0,0,0,0,0,1,0.0,0.0,0.0,0.0,0.0,0.0
0,16.0,0,1321.0,1,1,1,1,0,0,1,0,1,0,0,0,0,1,0,6.218600119691729,6.882437470997847,7.060476365999801,0.0,0.0,7.878534196140362
1,46.0,1,217.0,0,1,1,0,0,1,0,0,1,0,0,1,0,0,0,0.0,0.0,0.0,0.0,0.0,0.0
0,25.0,0,1431.0,0,1,1,1,0,0,0,1,0,0,0,0,0,1,0,0.0,7.264730177929867,0.0,7.302496423727326,0.0,7.976595409316577
0,39.0,0,1322.0,1,3,0,1,0,0,0,0,1,0,0,0,0,1,0,4.875197323201151,6.60934924316738,0.0,0.0,0.0,6.77078942390898
0,15.0,0,460.0,1,3,0,1,0,0,0,0,1,0,0,0,1,0,0,0.0,0.0,0.0,6.844815479208263,3.8066624897703196,6.890609120147166
0,16.0,1,1322.0,1,3,0,1,0,0,0,0,0,0,0,0,0,1,0,3.784189633918261,1.3862943611198906,6.621405651764134,0.0,0.0,6.680854678790215
0,35.0,1,1432.0,0,3,0,1,0,0,1,0,1,0,0,0,0,1,0,7.450079569807499,8.387084506069217,6.923628628138427,0.0,2.70805020110221,8.873187904050106
0,43.0,0,440.0,0,3,0,1,0,0,1,0,0,0,0,0,1,0,0,6.270988431858299,2.639057329615259,7.367708572374371,2.4849066497880004,0.0,7.666690200080086
1,7.0,1,1432.0,0,3,0,0,1,0,1,0,1,0,0,0,0,1,0,0.0,0.0,0.0,0.0,0.0,0.0
1,29.0,1,1117.0,0,1,1,0,0,0,0,0,1,0,0,0,0,0,1,0.0,0.0,0.0,0.0,0.0,0.0
0,60.0,0,254.0,1,1,1,1,0,1,0,0,1,0,1,0,0,0,0,0.0,6.8679744089702925,3.8501476017100584,6.75110146893676,9.74537068443899,9.848767340335895
0,49.0,0,1124.0,1,1,1,1,0,0,0,0,1,0,0,0,0,0,1,5.159055299214529,0.0,2.9444389791664403,6.364750756851911,0.6931471805599453,6.650279048587422
0,50.0,1,1323.0,1,1,1,1,0,0,1,0,1,0,0,0,0,1,0,4.77912349311153,0.0,6.948897222313312,0.0,0.0,7.05617528410041
0,40.0,0,221.0,0,1,1,1,0,1,0,0,1,0,1,0,0,0,0,0.0,4.795790545596741,0.0,7.942717540573791,5.765191102784844,8.087332926473351
1,49.0,1,1324.0,1,2,0,0,0,0,1,0,1,0,0,0,0,1,0,0.0,0.0,0.0,0.0,0.0,0.0
0,18.0,0,461.0,1,2,0,1,0,0,1,0,1,0,0,0,1,0,0,7.5953872788539725,0.0,4.564348191467836,0.0,0.0,7.642044402873258
1,29.0,1,1325.0,1,1,1,0,0,0,1,0,1,0,0,0,0,1,0,0.0,0.0,0.0,0.0,0.0,0.0
0,56.0,0,1433.0,0,1,1,1,0,0,1,0,1,0,0,0,0,1,0,6.903747257584598,0.0,5.181783550292085,0.0,6.606650186198215,7.555905093611346
1,29.0,1,1126.0,1,1,1,0,0,0,0,1,0,0,0,0,0,0,1,0.0,0.0,0.0,0.0,0.0,0.0
0,29.0,0,462.0,1,1,1,1,0,0,0,0,1,0,0,0,1,0,0,0.0,2.3978952727983707,0.0,1.791759469228055,6.883462586413092,6.898714534329988
0,22.0,1,255.0,1,6,0,1,0,1,0,0,1,0,1,0,0,0,0,0.0,7.557472901614746,7.645397699428633,4.61512051684126,0.0,8.31996102188653
1,24.0,1,255.0,1,6,0,0,0,1,0,0,0,0,1,0,0,0,0,0.0,0.0,0.0,0.0,0.0,0.0
0,23.0,1,255.0,1,6,0,1,0,1,0,0,1,0,1,0,0,0,0,4.248495242049359,8.716371865276615,0.0,0.0,5.3706380281276624,8.76170676846664
0,28.0,1,255.0,1,6,0,1,0,1,0,0,1,0,1,0,0,0,0,0.0,9.552297538827965,0.0,6.834108738813838,5.921578419643816,9.640628165515693
1,19.0,1,255.0,1,6,0,0,0,1,0,0,0,0,1,0,0,0,0,0.0,0.0,0.0,0.0,0.0,0.0
0,32.0,0,255.0,1,6,0,1,0,1,0,0,1,0,1,0,0,0,0,0.0,4.499809670330265,0.0,9.027738775974909,0.6931471805599453,9.038483865029992
0,37.0,1,1127.0,1,1,1,0,0,0,0,0,1,0,0,0,0,0,1,0.0,0.0,0.0,0.0,0.0,0.0
0,26.0,0,1120.0,0,1,1,1,0,0,0,0,1,0,0,0,0,0,1,0.0,0.0,6.519147287940395,0.6931471805599453,4.6913478822291435,6.668228248417403
0,43.0,1,1435.0,0,1,1,1,0,0,0,0,1,0,0,0,0,1,0,7.573017256052546,2.8903717578961645,6.489204931325317,0.0,0.0,7.870547844507712
0,25.0,0,463.0,1,2,0,1,0,0,0,0,1,0,0,0,1,0,0,6.0867747269123065,0.0,0.0,6.324358962381311,0.0,6.904750769961838
0,11.0,0,1128.0,1,2,0,0,1,0,0,0,1,0,0,0,0,0,1,0.0,0.0,0.0,0.0,0.0,0.0
0,4.0,1,1122.0,0,3,0,0,1,0,0,0,1,0,0,0,0,0,1,0.0,0.0,0.0,0.0,0.0,0.0
1,32.0,1,1122.0,0,3,0,0,0,0,0,0,1,0,0,0,0,0,1,0.0,0.0,0.0,0.0,0.0,0.0
0,15.0,1,441.0,0,3,0,1,0,0,0,0,1,0,0,0,1,0,0,2.302585092994046,6.655440350367647,1.6094379124341003,0.0,1.0986122886681096,6.674561391814426
1,17.0,1,1129.0,1,1,1,0,0,0,0,0,1,0,0,0,0,0,1,0.0,0.0,0.0,0.0,0.0,0.0
1,37.0,1,222.0,0,1,1,0,0,1,0,0,0,0,1,0,0,0,0,0.0,0.0,0.0,0.0,0.0,0.0
0,20.0,1,1130.0,1,1,1,1,0,0,0,0,1,0,0,0,0,0,1,6.327936783729195,0.0,4.430816798843313,4.727387818712341,0.0,6.626717749249025
0,47.0,1,1436.0,0,2,0,1,0,0,1,0,1,0,0,0,0,1,0,5.081404364984463,0.0,7.117205503164344,3.6109179126442243,0.0,7.264730177929867
0,16.0,0,443.0,0,2,0,1,0,0,1,0,0,0,0,0,1,0,0,7.113956109566034,0.0,6.111467339502679,6.102558594613569,0.0,7.661527081358517
1,8.0,1,1131.0,1,1,1,0,1,0,0,0,1,0,0,0,0,0,1,0.0,0.0,0.0,0.0,0.0,0.0
0,22.0,0,1124.0,0,1,1,1,0,0,0,0,1,0,0,0,0,0,1,5.5053315359323625,0.0,0.0,6.495265555937008,0.6931471805599453,6.811244378601294
0,39.0,1,1326.0,1,1,1,1,0,0,1,0,1,0,0,0,0,1,0,2.302585092994046,0.0,6.5337888379333435,0.0,0.0,6.546785410760524
1,57.0,1,262.0,1,1,1,0,0,1,0,0,0,1,0,0,0,0,0,0.0,0.0,0.0,0.0,0.0,0.0
1,29.0,1,223.0,0,1,1,0,0,1,0,0,1,0,1,0,0,0,0,0.0,0.0,0.0,0.0,0.0,0.0
1,27.0,1,263.0,1,1,1,0,0,1,0,0,0,1,0,0,0,0,0,0.0,0.0,0.0,0.0,0.0,0.0
0,70.0,0,1439.0,0,1,1,1,0,0,0,0,1,0,0,0,0,1,0,3.367295829986474,0.0,0.0,6.511745329644728,4.653960350157523,6.690842277418564
1,13.0,1,264.0,1,2,0,0,1,1,0,0,1,1,0,0,0,0,0,0.0,0.0,0.0,0.0,0.0,0.0
0,49.0,1,264.0,1,2,0,1,0,1,0,0,1,1,0,0,0,0,0,0.0,7.471932078245122,0.0,6.682108597449809,6.342121418721152,8.046229101075378
0,25.0,0,464.0,1,1,1,1,0,0,0,0,0,0,0,0,1,0,0,0.0,2.5649493574615367,6.747586526829315,2.995732273553991,4.6443908991413725,6.893656354602635
1,19.0,1,265.0,1,2,0,0,0,1,0,0,0,1,0,0,0,0,0,0.0,0.0,0.0,0.0,0.0,0.0
1,15.0,1,265.0,1,2,0,0,0,1,0,0,0,1,0,0,0,0,0,0.0,0.0,0.0,0.0,0.0,0.0
0,37.0,1,219.0,0,2,0,1,0,1,0,0,1,0,0,1,0,0,0,3.295836866004329,7.972121128921655,2.302585092994046,0.0,3.713572066704308,7.9976631270201
1,27.0,1,219.0,0,2,0,0,0,1,0,0,1,0,0,1,0,0,0,0.0,0.0,0.0,0.0,0.0,0.0
0,28.0,0,445.0,0,2,0,1,0,0,1,0,1,0,0,0,1,0,0,7.6004023345004,0.0,2.639057329615259,4.477336814478207,0.0,7.649216319820633
0,22.0,0,445.0,0,2,0,1,0,0,1,0,1,0,0,0,1,0,0,6.877296071497429,3.8712010109078907,3.1780538303479458,4.90527477843843,0.0,7.068172000388042
0,26.0,1,266.0,1,1,1,1,0,1,0,0,1,1,0,0,0,0,0,4.912654885736052,7.640603826393634,2.0794415416798357,3.5553480614894135,4.442651256490317,7.75833346749091
0,25.0,0,1135.0,1,1,1,1,0,0,0,1,0,0,0,0,0,0,1,4.110873864173311,0.0,0.0,0.0,6.656726524178391,6.731018100482083
0,19.0,0,1136.0,1,1,1,1,0,0,0,0,1,0,0,0,0,0,1,0.0,0.0,0.0,6.690842277418564,1.791759469228055,6.697034247666484
0,20.0,0,1328.0,1,1,1,1,0,0,1,0,1,0,0,0,0,1,0,8.253227645581772,4.060443010546419,7.584773077612199,1.6094379124341003,1.0986122886681096,8.677609912822142
0,35.0,0,1444.0,0,1,1,1,0,0,0,0,0,0,0,0,0,1,0,0.0,4.276666119016055,6.448889394146858,0.0,0.0,6.555356891810665
0,37.0,0,1446.0,0,1,1,1,0,0,0,0,1,0,0,0,0,1,0,6.858565034791365,0.0,0.0,4.394449154672439,0.0,6.939253946041508
0,37.0,0,256.0,1,1,1,1,0,1,0,0,0,0,1,0,0,0,0,0.0,9.20693457884135,0.0,8.647870515057853,6.517671272912275,9.701310167030824
0,13.0,0,1447.0,0,2,0,1,1,0,0,0,1,0,0,0,0,1,0,0.0,4.74493212836325,6.52649485957079,0.0,2.0794415416798357,6.6895992691789665
0,20.0,0,1447.0,0,2,0,1,0,0,0,1,0,0,0,0,0,1,0,0.0,0.0,0.0,0.0,7.1846291527173145,7.1846291527173145
0,65.0,0,933.5,1,2,0,1,0,0,1,0,1,0,0,0,0,1,0,8.119398589612294,0.6931471805599453,2.5649493574615367,0.0,0.0,8.123261319121745
0,29.0,0,465.0,1,2,0,1,0,0,1,0,1,0,0,0,1,0,0,6.124683390894205,5.442417710521793,5.8971538676367405,0.0,0.0,6.956545443151569
0,0.0,1,225.0,0,6,0,0,1,1,0,0,1,0,1,0,0,0,0,0.0,0.0,0.0,0.0,0.0,0.0
0,4.0,1,225.0,0,6,0,0,1,1,0,0,1,0,1,0,0,0,0,0.0,0.0,0.0,0.0,0.0,0.0
1,19.0,1,225.0,0,6,0,0,0,1,0,0,1,0,1,0,0,0,0,0.0,0.0,0.0,0.0,0.0,0.0
1,17.0,1,225.0,0,6,0,0,0,1,0,0,0,0,1,0,0,0,0,0.0,0.0,0.0,0.0,0.0,0.0
0,28.0,1,225.0,0,6,0,1,0,1,0,0,0,0,1,0,0,0,0,0.0,8.336630087637147,0.0,3.5263605246161616,6.042632833682381,8.439663988907
0,28.0,0,225.0,0,6,0,1,0,1,0,0,0,0,1,0,0,0,0,0.0,5.081404364984463,0.0,7.338888133838879,7.2633296174768365,8.047189562170502
0,21.0,0,1126.0,0,1,1,1,0,0,0,0,1,0,0,0,0,0,1,0.0,0.0,0.0,3.784189633918261,6.504288173536645,6.566672429803241
0,45.0,0,466.0,1,1,1,1,0,0,0,1,0,0,0,0,1,0,0,0.6931471805599453,2.772588722239781,3.8066624897703196,0.0,7.340835554123275,7.379008127628304
0,21.0,1,1127.0,0,1,1,1,0,0,0,0,1,0,0,0,0,0,1,3.332204510175204,0.0,6.663132695990803,0.0,0.0,6.697034247666484
1,20.0,1,1137.0,1,2,0,0,0,0,0,1,0,0,0,0,0,0,1,0.0,0.0,0.0,0.0,0.0,0.0
0,38.0,1,1137.0,1,2,0,1,0,0,0,0,1,0,0,0,0,0,1,0.0,6.693323668269949,1.3862943611198906,0.0,0.0,6.697034247666484
0,24.0,1,446.0,0,1,1,1,0,0,0,0,0,0,0,0,1,0,0,0.0,6.795705775173515,0.0,1.6094379124341003,2.1972245773362196,6.80903930604298
0,22.0,0,447.0,0,1,1,1,0,0,0,0,1,0,0,0,1,0,0,6.569481420414296,1.9459101490553132,4.2626798770413155,0.0,0.0,6.670766320845874
0,44.0,1,1331.0,1,1,1,1,0,0,0,0,1,0,0,0,0,1,0,1.3862943611198906,0.0,3.5263605246161616,6.646390514847729,0.0,6.692083742506628
0,41.0,0,1332.0,1,1,1,1,0,0,0,1,0,0,0,0,0,1,0,0.0,0.0,0.0,0.0,6.444131256700441,6.444131256700441
1,21.0,1,1128.0,0,1,1,0,0,0,0,0,1,0,0,0,0,0,1,0.0,0.0,0.0,0.0,0.0,0.0
0,26.0,0,1450.0,0,3,0,1,0,0,1,0,1,0,0,0,0,1,0,7.584773077612199,0.0,4.762173934797756,0.0,0.0,7.642044402873258
1,54.0,1,1450.0,0,3,0,0,0,0,1,0,1,0,0,0,0,1,0,0.0,0.0,0.0,0.0,0.0,0.0
0,19.0,0,1450.0,0,3,0,1,0,0,1,0,1,0,0,0,0,1,0,7.5822291942764615,0.0,0.6931471805599453,6.464588303689961,0.0,7.865187954187467
0,32.0,0,1138.0,1,1,1,1,0,0,0,0,1,0,0,0,0,0,1,0.0,5.497168225293202,0.0,0.0,6.655440350367647,6.927557906278317
1,27.0,1,1139.0,1,1,1,0,0,0,0,0,1,0,0,0,0,0,1,0.0,0.0,0.0,0.0,0.0,0.0
0,26.0,0,226.0,0,2,0,1,0,1,0,0,1,0,1,0,0,0,0,6.318968113746434,7.176254532017144,3.4965075614664802,4.543294782270004,7.348587530927593,8.17188200612782
0,28.0,1,226.0,0,2,0,1,0,1,0,0,1,0,1,0,0,0,0,0.0,8.375860015299594,0.0,5.231108616854587,0.0,8.417814747435958
0,21.0,0,933.5,1,1,1,1,0,0,0,1,0,0,0,0,0,1,0,0.6931471805599453,3.1354942159291497,0.0,6.476972362889683,1.0986122886681096,6.51471269087253
0,38.0,0,233.0,0,2,0,1,0,1,0,0,0,1,0,0,0,0,0,0.0,6.541029999189903,0.0,8.185350223178686,0.0,8.361708288575842
1,43.0,1,233.0,0,2,0,0,0,1,0,0,1,1,0,0,0,0,0,0.0,0.0,0.0,0.0,0.0,0.0
0,12.0,0,1131.0,0,3,0,0,1,0,0,0,1,0,0,0,0,0,1,0.0,0.0,0.0,0.0,0.0,0.0
1,25.0,0,1131.0,0,3,0,0,0,0,0,0,1,0,0,0,0,0,1,0.0,0.0,0.0,0.0,0.0,0.0
1,27.0,1,1131.0,0,3,0,0,0,0,0,0,1,0,0,0,0,0,1,0.0,0.0,0.0,0.0,0.0,0.0
1,22.0,1,267.0,1,2,0,0,0,1,0,0,1,1,0,0,0,0,0,0.0,0.0,0.0,0.0,0.0,0.0
0,20.0,0,267.0,1,2,0,1,0,1,0,0,1,1,0,0,0,0,0,0.0,5.62040086571715,7.43307534889858,6.364750756851911,8.612503371220562,8.992806059426483
0,24.0,0,1334.0,1,1,1,1,0,0,0,0,0,0,0,0,0,1,0,0.0,4.07753744390572,6.428105272684596,0.0,3.7376696182833684,6.576469569048224
0,34.0,0,1452.0,0,1,1,1,0,0,0,0,0,0,0,0,0,1,0,0.0,6.093569770045136,5.170483995038151,4.382026634673881,1.3862943611198906,6.551080335043404
0,42.0,0,220.0,0,2,0,1,0,0,1,0,1,0,0,1,0,0,0,6.9650803456014065,0.0,0.0,0.0,0.0,6.9650803456014065
0,24.0,0,1453.0,0,2,0,1,0,0,1,0,1,0,0,0,0,1,0,7.724004656676065,0.0,4.564348191467836,2.3978952727983707,0.0,7.769378609513984
0,28.0,0,1454.0,0,1,1,1,0,0,0,0,1,0,0,0,0,1,0,0.0,0.0,5.655991810819852,4.919980925828125,5.823045895483019,6.6320017773956295
0,29.0,0,449.0,0,1,1,1,0,0,1,0,1,0,0,0,1,0,0,6.811244378601294,0.0,0.0,4.962844630259907,0.0,6.956545443151569
1,31.0,1,213.0,1,1,1,0,0,1,0,0,1,0,0,1,0,0,0,0.0,0.0,0.0,0.0,0.0,0.0
0,29.0,0,1141.0,1,1,1,1,0,0,0,0,1,0,0,0,0,0,1,6.790097235513905,0.0,0.6931471805599453,0.0,0.0,6.7912214627261855
0,14.0,0,1337.0,1,1,1,1,1,0,0,0,0,0,0,0,0,1,0,0.0,0.6931471805599453,5.993961427306569,5.697093486505405,0.0,6.54965074223381
0,16.0,1,1338.0,1,1,1,1,0,0,0,0,0,0,0,0,0,1,0,0.0,2.8903717578961645,7.10002716662926,0.0,3.258096538021482,7.134093721192866
1,16.0,1,1142.0,1,1,1,0,0,0,0,1,0,0,0,0,0,0,1,0.0,0.0,0.0,0.0,0.0,0.0
0,27.0,1,450.0,0,2,0,1,0,1,0,0,1,0,0,0,1,0,0,0.0,7.971776122880628,6.492239835020471,6.186208623900494,2.4849066497880004,8.307212626628308
0,27.0,0,450.0,0,2,0,1,0,1,0,0,1,0,0,0,1,0,0,0.0,6.904750769961838,0.0,6.588926477533519,6.70196036600254,7.8383433155571165
0,23.0,0,1339.0,1,1,1,1,0,0,0,0,1,0,0,0,0,1,0,6.659293919683638,2.0794415416798357,2.302585092994046,2.302585092994046,0.0,6.690842277418564
0,16.0,0,1143.0,1,2,0,1,0,0,0,0,1,0,0,0,0,0,1,6.037870919922137,5.278114659230518,4.61512051684126,4.48863636973214,4.51085950651685,6.79346613258001
0,30.0,1,1340.0,1,2,0,1,0,0,0,0,1,0,0,0,0,1,0,0.0,1.9459101490553132,0.0,0.0,7.269616749608169,7.273786317844895
0,24.0,0,1455.0,0,1,1,1,0,0,0,0,1,0,0,0,0,1,0,6.150602768446279,0.0,5.099866427824199,0.0,0.0,6.448889394146858
1,36.0,1,1144.0,1,1,1,0,0,0,0,0,1,0,0,0,0,0,1,0.0,0.0,0.0,0.0,0.0,0.0
0,25.0,1,257.0,1,1,1,1,0,1,0,0,0,0,1,0,0,0,0,0.0,8.164225652265827,3.044522437723423,3.2188758248682006,7.286191714702382,8.520388082312756
1,29.0,1,227.0,0,1,1,0,0,1,0,0,1,0,1,0,0,0,0,0.0,0.0,0.0,0.0,0.0,0.0
1,21.0,0,1132.0,0,1,1,0,0,0,0,1,0,0,0,0,0,0,1,0.0,0.0,0.0,0.0,0.0,0.0
1,26.0,1,1133.0,0,1,1,0,0,0,0,0,1,0,0,0,0,0,1,0.0,0.0,0.0,0.0,0.0,0.0
0,30.0,0,467.0,1,1,1,0,0,0,1,0,1,0,0,0,1,0,0,0.0,0.0,0.0,0.0,0.0,0.0
0,31.0,0,1457.0,0,2,0,1,0,0,0,0,1,0,0,0,0,1,0,0.0,0.0,6.576469569048224,0.0,0.0,6.576469569048224
0,20.0,0,1457.0,0,2,0,1,0,0,0,0,1,0,0,0,0,1,0,0.0,6.621405651764134,6.86484777797086,0.0,6.583409222158765,7.795646536334594
1,27.0,1,1145.0,1,1,1,0,0,0,0,0,1,0,0,0,0,0,1,0.0,0.0,0.0,0.0,0.0,0.0
1,33.0,1,1146.0,1,1,1,0,0,0,0,0,0,0,0,0,0,0,1,0.0,0.0,0.0,0.0,0.0,0.0
0,35.0,1,215.0,1,2,0,1,0,1,0,0,1,0,0,1,0,0,0,0.0,8.622093601241607,1.9459101490553132,2.1972245773362196,5.424950017481403,8.664405571096625
0,46.0,0,215.0,1,2,0,1,0,1,0,0,1,0,0,1,0,0,0,0.0,6.499787040655854,0.0,1.0986122886681096,7.686162303492906,7.952966790923131
1,63.0,1,1147.0,1,1,1,0,0,0,0,0,1,0,0,0,0,0,1,0.0,0.0,0.0,0.0,0.0,0.0
0,37.0,0,86.0,1,1,1,1,0,1,0,0,0,0,0,0,0,0,0,0.0,7.425953657077541,0.0,3.6109179126442243,8.048468743668883,8.48528964240323
0,23.0,1,451.0,0,1,1,1,0,0,0,0,1,0,0,0,1,0,0,3.295836866004329,5.58724865840025,6.003887067106539,0.0,0.0,6.546785410760524
0,5.0,1,1148.0,1,2,0,0,1,0,0,0,0,0,0,0,0,0,1,0.0,0.0,0.0,0.0,0.0,0.0
1,16.0,1,1148.0,1,2,0,0,0,0,0,0,1,0,0,0,0,0,1,0.0,0.0,0.0,0.0,0.0,0.0
0,20.0,1,1458.0,0,2,0,1,0,0,0,0,1,0,0,0,0,1,0,0.0,0.0,7.754052639035757,4.795790545596741,0.0,7.804251383528112
1,49.0,0,1458.0,0,2,0,0,0,0,0,1,0,0,0,0,0,1,0,0.0,0.0,0.0,0.0,0.0,0.0
0,3.0,1,1135.0,0,1,1,0,1,0,0,0,1,0,0,0,0,0,1,0.0,0.0,0.0,0.0,0.0,0.0
0,41.0,0,1459.0,0,1,1,1,0,0,0,0,1,0,0,0,0,1,0,0.0,5.176149732573829,6.028278520230698,4.897839799950911,0.0,6.584791392385716
0,27.0,0,1341.0,1,1,1,1,0,0,1,0,1,0,0,0,0,1,0,7.104144092987527,0.0,3.4339872044851463,3.784189633918261,0.0,7.162397497355718
1,14.0,1,1136.0,0,1,1,0,1,0,0,0,1,0,0,0,0,0,1,0.0,0.0,0.0,0.0,0.0,0.0
0,26.0,0,216.0,1,1,1,1,0,0,1,0,1,0,0,1,0,0,0,6.663132695990803,0.0,0.0,7.825644732219989,0.6931471805599453,8.097730573664219
1,51.0,0,1137.0,0,1,1,0,0,0,0,0,1,0,0,0,0,0,1,0.0,0.0,0.0,0.0,0.0,0.0
0,36.0,0,1461.0,0,1,1,1,0,0,0,1,0,0,0,0,0,1,0,4.04305126783455,0.0,4.406719247264253,0.0,6.150602768446279,6.406879986069314
1,16.0,1,1150.0,1,1,1,0,0,0,0,0,1,0,0,0,0,0,1,0.0,0.0,0.0,0.0,0.0,0.0
1,18.0,1,1343.0,1,1,1,0,0,0,1,0,1,0,0,0,0,1,0,0.0,0.0,0.0,0.0,0.0,0.0
1,48.0,0,1138.0,0,1,1,0,0,0,0,1,0,0,0,0,0,0,1,0.0,0.0,0.0,0.0,0.0,0.0
0,24.0,0,221.0,0,1,1,1,0,0,1,0,1,0,0,1,0,0,0,5.4638318050256105,0.0,7.404279118037268,6.949856455000773,5.438079308923196,8.054840221101024
0,19.0,0,222.0,0,1,1,1,0,0,1,0,0,0,0,1,0,0,0,6.950814768442584,0.0,4.9344739331306915,0.0,0.0,7.074963197966044
1,21.0,1,1152.0,1,1,1,0,0,0,0,0,0,0,0,0,0,0,1,0.0,0.0,0.0,0.0,0.0,0.0
0,24.0,0,1462.0,0,1,1,1,0,0,0,0,1,0,0,0,0,1,0,5.808142489980444,2.302585092994046,5.877735781779639,0.0,0.0,6.548219102762372
1,21.0,1,1153.0,1,1,1,0,0,0,0,0,1,0,0,0,0,0,1,0.0,0.0,0.0,0.0,0.0,0.0
0,13.0,1,1344.0,1,1,1,1,1,0,0,0,1,0,0,0,0,1,0,0.0,6.907755278982137,0.0,0.0,1.6094379124341003,6.911747300251674
0,39.0,0,223.0,0,1,1,1,0,0,1,0,1,0,0,1,0,0,0,3.7612001156935624,0.0,5.8664680569332965,0.6931471805599453,5.91350300563827,6.639875833826536
0,27.0,1,469.0,1,1,1,0,0,1,0,0,0,0,0,0,1,0,0,0.0,0.0,0.0,0.0,0.0,0.0
0,23.0,0,1463.0,0,1,1,1,0,0,0,1,0,0,0,0,0,1,0,4.174387269895637,1.6094379124341003,0.0,7.026426808699636,0.0,7.085064293952548
0,43.0,0,217.0,1,1,1,1,0,1,0,0,0,0,0,1,0,0,0,0.0,7.646831391430482,0.0,8.134467570277563,3.4339872044851463,8.618485442898109
0,19.0,0,1346.0,1,1,1,1,0,0,1,0,1,0,0,0,0,1,0,8.11162807830774,6.778784897685177,6.831953565565855,6.661854740545311,0.0,8.685753832960154
1,30.0,1,1347.0,1,1,1,0,0,0,1,0,0,0,0,0,0,1,0,0.0,0.0,0.0,0.0,0.0,0.0
1,52.0,1,1154.0,1,1,1,0,0,0,0,0,1,0,0,0,0,0,1,0.0,0.0,0.0,0.0,0.0,0.0
0,35.0,0,1155.0,1,1,1,1,0,0,0,0,1,0,0,0,0,0,1,7.707512194600341,0.0,4.663439094112067,0.6931471805599453,0.0,7.754052639035757
0,16.0,1,1156.0,1,1,1,1,0,0,0,0,1,0,0,0,0,0,1,1.6094379124341003,7.418780882750794,0.0,3.58351893845611,3.713572066704308,7.465082736399547
0,21.0,0,1464.0,0,1,1,1,0,0,0,0,1,0,0,0,0,1,0,0.0,2.639057329615259,0.0,6.580639137284949,5.14166355650266,6.806829360392176
0,45.0,0,1350.0,1,1,1,1,0,0,0,1,0,0,0,0,0,1,0,0.0,0.0,0.0,0.0,6.39024066706535,6.39024066706535
0,22.0,0,472.0,1,3,0,1,0,0,0,0,1,0,0,0,1,0,0,0.0,4.836281906951478,0.0,6.498282149476434,0.0,6.670766320845874
1,27.0,0,1159.0,1,3,0,0,0,0,0,0,0,0,0,0,0,0,1,0.0,0.0,0.0,0.0,0.0,0.0
0,0.0,1,1159.0,1,3,0,0,1,0,0,0,1,0,0,0,0,0,1,0.0,0.0,0.0,0.0,0.0,0.0
0,63.0,0,1160.0,1,1,1,1,0,0,0,1,0,0,0,0,0,0,1,6.267200548541362,1.0986122886681096,0.0,0.0,0.0,6.270988431858299
0,56.0,0,1351.0,1,1,1,1,0,0,0,1,0,0,0,0,0,1,0,0.6931471805599453,1.0986122886681096,0.0,4.634728988229636,0.0,4.663439094112067
1,40.0,1,1161.0,1,1,1,0,0,0,0,0,1,0,0,0,0,0,1,0.0,0.0,0.0,0.0,0.0,0.0
1,1.0,1,1162.0,1,2,0,0,1,0,0,0,1,0,0,0,0,0,1,0.0,0.0,0.0,0.0,0.0,0.0
0,24.0,0,1352.0,1,2,0,1,0,0,0,0,1,0,0,0,0,1,0,0.0,0.0,1.3862943611198906,6.682108597449809,1.791759469228055,6.692083742506628
0,36.0,0,1353.0,1,1,1,1,0,0,0,0,1,0,0,0,0,1,0,3.091042453358316,0.0,6.739336627357174,0.0,0.0,6.763884908562435
0,13.0,0,1163.0,1,1,1,1,1,0,0,0,1,0,0,0,0,0,1,5.501258210544727,0.0,4.61512051684126,6.049733455231958,2.70805020110221,6.661854740545311
0,13.0,0,1354.0,1,1,1,1,1,0,0,0,0,0,0,0,0,1,0,0.0,6.583409222158765,0.0,3.6375861597263857,2.1972245773362196,6.643789733147672
1,37.0,1,1140.0,0,1,1,0,0,0,0,0,0,0,0,0,0,0,1,0.0,0.0,0.0,0.0,0.0,0.0
0,44.0,0,473.0,1,1,1,1,0,0,0,0,1,0,0,0,1,0,0,4.969813299576001,3.8712010109078907,0.0,6.576469569048224,4.477336814478207,6.902742737158593
1,32.0,1,259.0,1,2,0,0,0,1,0,0,1,0,1,0,0,0,0,0.0,0.0,0.0,0.0,0.0,0.0
0,57.0,1,259.0,1,2,0,0,0,1,0,0,0,0,1,0,0,0,0,0.0,0.0,0.0,0.0,0.0,0.0
0,26.0,0,1355.0,1,1,1,1,0,0,0,0,0,0,0,0,0,1,0,0.0,5.0689042022202315,0.0,0.0,6.816735880594968,6.976348070447749
0,62.0,0,1466.0,0,3,0,1,0,0,1,0,1,0,0,0,0,1,0,6.118097198041348,0.6931471805599453,7.555905093611346,0.0,0.0,7.768956044538332
1,2.0,1,1466.0,0,3,0,0,1,0,1,0,0,0,0,0,0,1,0,0.0,0.0,0.0,0.0,0.0,0.0
1,1.0,1,1466.0,0,3,0,0,1,0,1,0,1,0,0,0,0,1,0,0.0,0.0,0.0,0.0,0.0,0.0
0,24.0,0,1467.0,0,1,1,1,0,0,0,0,1,0,0,0,0,1,0,6.3818160174060985,0.0,0.6931471805599453,5.1298987149230735,2.833213344056216,6.654152520183219
1,1.0,1,1141.0,0,1,1,0,1,0,0,0,1,0,0,0,0,0,1,0.0,0.0,0.0,0.0,0.0,0.0
0,63.0,0,1468.0,0,1,1,1,0,0,0,0,1,0,0,0,0,1,0,0.0,6.610696044717759,0.0,4.836281906951478,1.3862943611198906,6.769641976852503
0,20.0,1,218.0,1,1,1,1,0,1,0,0,1,0,0,1,0,0,0,6.947937068614969,7.81923445385907,0.0,5.1647859739235145,5.209486152841421,8.264620829411216
0,15.0,0,1469.0,0,1,1,1,0,0,0,0,1,0,0,0,0,1,0,0.0,6.415096959171596,5.5909869805108565,0.0,0.0,6.777646593635117
1,32.0,1,1142.0,0,1,1,0,0,0,0,0,1,0,0,0,0,0,1,0.0,0.0,0.0,0.0,0.0,0.0
0,24.0,1,1470.0,0,1,1,1,0,0,0,0,1,0,0,0,0,1,0,4.127134385045092,5.986452005284438,5.225746673713202,0.6931471805599453,0.0,6.4692503167957724
1,32.0,0,1143.0,0,1,1,0,0,0,0,0,1,0,0,0,0,0,1,0.0,0.0,0.0,0.0,0.0,0.0
0,36.0,1,454.0,0,1,1,1,0,1,0,0,1,0,0,0,1,0,0,2.3978952727983707,7.8156105320351905,7.640603826393634,2.995732273553991,5.796057750765372,8.500250470685925
1,13.0,1,1144.0,0,1,1,0,1,0,0,1,0,0,0,0,0,0,1,0.0,0.0,0.0,0.0,0.0,0.0
1,29.0,1,260.0,1,3,0,0,0,1,0,0,1,0,1,0,0,0,0,0.0,0.0,0.0,0.0,0.0,0.0
0,27.0,0,260.0,1,3,0,1,0,1,0,0,1,0,1,0,0,0,0,0.0,2.70805020110221,0.0,0.0,7.75190533307861,7.757906208351747
1,30.0,1,260.0,1,3,0,0,0,1,0,0,1,0,1,0,0,0,0,0.0,0.0,0.0,0.0,0.0,0.0
0,27.0,1,75.0,0,4,0,1,0,1,0,0,0,0,0,0,0,0,0,0.0,3.8066624897703196,8.468423027046809,1.791759469228055,3.7376696182833684,8.48714627006394
0,14.0,0,75.0,0,4,0,1,1,1,0,0,1,0,0,0,0,0,0,0.0,8.047189562170502,3.713572066704308,5.393627546352361,5.247024072160486,8.181160858023409
0,32.0,0,75.0,0,4,0,1,0,1,0,0,1,0,0,0,0,0,0,6.269096283706261,7.530479995245536,0.0,6.035481432524756,7.974532844130228,8.650499558724462
0,33.0,0,75.0,0,4,0,1,0,1,0,0,0,0,0,0,0,0,0,0.0,2.833213344056216,2.5649493574615367,7.762170607138205,2.5649493574615367,7.779048644925556
0,35.0,1,1356.0,1,1,1,1,0,0,0,0,1,0,0,0,0,1,0,1.3862943611198906,0.0,6.480044561926653,0.0,4.3694478524670215,6.597145701886651
0,21.0,0,1471.0,0,1,1,1,0,0,0,0,0,0,0,0,0,1,0,5.71042701737487,0.0,2.995732273553991,0.0,0.0,5.771441123130016
0,57.0,0,228.0,0,2,0,1,0,1,0,0,1,0,1,0,0,0,0,6.810142450115136,3.1354942159291497,0.0,9.023287640806327,5.971261839790462,9.170871628065816
0,42.0,1,228.0,0,2,0,1,0,1,0,0,1,0,1,0,0,0,0,5.075173815233827,8.38662882139512,1.0986122886681096,1.3862943611198906,6.186208623900494,8.52456594574565
0,20.0,1,1473.0,0,1,1,1,0,0,0,0,0,0,0,0,0,1,0,0.0,1.9459101490553132,6.315358001522335,3.044522437723423,0.0,6.361302477572996
1,18.0,1,1357.0,1,1,1,0,0,0,1,0,1,0,0,0,0,1,0,0.0,0.0,0.0,0.0,0.0,0.0
0,49.0,0,268.0,1,1,1,1,0,1,0,0,0,1,0,0,0,0,0,0.0,8.946895523888447,0.0,9.47401147446646,0.0,9.93788897925346
0,23.0,0,1358.0,1,1,1,1,0,0,0,1,0,0,0,0,0,1,0,0.0,1.3862943611198906,0.0,0.0,6.304448802421981,6.309918278226516
0,24.0,0,1359.0,1,1,1,1,0,0,1,0,1,0,0,0,0,1,0,6.9650803456014065,0.0,0.0,5.638354669333745,0.0,7.199678345691172
0,24.0,0,1361.0,1,2,0,1,0,0,0,0,1,0,0,0,0,1,0,0.0,0.0,0.0,0.0,6.630683385642372,6.630683385642372
0,23.0,1,1361.0,1,2,0,1,0,0,0,0,0,0,0,0,0,1,0,2.302585092994046,0.6931471805599453,0.0,6.20050917404269,4.700480365792417,6.416732282512326
0,24.0,0,1362.0,1,1,1,1,0,0,0,0,1,0,0,0,0,1,0,0.0,6.194405391104672,3.091042453358316,0.0,5.220355825078325,6.543911845564792
1,26.0,0,1146.0,0,1,1,0,0,0,0,1,0,0,0,0,0,0,1,0.0,0.0,0.0,0.0,0.0,0.0
1,28.0,1,236.0,0,1,1,0,0,1,0,0,0,1,0,0,0,0,0,0.0,0.0,0.0,0.0,0.0,0.0
0,17.0,0,1475.0,0,1,1,1,0,0,0,1,0,0,0,0,0,1,0,0.0,7.231287004327616,1.0986122886681096,0.0,0.0,7.232733136177615
0,20.0,0,1476.0,0,1,1,1,0,0,0,0,1,0,0,0,0,1,0,6.030685260261263,6.173786103901937,0.0,6.927557906278317,5.480638923341991,7.674617497364363
0,22.0,0,1363.0,1,1,1,1,0,0,0,0,1,0,0,0,0,1,0,0.0,0.0,0.0,0.0,7.091742115095153,7.091742115095153
1,23.0,1,269.0,1,2,0,0,0,1,0,0,0,1,0,0,0,0,0,0.0,0.0,0.0,0.0,0.0,0.0
1,22.0,1,269.0,1,2,0,0,0,1,0,0,0,1,0,0,0,0,0,0.0,0.0,0.0,0.0,0.0,0.0
0,29.0,0,1366.0,1,1,1,1,0,0,0,0,1,0,0,0,0,1,0,1.3862943611198906,0.0,6.499787040655854,6.52795791762255,3.5553480614894135,7.233455418621439
0,27.0,0,237.0,0,2,0,1,0,1,0,0,1,1,0,0,0,0,0,0.0,8.332308352219117,0.0,7.221835825288449,3.7612001156935624,8.624431942085836
1,31.0,1,237.0,0,2,0,0,0,1,0,0,1,1,0,0,0,0,0,0.0,0.0,0.0,0.0,0.0,0.0
0,37.0,0,238.0,0,3,0,1,0,1,0,0,0,1,0,0,0,0,0,0.6931471805599453,8.40357646462927,0.6931471805599453,9.127719343287845,1.3862943611198906,9.523251498473739
0,44.0,1,238.0,0,3,0,1,0,1,0,0,0,1,0,0,0,0,0,0.0,8.371704884667631,1.3862943611198906,5.0369526024136295,3.970291913552122,8.418697944667139
0,34.0,0,238.0,0,3,0,1,0,1,0,0,0,1,0,0,0,0,0,0.0,7.868254265520613,0.6931471805599453,4.882801922586371,7.906547232368036,8.605020901781758
0,23.0,0,1165.0,1,1,1,1,0,0,0,0,0,0,0,0,0,0,1,6.401917196727186,0.0,0.0,0.0,3.2188758248682006,6.440946540632921
0,18.0,0,1368.0,1,1,1,1,0,0,0,0,1,0,0,0,0,1,0,6.126869184114185,0.0,2.4849066497880004,5.817111159963204,0.0,6.6895992691789665
1,18.0,1,1148.0,0,1,1,0,0,0,0,1,0,0,0,0,0,0,1,0.0,0.0,0.0,0.0,0.0,0.0
0,23.0,0,1479.0,0,1,1,1,0,0,0,0,1,0,0,0,0,1,0,0.0,4.90527477843843,6.180016653652572,0.0,3.332204510175204,6.467698726104354
0,18.0,0,1371.0,1,1,1,1,0,0,0,0,1,0,0,0,0,1,0,0.0,2.3978952727983707,0.0,0.0,6.6052979209482015,6.618738983517219
0,22.0,0,474.0,1,3,0,1,0,0,1,0,1,0,0,0,1,0,0,0.0,0.0,7.029087564149662,0.0,3.828641396489095,7.068172000388042
0,10.0,1,474.0,1,3,0,0,1,0,1,0,1,0,0,0,1,0,0,0.0,0.0,0.0,0.0,0.0,0.0
1,27.0,0,474.0,1,3,0,0,0,0,1,0,1,0,0,0,1,0,0,0.0,0.0,0.0,0.0,0.0,0.0
0,31.0,0,1372.0,1,1,1,1,0,0,1,0,1,0,0,0,0,1,0,6.811244378601294,0.0,6.082218910376446,1.0986122886681096,0.0,7.205635176410364
1,48.0,0,1150.0,0,1,1,0,0,0,0,0,1,0,0,0,0,0,1,0.0,0.0,0.0,0.0,0.0,0.0
0,51.0,1,87.0,1,1,1,1,0,1,0,0,0,0,0,0,0,0,0,0.0,5.662960480135946,0.0,7.274479558773871,4.204692619390966,7.493317248862145
1,25.0,1,1482.0,0,1,1,0,0,0,1,1,0,0,0,0,0,1,0,0.0,0.0,0.0,0.0,0.0,0.0
0,32.0,0,459.0,0,1,1,1,0,0,1,0,1,0,0,0,1,0,0,5.666426688112432,0.0,6.385194398997726,6.508769136971682,3.713572066704308,7.372118028337787
0,8.0,1,1167.0,1,2,0,0,1,0,0,0,1,0,0,0,0,0,1,0.0,0.0,0.0,0.0,0.0,0.0
1,49.0,1,1167.0,1,2,0,0,0,0,0,1,0,0,0,0,0,0,1,0.0,0.0,0.0,0.0,0.0,0.0
0,28.0,0,1375.0,1,1,1,1,0,0,0,1,0,0,0,0,0,1,0,0.0,0.0,0.0,6.507277712385012,2.833213344056216,6.530877627725885
0,3.0,1,475.0,1,4,0,0,1,0,1,0,1,0,0,0,1,0,0,0.0,0.0,0.0,0.0,0.0,0.0
0,27.0,1,475.0,1,4,0,0,0,0,1,0,1,0,0,0,1,0,0,0.0,0.0,0.0,0.0,0.0,0.0
1,31.0,1,475.0,1,4,0,0,0,0,1,0,1,0,0,0,1,0,0,0.0,0.0,0.0,0.0,0.0,0.0
0,11.0,1,475.0,1,4,0,0,1,0,1,0,1,0,0,0,1,0,0,0.0,0.0,0.0,0.0,0.0,0.0
1,27.0,1,933.5,1,2,0,0,0,0,1,0,1,0,0,0,0,1,0,0.0,0.0,0.0,0.0,0.0,0.0
0,33.0,0,219.0,1,2,0,1,0,0,1,0,1,0,0,1,0,0,0,7.397561535524052,0.0,6.626717749249025,0.0,0.0,7.777373602657861
1,32.0,1,263.0,1,1,1,0,0,1,0,1,0,0,1,0,0,0,0,0.0,0.0,0.0,0.0,0.0,0.0
1,20.0,1,1152.0,0,1,1,0,0,0,0,0,1,0,0,0,0,0,1,0.0,0.0,0.0,0.0,0.0,0.0
0,33.0,0,476.0,1,1,1,1,0,1,0,0,1,0,0,0,1,0,0,0.0,8.195609567288775,0.0,7.338238150065589,6.212606095751519,8.641179171197228
0,65.0,0,1485.0,0,1,1,1,0,0,0,0,1,0,0,0,0,1,0,3.784189633918261,3.091042453358316,3.1354942159291497,3.9318256327243257,6.595780513961311,6.7661917146603505
1,18.0,1,1377.0,1,1,1,0,0,0,1,0,1,0,0,0,0,1,0,0.0,0.0,0.0,0.0,0.0,0.0
0,19.0,0,1378.0,1,1,1,1,0,0,1,0,1,0,0,0,0,1,0,6.760414691083428,0.0,1.791759469228055,7.617267813628347,0.0,7.9724660159745655
0,33.0,1,270.0,1,1,1,1,0,1,0,0,0,1,0,0,0,0,0,0.0,8.209852481301272,0.0,7.463936604468925,0.6931471805599453,8.598035579260339
0,27.0,1,1168.0,1,1,1,1,0,0,0,0,1,0,0,0,0,0,1,0.0,2.4849066497880004,6.677083461247136,0.0,4.442651256490317,6.790097235513905
1,31.0,0,1154.0,0,1,1,0,0,0,0,1,0,0,0,0,0,0,1,0.0,0.0,0.0,0.0,0.0,0.0
1,37.0,1,1155.0,0,1,1,0,0,0,0,0,1,0,0,0,0,0,1,0.0,0.0,0.0,0.0,0.0,0.0
1,19.0,1,1156.0,0,1,1,0,0,0,0,1,0,0,0,0,0,0,1,0.0,0.0,0.0,0.0,0.0,0.0
0,18.0,0,1486.0,0,1,1,1,0,0,0,0,1,0,0,0,0,1,0,0.0,0.0,6.651571873589727,0.0,1.6094379124341003,6.656726524178391
1,47.0,1,232.0,0,3,0,0,0,1,0,0,0,0,1,0,0,0,0,0.0,0.0,0.0,0.0,0.0,0.0
0,26.0,0,232.0,0,3,0,1,0,1,0,0,1,0,1,0,0,0,0,0.0,8.707978826622321,0.0,6.4967749901858625,6.825460036255307,8.94023623179847
0,25.0,1,232.0,0,3,0,1,0,1,0,0,1,0,1,0,0,0,0,0.0,8.186185994226083,0.0,3.332204510175204,0.0,8.193676665955241
0,38.0,0,1380.0,1,1,1,1,0,0,0,0,1,0,0,0,0,1,0,4.634728988229636,2.5649493574615367,2.70805020110221,6.507277712385012,0.0,6.682108597449809
0,53.0,1,460.0,0,1,1,1,0,0,0,0,1,0,0,0,1,0,0,1.3862943611198906,7.719573989259581,0.0,4.564348191467836,2.5649493574615367,7.767263996757308
0,38.0,0,478.0,1,1,1,1,0,0,0,0,1,0,0,0,1,0,0,0.0,5.82600010738045,0.0,6.118097198041348,0.0,6.674561391814426
1,28.0,1,1488.0,0,1,1,0,0,0,1,0,1,0,0,0,0,1,0,0.0,0.0,0.0,0.0,0.0,0.0
0,46.0,0,933.5,1,1,1,1,0,0,0,0,1,0,0,0,0,1,0,6.0844994130751715,5.648974238161206,6.851184927493743,0.0,5.87493073085203,7.611347717403621
0,18.0,1,1170.0,1,1,1,1,0,0,0,0,1,0,0,0,0,0,1,1.3862943611198906,6.535241271013659,0.0,0.0,3.1780538303479458,6.5722825426940075
1,14.0,1,461.0,0,3,0,0,1,1,0,0,1,0,0,0,1,0,0,0.0,0.0,0.0,0.0,0.0,0.0
0,32.0,0,461.0,0,3,0,1,0,1,0,0,1,0,0,0,1,0,0,0.0,7.222566018822171,3.4011973816621555,6.4967749901858625,3.1354942159291497,7.641564441260972
0,44.0,0,461.0,0,3,0,1,0,1,0,0,1,0,0,0,1,0,0,0.0,0.0,2.833213344056216,4.290459441148391,8.367532416861831,8.38776764397578
1,28.0,1,1158.0,0,1,1,0,0,0,0,1,0,0,0,0,0,0,1,0.0,0.0,0.0,0.0,0.0,0.0
0,2.0,1,233.0,0,3,0,0,1,1,0,0,1,0,1,0,0,0,0,0.0,0.0,0.0,0.0,0.0,0.0
0,28.0,0,233.0,0,3,0,1,0,1,0,0,1,0,1,0,0,0,0,0.0,7.9714309977693505,3.8501476017100584,8.5657928612523,9.008224187854049,9.702594610156739
1,27.0,1,233.0,0,3,0,0,0,1,0,0,1,0,1,0,0,0,0,0.0,0.0,0.0,0.0,0.0,0.0
1,29.0,1,234.0,0,1,1,0,0,1,0,0,1,0,1,0,0,0,0,0.0,0.0,0.0,0.0,0.0,0.0
1,14.0,1,1171.0,1,1,1,0,1,0,0,0,0,0,0,0,0,0,1,0.0,0.0,0.0,0.0,0.0,0.0
0,14.0,0,1490.0,0,1,1,1,1,0,0,0,1,0,0,0,0,1,0,0.0,0.0,6.642486801367256,0.0,0.0,6.642486801367256
1,17.0,1,1172.0,1,1,1,0,0,0,0,0,1,0,0,0,0,0,1,0.0,0.0,0.0,0.0,0.0,0.0
0,35.0,1,1381.0,1,1,1,1,0,0,0,0,1,0,0,0,0,1,0,5.017279836814924,0.0,4.574710978503383,6.459904454377535,0.0,6.785587645007929
0,36.0,0,1382.0,1,1,1,1,0,0,0,0,1,0,0,0,0,1,0,0.0,4.867534450455582,0.0,5.181783550292085,6.09807428216624,6.621405651764134
0,51.0,0,1383.0,1,1,1,1,0,0,1,0,1,0,0,0,0,1,0,4.672828834461906,7.57198844937744,4.7535901911063645,0.0,0.0,7.679713639966372
0,54.0,0,1174.0,1,1,1,1,0,0,0,0,1,0,0,0,0,0,1,0.6931471805599453,0.0,4.700480365792417,0.0,0.6931471805599453,4.718498871295094
0,37.0,1,264.0,1,1,1,1,0,1,0,0,1,0,1,0,0,0,0,5.707110264748875,8.14177220465645,0.0,0.6931471805599453,5.147494476813453,8.27052509505507
0,37.0,0,462.0,0,1,1,1,0,0,0,0,1,0,0,0,1,0,0,6.295266001439646,3.6635616461296463,6.570882962339584,5.75890177387728,0.0,7.3833681469923835
0,24.0,1,463.0,0,1,1,1,0,0,0,0,1,0,0,0,1,0,0,0.6931471805599453,5.272999558563747,0.0,0.0,6.450470422144176,6.71901315438526
0,27.0,0,1386.0,1,1,1,1,0,0,1,0,1,0,0,0,0,1,0,6.93828448401696,0.0,5.0689042022202315,0.0,3.367295829986474,7.104144092987527
0,38.0,0,1387.0,1,1,1,1,0,0,0,0,1,0,0,0,0,1,0,6.434546518787453,7.1853870155804165,3.7612001156935624,0.6931471805599453,6.09807428216624,7.795234929002173
1,28.0,1,1160.0,0,1,1,0,0,0,0,0,1,0,0,0,0,0,1,0.0,0.0,0.0,0.0,0.0,0.0
0,0.0,1,1161.0,0,2,0,0,1,0,0,0,1,0,0,0,0,0,1,0.0,0.0,0.0,0.0,0.0,0.0
0,16.0,0,1492.0,0,2,0,1,0,0,0,0,1,0,0,0,0,1,0,3.1780538303479458,6.173786103901937,0.0,0.0,5.924255797414532,6.775366090936392
0,25.0,0,1493.0,0,1,1,1,0,0,0,0,1,0,0,0,0,1,0,0.0,0.0,6.779921907472252,0.0,0.0,6.779921907472252
0,22.0,1,1389.0,1,1,1,1,0,0,0,0,0,0,0,0,0,1,0,3.4339872044851463,0.0,6.53813982376767,3.7376696182833684,0.0,6.635946555686647
1,24.0,1,1494.0,0,1,1,0,0,0,1,0,1,0,0,0,0,1,0,0.0,0.0,0.0,0.0,0.0,0.0
0,37.0,1,464.0,0,1,1,1,0,0,0,1,0,0,0,0,1,0,0,6.218600119691729,0.0,5.19295685089021,0.6931471805599453,0.0,6.525029657843462
0,21.0,1,1495.0,0,1,1,1,0,0,1,0,1,0,0,0,0,1,0,3.091042453358316,0.0,6.774223886357614,5.424950017481403,0.0,7.022868086082641
0,53.0,1,271.0,1,1,1,0,0,1,0,0,1,1,0,0,0,0,0,0.0,0.0,0.0,0.0,0.0,0.0
0,0.0,1,235.0,0,6,0,0,1,1,0,0,1,0,1,0,0,0,0,0.0,0.0,0.0,0.0,0.0,0.0
1,2.0,0,235.0,0,6,0,0,1,1,0,0,1,0,1,0,0,0,0,0.0,0.0,0.0,0.0,0.0,0.0
1,64.0,1,235.0,0,6,0,0,0,1,0,0,1,0,1,0,0,0,0,0.0,0.0,0.0,0.0,0.0,0.0
0,24.0,0,933.5,1,6,0,1,0,1,0,0,1,0,0,0,0,1,0,0.0,7.980023592310645,1.791759469228055,6.679599185844383,8.057060681965766,8.835937789319836
1,40.0,1,235.0,0,6,0,0,0,1,0,0,1,0,1,0,0,0,0,0.0,0.0,0.0,0.0,0.0,0.0
0,32.0,0,235.0,0,6,0,1,0,1,0,0,1,0,1,0,0,0,0,0.0,5.099866427824199,0.0,8.847072312567807,3.9318256327243257,8.877242435993919
0,54.0,0,239.0,0,1,1,1,0,1,0,0,0,1,0,0,0,0,0,0.0,5.75890177387728,0.6931471805599453,7.620214770574455,5.963579343618446,7.917171988845776
1,30.0,1,1175.0,1,1,1,0,0,0,0,0,1,0,0,0,0,0,1,0.0,0.0,0.0,0.0,0.0,0.0
0,37.0,0,77.0,0,1,1,1,0,1,0,0,0,0,0,0,0,0,0,0.0,7.22983877815125,4.875197323201151,7.305860032684009,4.330733340286331,8.030409562130485
0,20.0,0,481.0,1,1,1,1,0,0,1,0,1,0,0,0,1,0,0,8.068402958569699,0.0,5.356586274672012,3.091042453358316,4.770684624465665,8.172164452111904
0,22.0,0,1497.0,0,1,1,1,0,0,1,0,1,0,0,0,0,1,0,6.60934924316738,0.0,6.9363427358340495,0.0,0.0,7.478734825567875
0,57.0,0,1391.0,1,1,1,1,0,0,0,1,0,0,0,0,0,1,0,0.0,0.6931471805599453,0.0,6.499787040655854,2.995732273553991,6.529418838262226
1,34.0,1,1177.0,1,1,1,0,0,0,0,0,1,0,0,0,0,0,1,0.0,0.0,0.0,0.0,0.0,0.0
0,51.0,0,240.0,0,1,1,1,0,1,0,0,1,1,0,0,0,0,0,0.0,6.8885724595653635,5.6131281063880705,7.9287663216266955,6.040254711277414,8.400209835930418
1,47.0,0,465.0,0,1,1,0,0,0,1,0,1,0,0,0,1,0,0,0.0,0.0,0.0,0.0,0.0,0.0
0,22.0,0,1163.0,0,1,1,1,0,0,0,0,1,0,0,0,0,0,1,6.386879319362645,3.5553480614894135,0.0,0.0,0.0,6.4425401664681985
0,36.0,0,241.0,0,1,1,1,0,1,0,0,1,1,0,0,0,0,0,0.0,7.382124365737512,6.238324625039508,4.499809670330265,7.7057128238944275,8.395477432732141
1,16.0,1,933.5,1,1,1,0,0,0,0,0,1,0,0,0,0,1,0,0.0,0.0,0.0,0.0,0.0,0.0
0,60.0,0,1499.0,0,1,1,1,0,0,1,0,1,0,0,0,0,1,0,5.198497031265826,0.0,6.028278520230698,7.074963197966044,0.0,7.4821189235521155
0,39.0,1,1392.0,1,2,0,1,0,0,1,0,1,0,0,0,0,1,0,5.288267030694535,0.0,7.784057002639929,0.0,0.0,7.8628820346414905
0,18.0,1,1392.0,1,2,0,1,0,0,1,0,1,0,0,0,0,1,0,3.912023005428146,0.0,7.9676267393338165,0.6931471805599453,0.0,7.984803389734406
1,30.0,1,273.0,1,1,1,0,0,1,0,0,0,1,0,0,0,0,0,0.0,0.0,0.0,0.0,0.0,0.0
0,45.0,0,1395.0,1,1,1,1,0,0,1,0,1,0,0,0,0,1,0,7.485491608030754,0.0,2.8903717578961645,0.0,3.1780538303479458,7.507690077819904
0,30.0,0,1396.0,1,1,1,1,0,0,0,0,1,0,0,0,0,1,0,0.0,0.0,0.0,0.0,7.048386408721883,7.048386408721883
0,21.0,0,482.0,1,2,0,1,0,0,1,0,1,0,0,0,1,0,0,6.953684210870537,0.6931471805599453,0.0,0.6931471805599453,0.0,6.955592608396297
0,0.0,1,1397.0,1,2,0,0,1,0,1,0,1,0,0,0,0,1,0,0.0,0.0,0.0,0.0,0.0,0.0
0,51.0,1,1501.0,0,1,1,1,0,0,1,0,0,0,0,0,0,1,0,3.713572066704308,6.57507584059962,7.553810852008231,0.0,0.0,7.88758403166028
0,22.0,0,466.0,0,1,1,1,0,0,1,0,1,0,0,0,1,0,0,4.61512051684126,0.0,6.957497370876951,0.0,3.1780538303479458,7.068172000388042
0,26.0,1,225.0,0,1,1,1,0,1,0,0,1,0,0,1,0,0,0,0.0,6.799055862058796,0.0,6.53813982376767,0.6931471805599453,7.370230641807081
0,10.0,0,1166.0,0,1,1,0,1,0,0,0,1,0,0,0,0,0,1,0.0,0.0,0.0,0.0,0.0,0.0
0,21.0,0,484.0,1,1,1,1,0,0,0,0,1,0,0,0,1,0,0,3.7612001156935624,6.408528791059498,0.6931471805599453,3.6635616461296463,4.61512051684126,6.669498089857879
1,14.0,1,1167.0,0,2,0,0,1,0,0,0,0,0,0,0,0,0,1,0.0,0.0,0.0,0.0,0.0,0.0
0,27.0,0,467.0,0,2,0,1,0,0,0,0,1,0,0,0,1,0,0,0.0,0.6931471805599453,2.5649493574615367,0.0,6.659293919683638,6.675823221634848
0,43.0,1,1502.0,0,1,1,1,0,0,0,0,1,0,0,0,0,1,0,6.161207321695077,7.237778191923443,0.0,0.0,0.0,7.530479995245536
0,22.0,1,1503.0,0,1,1,1,0,0,0,1,0,0,0,0,0,1,0,3.367295829986474,5.272999558563747,1.0986122886681096,0.0,5.916202062607435,6.38856140554563
0,22.0,0,1398.0,1,1,1,1,0,0,0,0,1,0,0,0,0,1,0,5.996452088619021,0.0,5.2832037287379885,0.0,4.844187086458591,6.584791392385716
1,23.0,1,1168.0,0,1,1,0,0,0,0,1,0,0,0,0,0,0,1,0.0,0.0,0.0,0.0,0.0,0.0
1,25.0,1,265.0,1,2,0,0,0,1,0,0,1,0,1,0,0,0,0,0.0,0.0,0.0,0.0,0.0,0.0
0,35.0,1,265.0,1,2,0,0,0,1,0,0,1,0,1,0,0,0,0,0.0,0.0,0.0,0.0,0.0,0.0
0,30.0,0,468.0,0,1,1,1,0,0,0,0,1,0,0,0,1,0,0,0.0,0.0,0.0,3.332204510175204,6.639875833826536,6.674561391814426
1,37.0,1,1170.0,0,1,1,0,0,0,0,0,1,0,0,0,0,0,1,0.0,0.0,0.0,0.0,0.0,0.0
0,21.0,0,1171.0,0,1,1,1,0,0,0,0,0,0,0,0,0,0,1,4.127134385045092,5.308267697401205,5.407171771460119,5.087596335232384,4.110873864173311,6.559615237493242
0,36.0,1,1183.0,1,1,1,1,0,0,0,0,0,0,0,0,0,0,1,5.337538079701318,0.0,6.111467339502679,4.553876891600541,0.0,6.62273632394984
0,13.0,0,1506.0,0,1,1,1,1,0,0,0,1,0,0,0,0,1,0,5.723585101952381,6.368187186350492,2.5649493574615367,2.995732273553991,0.0,6.823286122355687
0,22.0,0,1507.0,0,1,1,1,0,0,0,0,0,0,0,0,0,1,0,0.0,6.466144724237619,0.0,3.970291913552122,0.0,6.543911845564792
1,36.0,1,1184.0,1,1,1,0,0,0,0,0,1,0,0,0,0,0,1,0.0,0.0,0.0,0.0,0.0,0.0
0,17.0,1,485.0,1,1,1,1,0,0,0,0,1,0,0,0,1,0,0,0.0,5.241747015059643,6.679599185844383,0.0,0.0,6.891625897052253
1,38.0,1,236.0,0,1,1,0,0,1,0,0,0,0,1,0,0,0,0,0.0,0.0,0.0,0.0,0.0,0.0
0,34.0,0,1508.0,0,1,1,1,0,0,1,0,1,0,0,0,0,1,0,8.692825760059396,0.0,1.3862943611198906,0.0,0.0,8.693328989123106
0,20.0,1,1509.0,0,1,1,0,0,0,1,0,1,0,0,0,0,1,0,0.0,0.0,0.0,0.0,0.0,0.0
0,17.0,0,1174.0,0,1,1,1,0,0,0,0,1,0,0,0,0,0,1,0.0,6.473890696352274,3.912023005428146,4.31748811353631,0.0,6.647688373563329
1,36.0,1,1185.0,1,1,1,0,0,0,0,1,0,0,0,0,0,0,1,0.0,0.0,0.0,0.0,0.0,0.0
0,52.0,1,78.0,0,1,1,1,0,1,0,0,0,0,0,0,0,0,0,5.8888779583328805,7.181591944611865,2.1972245773362196,6.464588303689961,4.204692619390966,7.779048644925556
1,32.0,1,227.0,0,5,0,0,0,1,0,0,0,0,0,1,0,0,0,0.0,0.0,0.0,0.0,0.0,0.0
1,35.0,1,227.0,0,5,0,0,0,1,0,0,0,0,0,1,0,0,0,0.0,0.0,0.0,0.0,0.0,0.0
1,27.0,1,227.0,0,5,0,0,0,1,0,0,0,0,0,1,0,0,0,0.0,0.0,0.0,0.0,0.0,0.0
0,36.0,0,227.0,0,5,0,1,0,1,0,0,1,0,0,1,0,0,0,4.430816798843313,7.079184394609668,0.0,7.6783263565068856,6.602587892189336,8.334711621820917
0,36.0,0,227.0,0,5,0,1,0,1,0,0,1,0,0,1,0,0,0,3.4657359027997265,8.184792654165078,3.4657359027997265,7.244941546337007,0.0,8.52674740422105
0,21.0,0,220.0,1,1,1,1,0,0,1,0,0,0,0,1,0,0,0,0.0,0.0,0.0,0.6931471805599453,5.937536205082426,5.940171252720432
0,33.0,0,228.0,0,1,1,1,0,0,1,0,1,0,0,1,0,0,0,6.4425401664681985,0.0,5.147494476813453,5.541263545158426,4.875197323201151,7.075808863978387
0,40.0,0,1188.0,1,1,1,1,0,0,0,0,1,0,0,0,0,0,1,6.520621127558696,0.0,5.438079308923196,0.0,0.0,6.811244378601294
0,24.0,1,1510.0,0,1,1,1,0,0,0,0,1,0,0,0,0,1,0,5.225746673713202,0.0,6.171700597410915,3.4011973816621555,0.0,6.541029999189903
0,35.0,1,1189.0,1,1,1,1,0,0,0,0,1,0,0,0,0,0,1,0.0,0.0,6.786716950605081,0.0,0.0,6.786716950605081
1,29.0,1,1511.0,0,1,1,0,0,0,1,0,1,0,0,0,0,1,0,0.0,0.0,0.0,0.0,0.0,0.0
0,33.0,0,486.0,1,1,1,1,0,0,1,0,1,0,0,0,1,0,0,6.591673732008658,0.0,5.655991810819852,0.0,0.0,6.921658184151129
0,51.0,0,487.0,1,1,1,1,0,0,0,0,1,0,0,0,1,0,0,1.3862943611198906,3.5263605246161616,2.5649493574615367,3.6635616461296463,6.799055862058796,6.890609120147166
1,10.0,1,1512.0,0,1,1,0,1,0,1,0,1,0,0,0,0,1,0,0.0,0.0,0.0,0.0,0.0,0.0
1,41.0,1,1190.0,1,1,1,0,0,0,0,0,1,0,0,0,0,0,1,0.0,0.0,0.0,0.0,0.0,0.0
0,26.0,1,471.0,0,1,1,1,0,0,0,0,0,0,0,0,1,0,0,0.6931471805599453,0.0,0.0,0.0,6.577861357721047,6.579251212010101
0,39.0,0,1405.0,1,1,1,1,0,0,0,0,1,0,0,0,0,1,0,2.995732273553991,4.634728988229636,0.0,6.520621127558696,0.0,6.684611727667927
0,14.0,0,1513.0,0,1,1,1,1,0,1,0,1,0,0,0,0,1,0,6.6052979209482015,1.791759469228055,5.697093486505405,0.0,0.0,6.947937068614969
0,28.0,0,229.0,0,1,1,1,0,0,1,0,1,0,0,1,0,0,0,6.966024187106113,0.0,1.9459101490553132,4.770684624465665,0.0,7.075808863978387
0,18.0,0,1514.0,0,1,1,1,0,0,0,0,1,0,0,0,0,1,0,0.0,6.856461984594587,0.0,0.0,0.0,6.856461984594587
0,41.0,0,231.0,0,1,1,1,0,0,1,0,1,0,0,1,0,0,0,7.9211727215870145,5.988961416889864,3.091042453358316,0.0,0.0,8.062747901086354
0,33.0,1,237.0,0,1,1,0,0,1,0,0,1,0,1,0,0,0,0,0.0,0.0,0.0,0.0,0.0,0.0
0,26.0,0,1517.0,0,1,1,1,0,0,0,0,1,0,0,0,0,1,0,6.703188113240863,0.0,3.4011973816621555,2.833213344056216,5.204006687076795,6.947937068614969
1,31.0,1,1518.0,0,1,1,0,0,0,1,0,1,0,0,0,0,1,0,0.0,0.0,0.0,0.0,0.0,0.0
0,63.0,0,1408.0,1,1,1,1,0,0,0,0,1,0,0,0,0,1,0,0.0,0.0,6.052089168924417,0.0,7.614805364711073,7.804659297056102
0,30.0,0,1409.0,1,1,1,1,0,0,0,0,1,0,0,0,0,1,0,0.0,0.0,6.306275286948016,0.0,6.049733455231958,6.878326468291325
0,27.0,1,238.0,0,1,1,1,0,1,0,0,1,0,1,0,0,0,0,2.772588722239781,7.967973179662935,0.0,5.521460917862246,4.276666119016055,8.07775756373692
0,47.0,0,1519.0,0,1,1,1,0,0,0,0,1,0,0,0,0,1,0,7.978310969867722,0.0,2.70805020110221,4.1588830833596715,0.0,8.004365564979574
0,37.0,1,1520.0,0,1,1,1,0,0,1,0,1,0,0,0,0,1,0,7.254177846456518,0.0,6.371611847231857,1.3862943611198906,0.0,7.601402334583733
0,14.0,0,1410.0,1,1,1,1,1,0,0,0,1,0,0,0,0,1,0,5.991464547107982,3.1354942159291497,6.129050210060545,6.2285110035911835,5.236441962829949,7.360739903058278
0,27.0,0,268.0,1,1,1,1,0,0,0,0,1,0,1,0,0,0,0,0.0,4.1588830833596715,2.1972245773362196,4.867534450455582,7.993282328101591,8.058643712215618
0,61.0,0,232.0,0,1,1,1,0,0,1,0,1,0,0,1,0,0,0,7.445417556701687,0.0,0.0,0.0,2.1972245773362196,7.450079569807499
0,39.0,0,488.0,1,1,1,1,0,0,0,0,1,0,0,0,1,0,0,1.0986122886681096,0.0,0.0,1.0986122886681096,6.669498089857879,6.674561391814426
0,22.0,0,490.0,1,1,1,1,0,0,0,0,1,0,0,0,1,0,0,0.0,0.0,6.669498089857879,0.6931471805599453,0.0,6.670766320845874
0,30.0,0,1411.0,1,2,0,1,0,0,0,0,1,0,0,0,0,1,0,1.0986122886681096,0.0,1.791759469228055,0.6931471805599453,6.870053411798126,6.878326468291325
0,26.0,0,1411.0,1,2,0,1,0,0,0,0,1,0,0,0,0,1,0,0.0,0.0,6.805722553416985,0.0,0.0,6.805722553416985
0,25.0,0,89.0,1,1,1,1,0,1,0,0,1,0,0,0,0,0,0,0.0,4.7535901911063645,0.0,7.508787170634276,8.304494897963567,8.696175846944678
0,42.0,0,233.0,0,1,1,1,0,0,1,0,1,0,0,1,0,0,0,7.1846291527173145,0.0,7.234898420314831,0.0,0.0,7.902857191280582
0,33.0,0,474.0,0,1,1,1,0,1,0,0,1,0,0,0,1,0,0,0.0,7.653494909661253,0.0,9.65419251248905,6.161207321695077,9.807362040438745
0,60.0,0,475.0,0,1,1,1,0,1,0,0,1,0,0,0,1,0,0,0.0,5.730099782973575,0.0,6.184148890937483,7.584773077612199,7.922623574217286
1,16.0,1,1191.0,1,1,1,0,0,0,0,0,0,0,0,0,0,0,1,0.0,0.0,0.0,0.0,0.0,0.0
0,50.0,1,1178.0,0,1,1,1,0,0,0,0,1,0,0,0,0,0,1,0.0,5.225746673713202,0.0,0.6931471805599453,6.326149473155099,6.61338421837956
0,22.0,0,1412.0,1,1,1,1,0,0,0,0,1,0,0,0,0,1,0,0.0,0.0,0.6931471805599453,4.564348191467836,6.406879986069314,6.553933404025811
0,15.0,0,1413.0,1,1,1,1,0,0,0,1,0,0,0,0,0,1,0,0.0,0.0,2.302585092994046,0.0,6.859614903654202,6.8690144506657065
0,27.0,0,476.0,0,1,1,0,0,0,1,0,1,0,0,0,1,0,0,0.0,0.0,0.0,0.0,0.0,0.0
0,58.0,0,1179.0,0,1,1,1,0,0,0,0,0,0,0,0,0,0,1,0.0,6.077642243349034,1.0986122886681096,0.0,5.480638923341991,6.517671272912275
1,48.0,1,1192.0,1,1,1,0,0,0,0,0,1,0,0,0,0,0,1,0.0,0.0,0.0,0.0,0.0,0.0
1,36.0,1,221.0,1,1,1,0,0,1,0,0,0,0,0,1,0,0,0,0.0,0.0,0.0,0.0,0.0,0.0
0,60.0,0,269.0,1,3,0,1,0,1,0,0,1,0,1,0,0,0,0,0.0,8.142063283104147,0.0,8.605020901781758,2.3978952727983707,9.094255892955381
1,46.0,1,269.0,1,3,0,0,0,1,0,0,1,0,1,0,0,0,0,0.0,0.0,0.0,0.0,0.0,0.0
0,58.0,1,933.5,1,3,0,1,0,1,0,0,1,0,0,0,0,1,0,0.0,7.234898420314831,1.0986122886681096,4.859812404361672,7.8547691834991324,8.317277766221235
1,40.0,0,1181.0,0,2,0,0,0,0,0,0,1,0,0,0,0,0,1,0.0,0.0,0.0,0.0,0.0,0.0
1,3.0,1,1181.0,0,2,0,0,1,0,0,0,1,0,0,0,0,0,1,0.0,0.0,0.0,0.0,0.0,0.0
0,23.0,0,1522.0,0,1,1,1,0,0,0,0,0,0,0,0,0,1,0,1.3862943611198906,0.0,1.0986122886681096,4.127134385045092,6.453624998892692,6.55250788703459
0,21.0,1,492.0,1,1,1,1,0,0,0,1,0,0,0,0,1,0,0,0.0,6.075346031088684,0.0,4.330733340286331,4.912654885736052,6.4692503167957724
1,29.0,1,1194.0,1,1,1,0,0,0,0,0,0,0,0,0,0,0,1,0.0,0.0,0.0,0.0,0.0,0.0
1,23.0,1,239.0,0,2,0,0,0,1,0,0,0,0,1,0,0,0,0,0.0,0.0,0.0,0.0,0.0,0.0
1,41.0,1,239.0,0,2,0,0,0,1,0,0,0,0,1,0,0,0,0,0.0,0.0,0.0,0.0,0.0,0.0
0,20.0,0,1183.0,0,1,1,1,0,0,0,0,1,0,0,0,0,0,1,0.0,6.688354713946762,0.0,2.833213344056216,0.0,6.70808408385307
0,24.0,0,1184.0,0,1,1,1,0,0,0,0,1,0,0,0,0,0,1,6.71174039505618,0.0,0.0,4.23410650459726,0.0,6.7912214627261855
0,21.0,0,234.0,0,2,0,1,0,0,1,0,1,0,0,1,0,0,0,7.867871490396322,0.0,4.6443908991413725,1.6094379124341003,0.0,7.908019444632471
0,55.0,0,1523.0,0,2,0,1,0,0,1,0,1,0,0,0,0,1,0,7.1204443723924875,0.0,3.970291913552122,0.0,0.0,7.161622002939187
0,21.0,0,1525.0,0,1,1,1,0,0,0,0,1,0,0,0,0,1,0,0.0,4.2626798770413155,1.0986122886681096,0.0,6.18826412308259,6.326149473155099
1,42.0,1,1185.0,0,1,1,0,0,0,0,0,0,0,0,0,0,0,1,0.0,0.0,0.0,0.0,0.0,0.0
0,40.0,0,1526.0,0,1,1,1,0,0,0,0,1,0,0,0,0,1,0,1.0986122886681096,4.997212273764115,0.0,7.4360278163518485,7.045776576879511,8.003697339094368
1,30.0,1,1527.0,0,1,1,0,0,0,1,0,1,0,0,0,0,1,0,0.0,0.0,0.0,0.0,0.0,0.0
1,26.0,1,477.0,0,1,1,0,0,1,0,0,1,0,0,0,1,0,0,0.0,0.0,0.0,0.0,0.0,0.0
1,43.0,0,1186.0,0,1,1,0,0,0,0,1,0,0,0,0,0,0,1,0.0,0.0,0.0,0.0,0.0,0.0
0,20.0,0,1416.0,1,1,1,1,0,0,0,0,1,0,0,0,0,1,0,2.302585092994046,0.0,7.340186835320115,0.0,0.0,7.346010209913293
0,19.0,0,1417.0,1,1,1,1,0,0,0,1,0,0,0,0,0,1,0,3.713572066704308,0.0,4.356708826689592,6.35088571671474,0.0,6.536691597591305
0,40.0,1,240.0,0,1,1,1,0,1,0,0,1,0,1,0,0,0,0,0.0,8.163086375583216,6.635946555686647,2.5649493574615367,3.4965075614664802,8.369620826949102
1,17.0,1,1198.0,1,1,1,0,0,0,0,1,0,0,0,0,0,0,1,0.0,0.0,0.0,0.0,0.0,0.0
0,62.0,0,1190.0,0,1,1,1,0,0,0,0,1,0,0,0,0,0,1,5.484796933490655,0.0,0.0,6.375024819828097,2.3978952727983707,6.729824070489475
1,32.0,0,1191.0,0,1,1,0,0,0,0,0,1,0,0,0,0,0,1,0.0,0.0,0.0,0.0,0.0,0.0
1,37.0,0,1192.0,0,1,1,0,0,0,0,0,1,0,0,0,0,0,1,0.0,0.0,0.0,0.0,0.0,0.0
0,40.0,0,478.0,0,1,1,1,0,0,0,0,1,0,0,0,1,0,0,0.0,0.0,0.0,2.0794415416798357,6.663132695990803,6.672032945461067
0,25.0,0,1193.0,0,1,1,1,0,0,0,0,0,0,0,0,0,0,1,0.0,6.483107351457199,3.091042453358316,0.0,0.0,6.51471269087253
1,17.0,1,277.0,1,4,0,0,0,1,0,0,0,1,0,0,0,0,0,0.0,0.0,0.0,0.0,0.0,0.0
1,46.0,1,277.0,1,4,0,0,0,1,0,0,1,1,0,0,0,0,0,0.0,0.0,0.0,0.0,0.0,0.0
0,38.0,0,277.0,1,4,0,1,0,1,0,0,1,1,0,0,0,0,0,1.6094379124341003,8.695339376799712,0.0,8.211482916445066,5.288267030694535,9.196038587265322
0,43.0,0,277.0,1,4,0,1,0,1,0,0,0,1,0,0,0,0,0,0.0,6.18826412308259,0.0,0.0,7.81237820598861,7.9919305198524775
0,28.0,1,271.0,1,3,0,1,0,1,0,0,0,0,1,0,0,0,0,1.9459101490553132,8.129469764784231,8.280204233279974,6.895682697747868,0.0,9.027618735160889
1,31.0,1,271.0,1,3,0,0,0,1,0,0,1,0,1,0,0,0,0,0.0,0.0,0.0,0.0,0.0,0.0
1,35.0,1,271.0,1,3,0,0,0,1,0,1,0,0,1,0,0,0,0,0.0,0.0,0.0,0.0,0.0,0.0
0,19.0,1,1531.0,0,1,1,1,0,0,0,0,1,0,0,0,0,1,0,4.663439094112067,5.605802066295998,0.6931471805599453,5.934894195619588,2.8903717578961645,6.648984550024776
0,24.0,0,1418.0,1,1,1,1,0,0,0,0,1,0,0,0,0,1,0,0.0,0.0,5.384495062789089,0.0,6.300785794663244,6.635946555686647
0,20.0,0,479.0,0,1,1,0,0,0,1,0,0,0,0,0,1,0,0,0.0,0.0,0.0,0.0,0.0,0.0
0,16.0,1,272.0,1,2,0,1,0,1,0,0,1,0,1,0,0,0,0,0.0,7.257002707092073,1.3862943611198906,3.332204510175204,5.231108616854587,7.3987862754199485
1,45.0,1,272.0,1,2,0,0,0,1,0,0,0,0,1,0,0,0,0,0.0,0.0,0.0,0.0,0.0,0.0
0,19.0,0,1194.0,0,1,1,1,0,0,0,0,1,0,0,0,0,0,1,5.68697535633982,4.382026634673881,6.285998094508865,0.0,0.0,6.813444599510896
0,23.0,1,1419.0,1,1,1,1,0,0,0,0,1,0,0,0,0,1,0,0.0,6.993932975223189,5.7430031878094825,0.0,0.0,7.244941546337007
0,19.0,0,1195.0,0,1,1,1,0,0,0,0,1,0,0,0,0,0,1,0.0,4.3694478524670215,6.687108607866515,0.0,2.0794415416798357,6.787844982309579
0,32.0,0,1420.0,1,1,1,1,0,0,1,0,1,0,0,0,0,1,0,5.267858159063328,0.0,7.018401799069201,0.0,0.0,7.177782416195197
0,41.0,1,1201.0,1,1,1,1,0,0,0,0,1,0,0,0,0,0,1,4.454347296253507,6.690842277418564,0.0,0.0,0.0,6.7912214627261855
0,30.0,0,1533.0,0,1,1,1,0,0,0,0,1,0,0,0,0,1,0,7.01301578963963,0.0,6.0867747269123065,1.791759469228055,0.0,7.349230824613334
0,41.0,0,278.0,1,1,1,1,0,1,0,0,0,1,0,0,0,0,0,0.0,9.215327913487222,5.3706380281276624,8.573195381531523,7.520776415062797,9.76399557371753
0,7.0,1,1534.0,0,1,1,0,1,0,1,0,1,0,0,0,0,1,0,0.0,0.0,0.0,0.0,0.0,0.0
0,39.0,1,1197.0,0,2,0,1,0,0,0,0,1,0,0,0,0,0,1,0.6931471805599453,6.775366090936392,0.0,1.9459101490553132,0.0,6.78332520060396
0,47.0,1,1535.0,0,2,0,1,0,0,0,0,1,0,0,0,0,1,0,0.0,4.127134385045092,6.692083742506628,0.0,1.9459101490553132,6.771935555839602
0,21.0,0,1204.0,1,1,1,1,0,0,0,0,1,0,0,0,0,0,1,6.311734809152915,0.0,4.127134385045092,1.6094379124341003,1.791759469228055,6.431331081933479
1,29.0,1,1200.0,0,2,0,0,0,0,0,0,1,0,0,0,0,0,1,0.0,0.0,0.0,0.0,0.0,0.0
0,19.0,0,1200.0,0,2,0,1,0,0,0,0,1,0,0,0,0,0,1,6.779921907472252,0.0,0.0,2.3978952727983707,0.0,6.7912214627261855
0,50.0,1,1423.0,1,1,1,0,0,0,1,0,1,0,0,0,0,1,0,0.0,0.0,0.0,0.0,0.0,0.0
0,28.0,0,79.0,0,1,1,1,0,1,0,0,1,0,0,0,0,0,0,0.0,4.890349128221754,1.6094379124341003,7.557994958530806,0.0,7.62657020629066
0,38.0,0,933.5,1,1,1,1,0,0,1,0,1,0,0,0,0,1,0,7.027314514039777,0.0,3.1780538303479458,3.5553480614894135,0.0,7.076653815443951
0,24.0,0,1205.0,1,1,1,1,0,0,0,1,0,0,0,0,0,0,1,6.309918278226516,1.3862943611198906,5.308267697401205,0.0,0.0,6.625392368007956
0,31.0,0,90.0,1,1,1,1,0,1,0,0,0,0,0,0,0,0,0,0.0,7.991253929840198,0.0,5.14166355650266,6.6293632534374485,8.263848131368906
1,38.0,1,481.0,0,1,1,0,0,1,0,0,1,0,0,0,1,0,0,0.0,0.0,0.0,0.0,0.0,0.0
1,26.0,1,244.0,0,1,1,0,0,1,0,0,0,1,0,0,0,0,0,0.0,0.0,0.0,0.0,0.0,0.0
0,28.0,0,1202.0,0,1,1,0,0,0,0,0,1,0,0,0,0,0,1,0.0,0.0,0.0,0.0,0.0,0.0
1,45.0,1,279.0,1,3,0,0,0,1,0,0,0,1,0,0,0,0,0,0.0,0.0,0.0,0.0,0.0,0.0
1,47.0,1,279.0,1,3,0,0,0,1,0,0,1,1,0,0,0,0,0,0.0,0.0,0.0,0.0,0.0,0.0
1,60.0,1,279.0,1,3,0,0,0,1,0,0,1,1,0,0,0,0,0,0.0,0.0,0.0,0.0,0.0,0.0
0,42.0,1,483.0,0,1,1,1,0,0,0,0,0,0,0,0,1,0,0,0.0,5.634789603169249,3.4339872044851463,6.016157159698354,0.0,6.577861357721047
0,43.0,0,495.0,1,2,0,1,0,0,0,0,1,0,0,0,1,0,0,3.044522437723423,0.0,6.588926477533519,0.0,0.0,6.616065185132817
1,17.0,0,933.5,1,2,0,0,0,0,0,1,0,0,0,0,0,1,0,0.0,0.0,0.0,0.0,0.0,0.0
1,17.0,0,1203.0,0,1,1,0,0,0,0,0,1,0,0,0,0,0,1,0.0,0.0,0.0,0.0,0.0,0.0
1,20.0,0,1208.0,1,1,1,0,0,0,0,0,1,0,0,0,0,0,1,0.0,0.0,0.0,0.0,0.0,0.0
0,18.0,0,1204.0,0,1,1,1,0,0,0,0,1,0,0,0,0,0,1,6.8679744089702925,6.511745329644728,0.0,0.0,5.1298987149230735,7.496097345175956
0,24.0,0,1539.0,0,1,1,1,0,0,1,0,1,0,0,0,0,1,0,0.0,0.0,5.703782474656201,6.703188113240863,0.0,7.01571242048723
0,25.0,0,1540.0,0,1,1,1,0,0,0,0,0,0,0,0,0,1,0,5.501258210544727,0.0,3.713572066704308,5.68697535633982,4.8283137373023015,6.555356891810665
0,20.0,0,1541.0,0,1,1,1,0,0,0,1,0,0,0,0,0,1,0,4.795790545596741,5.7745515455444085,0.0,6.838405200847344,5.170483995038151,7.3453648404168685
0,23.0,0,1205.0,0,1,1,1,0,0,0,0,1,0,0,0,0,0,1,6.234410725718371,0.0,5.267858159063328,0.0,1.0986122886681096,6.558197802812269
1,48.0,1,281.0,1,3,0,0,0,1,0,0,1,1,0,0,0,0,0,0.0,0.0,0.0,0.0,0.0,0.0
0,26.0,1,281.0,1,3,0,1,0,1,0,0,0,1,0,0,0,0,0,5.659482215759621,8.127995055771946,6.3561076606958915,5.365976015021851,6.3080984415095305,8.51919119407891
1,36.0,1,281.0,1,3,0,0,0,1,0,0,0,1,0,0,0,0,0,0.0,0.0,0.0,0.0,0.0,0.0
1,27.0,1,275.0,1,1,1,0,0,1,0,0,0,0,1,0,0,0,0,0.0,0.0,0.0,0.0,0.0,0.0
0,41.0,1,80.0,0,1,1,1,0,1,0,0,0,0,0,0,0,0,0,0.0,7.388327859577107,0.0,6.6320017773956295,5.993961427306569,7.928406026180535
1,21.0,1,1210.0,1,1,1,0,0,0,0,0,1,0,0,0,0,0,1,0.0,0.0,0.0,0.0,0.0,0.0
0,71.0,0,496.0,1,1,1,1,0,0,1,0,1,0,0,0,1,0,0,7.126087273299125,0.0,1.791759469228055,2.833213344056216,3.5553480614894135,7.1693500166706
1,64.0,0,1211.0,1,1,1,0,0,0,0,0,1,0,0,0,0,0,1,0.0,0.0,0.0,0.0,0.0,0.0
0,33.0,0,282.0,1,1,1,1,0,1,0,0,1,1,0,0,0,0,0,0.0,5.986452005284438,0.0,7.1308988302963465,6.740519359606223,7.820840879907344
0,24.0,1,1543.0,0,1,1,1,0,0,0,0,0,0,0,0,0,1,0,6.668228248417403,0.0,0.0,5.736572297479192,0.0,6.999422467507961
1,35.0,1,223.0,1,1,1,0,0,1,0,0,1,0,0,1,0,0,0,0.0,0.0,0.0,0.0,0.0,0.0
1,13.0,1,1206.0,0,1,1,0,1,0,0,1,0,0,0,0,0,0,1,0.0,0.0,0.0,0.0,0.0,0.0
1,11.0,1,1207.0,0,1,1,0,1,0,0,0,1,0,0,0,0,0,1,0.0,0.0,0.0,0.0,0.0,0.0
1,27.0,1,1426.0,1,1,1,0,0,0,1,0,1,0,0,0,0,1,0,0.0,0.0,0.0,0.0,0.0,0.0
1,43.0,1,1545.0,0,2,0,0,0,0,1,0,1,0,0,0,0,1,0,0.0,0.0,0.0,0.0,0.0,0.0
1,36.0,1,1545.0,0,2,0,0,0,0,1,0,1,0,0,0,0,1,0,0.0,0.0,0.0,0.0,0.0,0.0
0,22.0,0,1546.0,0,1,1,1,0,0,0,1,0,0,0,0,0,1,0,3.332204510175204,0.0,0.0,6.498282149476434,0.0,6.53813982376767
0,56.0,1,276.0,1,1,1,1,0,1,0,0,1,0,1,0,0,0,0,0.0,8.65032450401942,0.0,0.0,3.9318256327243257,8.659039915644474
1,34.0,1,1429.0,1,1,1,0,0,0,1,0,1,0,0,0,0,1,0,0.0,0.0,0.0,0.0,0.0,0.0
0,46.0,0,1215.0,1,1,1,1,0,0,0,0,1,0,0,0,0,0,1,0.0,0.0,0.6931471805599453,0.0,7.483806687665835,7.484368643286131
0,43.0,1,485.0,0,1,1,1,0,0,1,1,0,0,0,0,1,0,0,5.501258210544727,0.0,5.883322388488279,5.081404364984463,6.68586094706836,7.354362330421477
0,25.0,1,1209.0,0,1,1,1,0,0,0,0,0,0,0,0,0,0,1,0.0,7.269616749608169,0.0,0.0,0.0,7.269616749608169
0,26.0,0,933.5,1,1,1,1,0,1,0,0,1,0,0,0,0,1,0,3.6109179126442243,7.734558844354756,0.0,7.7354333524996886,5.075173815233827,8.469682208745185
0,14.0,0,1210.0,0,1,1,1,1,0,0,0,0,0,0,0,0,0,1,0.0,5.220355825078325,2.833213344056216,7.118826249062078,0.0,7.268920128193722
0,63.0,1,1216.0,1,1,1,1,0,0,0,0,1,0,0,0,0,0,1,5.1647859739235145,5.645446897643238,5.7745515455444085,2.1972245773362196,0.0,6.666956792429207
0,29.0,0,486.0,0,2,0,1,0,0,1,0,1,0,0,0,1,0,0,6.326149473155099,0.0,5.958424693029782,5.87493073085203,0.0,7.170119543449628
1,45.0,1,486.0,0,2,0,0,0,0,1,1,0,0,0,0,1,0,0,0.0,0.0,0.0,0.0,0.0,0.0
1,15.0,1,1217.0,1,1,1,0,0,0,0,0,1,0,0,0,0,0,1,0.0,0.0,0.0,0.0,0.0,0.0
0,19.0,1,224.0,1,1,1,1,0,0,1,0,1,0,0,1,0,0,0,5.267858159063328,0.0,7.9919305198524775,0.0,0.0,8.055157731819678
0,53.0,0,487.0,0,1,1,1,0,0,0,0,1,0,0,0,1,0,0,1.0986122886681096,6.678342114654332,6.054439346269371,0.0,5.986452005284438,7.389563953677635
0,45.0,0,1431.0,1,1,1,1,0,0,1,0,1,0,0,0,0,1,0,1.0986122886681096,3.6109179126442243,7.01301578963963,2.302585092994046,0.0,7.05444965813294
0,41.0,1,278.0,1,1,1,1,0,1,0,0,0,0,1,0,0,0,0,0.0,7.776535028185241,0.0,1.0986122886681096,4.584967478670572,7.817222785508166
0,68.0,0,1550.0,0,3,0,1,0,0,1,0,1,0,0,0,0,1,0,6.261491684321042,0.0,6.756932389247553,5.308267697401205,6.663132695990803,7.768956044538332
1,5.0,1,1550.0,0,3,0,0,1,0,1,0,1,0,0,0,0,1,0,0.0,0.0,0.0,0.0,0.0,0.0
0,27.0,1,1550.0,0,3,0,1,0,0,1,0,1,0,0,0,0,1,0,3.4339872044851463,0.0,6.814542897259958,0.0,0.0,6.846943139585379
0,20.0,1,1551.0,0,1,1,1,0,0,0,0,0,0,0,0,0,1,0,3.4339872044851463,4.890349128221754,7.022868086082641,0.0,0.0,7.157735484249907
0,54.0,0,1432.0,1,1,1,1,0,0,0,0,1,0,0,0,0,1,0,7.479299637782834,2.0794415416798357,5.43372200355424,0.0,0.0,7.603897968521881
0,18.0,0,1433.0,1,1,1,1,0,0,0,0,1,0,0,0,0,1,0,0.0,0.0,0.0,6.184148890937483,5.771441123130016,6.690842277418564
0,45.0,1,241.0,0,1,1,1,0,1,0,0,0,0,1,0,0,0,0,4.204692619390966,8.695339376799712,0.0,0.0,6.439350371100098,8.804775258867686
1,26.0,1,283.0,1,2,0,0,0,1,0,0,1,1,0,0,0,0,0,0.0,0.0,0.0,0.0,0.0,0.0
0,37.0,1,283.0,1,2,0,1,0,1,0,0,1,1,0,0,0,0,0,7.363913501405819,9.341105441855735,0.0,6.922643891475888,6.329720905522696,9.58520880610688
0,30.0,0,1552.0,0,1,1,1,0,0,0,0,1,0,0,0,0,1,0,0.0,1.0986122886681096,0.0,6.53813982376767,4.465908118654584,6.658011045870748
0,51.0,0,1553.0,0,3,0,1,0,0,1,0,1,0,0,0,0,1,0,6.238324625039508,0.0,5.676753802268282,8.345930261979017,0.0,8.520188700396035
1,3.0,1,1553.0,0,3,0,0,1,0,1,0,1,0,0,0,0,1,0,0.0,0.0,0.0,0.0,0.0,0.0
1,3.0,1,1553.0,0,3,0,0,1,0,1,0,1,0,0,0,0,1,0,0.0,0.0,0.0,0.0,0.0,0.0
0,19.0,0,1554.0,0,1,1,1,0,0,0,0,1,0,0,0,0,1,0,7.65491704784832,0.0,0.0,0.0,0.6931471805599453,7.655390644826152
0,19.0,0,499.0,1,3,0,1,0,0,0,0,1,0,0,0,1,0,0,0.0,6.672032945461067,0.0,0.0,0.0,6.672032945461067
0,6.0,1,499.0,1,3,0,0,1,0,0,0,1,0,0,0,1,0,0,0.0,0.0,0.0,0.0,0.0,0.0
0,4.0,1,499.0,1,3,0,0,1,0,0,0,0,0,0,0,1,0,0,0.0,0.0,0.0,0.0,0.0,0.0
0,23.0,0,284.0,1,1,1,1,0,1,0,0,1,1,0,0,0,0,0,8.183397369998433,6.336825731146441,4.6443908991413725,0.0,4.51085950651685,8.37516869138682
0,37.0,0,1434.0,1,1,1,1,0,0,0,0,1,0,0,0,0,1,0,7.274479558773871,1.6094379124341003,0.0,1.3862943611198906,0.0,7.27931883541462
0,18.0,0,1435.0,1,1,1,1,0,0,1,0,0,0,0,0,0,1,0,6.996681488176539,0.0,5.342334251964811,5.017279836814924,0.0,7.280008252884188
0,29.0,0,1436.0,1,1,1,1,0,0,0,1,0,0,0,0,0,1,0,1.791759469228055,6.395261598115449,0.0,0.0,0.0,6.403574197934815
0,25.0,0,488.0,0,1,1,1,0,0,0,0,1,0,0,0,1,0,0,0.0,6.659293919683638,0.0,1.0986122886681096,1.9459101490553132,6.669498089857879
0,52.0,0,1555.0,0,1,1,1,0,0,0,0,1,0,0,0,0,1,0,0.0,0.0,3.8712010109078907,7.630461261783627,0.0,7.653020413804189
1,24.0,0,1437.0,1,2,0,0,0,0,1,0,1,0,0,0,0,1,0,0.0,0.0,0.0,0.0,0.0,0.0
0,0.0,1,1437.0,1,2,0,0,1,0,1,0,1,0,0,0,0,1,0,0.0,0.0,0.0,0.0,0.0,0.0
0,25.0,0,1557.0,0,1,1,1,0,0,0,1,0,0,0,0,0,1,0,2.772588722239781,1.3862943611198906,0.0,6.455198563340122,0.0,6.483107351457199
1,26.0,1,246.0,0,2,0,0,0,1,0,0,1,1,0,0,0,0,0,0.0,0.0,0.0,0.0,0.0,0.0
0,32.0,0,246.0,0,2,0,1,0,1,0,1,0,1,0,0,0,0,0,7.8252452914317745,6.55250788703459,7.007600613951853,9.539859923169542,6.184148890937483,9.835904401212332
0,58.0,0,1559.0,0,1,1,1,0,0,0,0,1,0,0,0,0,1,0,7.220373836723949,5.552959584921617,0.0,0.0,5.7430031878094825,7.5678626054638825
0,44.0,0,1560.0,0,1,1,1,0,0,0,0,1,0,0,0,0,1,0,6.489204931325317,0.0,4.6443908991413725,0.0,5.978885764901122,7.051855622955894
0,41.0,0,1214.0,0,1,1,1,0,0,0,0,1,0,0,0,0,0,1,0.0,0.0,0.0,0.0,6.812345094177479,6.812345094177479
0,24.0,1,1219.0,1,1,1,1,0,0,0,0,1,0,0,0,0,0,1,0.0,0.0,6.467698726104354,5.123963979403259,0.0,6.698268054115413
1,41.0,1,1215.0,0,2,0,0,0,0,0,0,1,0,0,0,0,0,1,0.0,0.0,0.0,0.0,0.0,0.0
1,23.0,1,1215.0,0,2,0,0,0,0,0,1,0,0,0,0,0,0,1,0.0,0.0,0.0,0.0,0.0,0.0
0,27.0,0,279.0,1,2,0,1,0,1,0,0,1,0,1,0,0,0,0,5.968707559985366,7.228388451573604,0.0,7.940939762327791,8.500047032581268,9.158099260130491
1,61.0,1,279.0,1,2,0,0,0,1,0,0,0,0,1,0,0,0,0,0.0,0.0,0.0,0.0,0.0,0.0
0,18.0,1,1561.0,0,1,1,1,0,0,0,0,1,0,0,0,0,1,0,0.0,6.597145701886651,1.0986122886681096,2.639057329615259,3.8712010109078907,6.678342114654332
1,18.0,1,1221.0,1,1,1,0,0,0,0,0,1,0,0,0,0,0,1,0.0,0.0,0.0,0.0,0.0,0.0
1,27.0,1,286.0,1,2,0,0,0,1,0,0,1,1,0,0,0,0,0,0.0,0.0,0.0,0.0,0.0,0.0
1,15.0,1,286.0,1,2,0,0,0,1,0,0,0,1,0,0,0,0,0,0.0,0.0,0.0,0.0,0.0,0.0
0,12.0,1,1223.0,1,1,1,0,1,0,0,0,0,0,0,0,0,0,1,0.0,0.0,0.0,0.0,0.0,0.0
0,40.0,0,1439.0,1,1,1,1,0,0,0,1,0,0,0,0,0,1,0,6.042632833682381,0.0,5.846438775057724,0.6931471805599453,0.0,6.642486801367256
0,19.0,1,1562.0,0,1,1,1,0,0,0,0,1,0,0,0,0,1,0,4.812184355372417,1.0986122886681096,0.0,6.175867270105761,6.338594078203183,7.064759027791802
1,18.0,1,1440.0,1,1,1,0,0,0,1,0,1,0,0,0,0,1,0,0.0,0.0,0.0,0.0,0.0,0.0
0,48.0,0,81.0,0,2,0,1,0,1,0,0,1,0,0,0,0,0,0,5.749392985908253,7.96032362914884,0.0,0.0,9.427465850964829,9.655154390148258
0,37.0,0,81.0,0,2,0,1,0,1,0,0,0,0,0,0,0,0,0,2.9444389791664403,7.8898337513942955,0.0,7.114769448366463,0.0,8.27308133366583
0,35.0,0,1442.0,1,1,1,1,0,0,0,0,1,0,0,0,0,1,0,1.6094379124341003,3.9889840465642745,0.0,0.0,6.739336627357174,6.804614520062624
0,29.0,0,1564.0,0,1,1,1,0,0,0,0,1,0,0,0,0,1,0,0.0,0.0,6.555356891810665,0.0,4.04305126783455,6.6320017773956295
0,54.0,0,501.0,1,1,1,1,0,0,0,0,1,0,0,0,1,0,0,4.77912349311153,0.0,0.0,6.507277712385012,0.0,6.669498089857879
1,27.0,0,1225.0,1,1,1,0,0,0,0,0,1,0,0,0,0,0,1,0.0,0.0,0.0,0.0,0.0,0.0
0,22.0,1,489.0,0,1,1,1,0,0,0,0,1,0,0,0,1,0,0,0.0,2.995732273553991,7.292337176173877,1.0986122886681096,4.787491742782046,7.3833681469923835
1,18.0,1,1216.0,0,1,1,0,0,0,0,1,0,0,0,0,0,0,1,0.0,0.0,0.0,0.0,0.0,0.0
0,26.0,1,490.0,0,1,1,1,0,0,0,0,1,0,0,0,1,0,0,0.0,6.481577129276431,4.584967478670572,3.784189633918261,0.0,6.675823221634848
0,19.0,0,1444.0,1,1,1,1,0,0,0,1,0,0,0,0,0,1,0,2.3978952727983707,3.2188758248682006,0.0,0.0,6.338594078203183,6.396929655216146
0,22.0,0,1569.0,0,1,1,1,0,0,0,0,1,0,0,0,0,1,0,0.0,0.0,6.091309882077698,0.0,6.049733455231958,6.762729506931879
0,17.0,1,244.0,0,1,1,0,0,1,0,0,1,0,1,0,0,0,0,0.0,0.0,0.0,0.0,0.0,0.0
0,18.0,0,1445.0,1,1,1,1,0,0,0,0,1,0,0,0,0,1,0,5.963579343618446,5.209486152841421,0.0,4.204692619390966,4.948759890378168,6.655440350367647
1,39.0,1,1570.0,0,1,1,0,0,0,1,0,0,0,0,0,0,1,0,0.0,0.0,0.0,0.0,0.0,0.0
0,37.0,1,247.0,0,4,0,1,0,1,0,0,1,1,0,0,0,0,0,1.0986122886681096,8.89192414015454,0.0,3.9318256327243257,7.1569563646156364,9.060331104649475
1,17.0,1,247.0,0,4,0,0,0,1,0,0,0,1,0,0,0,0,0,0.0,0.0,0.0,0.0,0.0,0.0
0,25.0,0,247.0,0,4,0,1,0,1,0,0,0,1,0,0,0,0,0,0.0,6.650279048587422,0.0,4.836281906951478,8.685077700412423,8.826294231241318
0,9.0,1,247.0,0,4,0,0,1,1,0,0,1,1,0,0,0,0,0,0.0,0.0,0.0,0.0,0.0,0.0
1,15.0,0,1227.0,1,1,1,0,0,0,0,0,0,0,0,0,0,0,1,0.0,0.0,0.0,0.0,0.0,0.0
0,19.0,0,1571.0,0,1,1,1,0,0,0,0,1,0,0,0,0,1,0,5.942799375126701,0.0,6.0330862217988015,0.0,2.1972245773362196,6.690842277418564
0,18.0,0,493.0,0,2,0,1,0,0,1,0,1,0,0,0,1,0,0,8.18646442942209,0.0,5.0689042022202315,0.0,4.795790545596741,8.261009786023827
0,50.0,0,237.0,0,2,0,1,0,0,1,0,1,0,0,1,0,0,0,6.720220155135295,0.0,6.35088571671474,7.221105098182496,0.0,7.92588031673756
1,14.0,0,1228.0,1,1,1,0,1,0,0,0,1,0,0,0,0,0,1,0.0,0.0,0.0,0.0,0.0,0.0
1,19.0,0,1217.0,0,1,1,0,0,0,0,1,0,0,0,0,0,0,1,0.0,0.0,0.0,0.0,0.0,0.0
1,33.0,1,287.0,1,1,1,0,0,1,0,0,0,1,0,0,0,0,0,0.0,0.0,0.0,0.0,0.0,0.0
0,23.0,1,239.0,0,2,0,1,0,1,0,0,1,0,0,1,0,0,0,3.4339872044851463,7.71333788887187,0.6931471805599453,3.912023005428146,3.970291913552122,7.7706452341291765
0,39.0,0,239.0,0,2,0,1,0,1,0,0,1,0,0,1,0,0,0,1.0986122886681096,6.274762021241939,0.0,0.0,7.215975002651466,7.545918151209323
0,14.0,0,502.0,1,1,1,1,1,0,0,1,0,0,0,0,1,0,0,4.394449154672439,4.875197323201151,0.0,7.188412736496954,0.0,7.335633981927201
0,14.0,0,1572.0,0,1,1,1,1,0,0,0,0,0,0,0,0,1,0,6.483107351457199,0.0,1.6094379124341003,0.0,0.0,6.489204931325317
0,45.0,1,1229.0,1,1,1,1,0,0,0,1,0,0,0,0,0,0,1,0.6931471805599453,2.0794415416798357,4.04305126783455,6.419994928147142,0.0,6.519147287940395
1,22.0,1,1230.0,1,1,1,0,0,0,0,0,1,0,0,0,0,0,1,0.0,0.0,0.0,0.0,0.0,0.0
0,36.0,1,1574.0,0,1,1,1,0,0,1,0,1,0,0,0,0,1,0,3.4965075614664802,5.87493073085203,7.510430556378006,2.302585092994046,0.0,7.706612913964197
0,19.0,1,288.0,1,3,0,0,0,1,0,0,1,1,0,0,0,0,0,0.0,0.0,0.0,0.0,0.0,0.0
1,59.0,1,288.0,1,3,0,0,0,1,0,0,1,1,0,0,0,0,0,0.0,0.0,0.0,0.0,0.0,0.0
0,31.0,0,288.0,1,3,0,1,0,1,0,0,1,1,0,0,0,0,0,0.0,6.90875477931522,0.0,2.995732273553991,7.482681828154651,7.935945103353701
1,31.0,1,281.0,1,4,0,0,0,1,0,0,0,0,1,0,0,0,0,0.0,0.0,0.0,0.0,0.0,0.0
0,39.0,0,281.0,1,4,0,1,0,1,0,0,1,0,1,0,0,0,0,9.013108202446475,2.9444389791664403,6.07073772800249,8.177796683277778,4.007333185232471,9.415238482949043
0,28.0,1,281.0,1,4,0,1,0,1,0,0,1,0,1,0,0,0,0,0.0,7.891704659330107,7.177782416195197,2.9444389791664403,2.4849066497880004,8.297294370266917
1,19.0,1,281.0,1,4,0,0,0,1,0,0,1,0,1,0,0,0,0,0.0,0.0,0.0,0.0,0.0,0.0
0,29.0,1,245.0,0,1,1,1,0,1,0,0,1,0,1,0,0,0,0,5.3981627015177525,7.030857476116121,0.0,2.0794415416798357,6.858565034791365,7.744569809354496
1,0.0,1,1219.0,0,2,0,0,1,0,0,0,0,0,0,0,0,0,1,0.0,0.0,0.0,0.0,0.0,0.0
0,15.0,1,1219.0,0,2,0,1,0,0,0,0,0,0,0,0,0,0,1,0.0,6.5722825426940075,0.0,0.0,0.0,6.5722825426940075
0,18.0,0,1450.0,1,1,1,1,0,0,0,0,1,0,0,0,0,1,0,0.0,0.0,0.0,7.369600720526409,0.0,7.369600720526409
1,49.0,1,282.0,1,1,1,0,0,1,0,0,0,0,1,0,0,0,0,0.0,0.0,0.0,0.0,0.0,0.0
0,36.0,1,1451.0,1,1,1,1,0,0,0,0,1,0,0,0,0,1,0,0.0,2.0794415416798357,6.495265555937008,0.0,4.543294782270004,6.635946555686647
1,40.0,1,283.0,1,2,0,0,0,1,0,0,0,0,1,0,0,0,0,0.0,0.0,0.0,0.0,0.0,0.0
1,56.0,1,283.0,1,2,0,0,0,1,0,0,1,0,1,0,0,0,0,0.0,0.0,0.0,0.0,0.0,0.0
1,67.0,1,1231.0,1,1,1,0,0,0,0,1,0,0,0,0,0,0,1,0.0,0.0,0.0,0.0,0.0,0.0
0,44.0,0,495.0,0,1,1,1,0,0,0,0,1,0,0,0,1,0,0,0.0,5.3230099791384085,4.912654885736052,5.420534999272286,5.4116460518550396,6.669498089857879
0,17.0,0,1232.0,1,1,1,1,0,0,0,0,1,0,0,0,0,0,1,5.3706380281276624,6.315358001522335,0.0,5.488937726156687,0.0,6.915723448631314
1,27.0,1,1579.0,0,2,0,0,0,0,1,0,1,0,0,0,0,1,0,0.0,0.0,0.0,0.0,0.0,0.0
0,23.0,0,1579.0,0,2,0,1,0,0,1,0,1,0,0,0,0,1,0,6.139884552226255,0.0,6.490723534502507,0.0,0.0,7.022868086082641
0,28.0,0,1452.0,1,1,1,1,0,0,1,0,0,0,0,0,0,1,0,7.818027938530729,4.919980925828125,3.7612001156935624,0.0,0.0,7.887208585813932
1,54.0,1,1453.0,1,1,1,0,0,0,1,0,1,0,0,0,0,1,0,0.0,0.0,0.0,0.0,0.0,0.0
1,26.0,1,1454.0,1,1,1,0,0,0,1,0,1,0,0,0,0,1,0,0.0,0.0,0.0,0.0,0.0,0.0
0,40.0,0,83.0,0,2,0,1,0,1,0,0,0,0,0,0,0,0,0,0.0,3.091042453358316,0.0,7.315883504509785,7.239214973779806,7.978310969867722
1,39.0,1,83.0,0,2,0,0,0,1,0,0,1,0,0,0,0,0,0,0.0,0.0,0.0,0.0,0.0,0.0
1,40.0,1,246.0,0,1,1,0,0,1,0,0,0,0,1,0,0,0,0,0.0,0.0,0.0,0.0,0.0,0.0
0,20.0,1,1457.0,1,1,1,1,0,0,0,1,0,0,0,0,0,1,0,2.4849066497880004,6.587550014824796,0.0,0.0,0.0,6.602587892189336
0,18.0,1,1235.0,1,1,1,1,0,0,0,0,1,0,0,0,0,0,1,6.635946555686647,3.091042453358316,3.332204510175204,0.0,0.0,6.697034247666484
0,17.0,0,1583.0,0,1,1,1,0,0,1,0,1,0,0,0,0,1,0,8.20303024171486,0.0,7.709308333385869,3.6635616461296463,0.0,8.685753832960154
1,35.0,1,250.0,0,1,1,0,0,1,0,0,0,1,0,0,0,0,0,0.0,0.0,0.0,0.0,0.0,0.0
0,31.0,0,1237.0,1,1,1,1,0,0,0,0,1,0,0,0,0,0,1,0.0,0.0,5.225746673713202,6.371611847231857,0.0,6.646390514847729
0,40.0,0,1223.0,0,1,1,1,0,0,0,0,1,0,0,0,0,0,1,0.0,0.0,4.442651256490317,6.683360945766275,0.0,6.78332520060396
1,50.0,1,284.0,1,1,1,0,0,1,0,1,0,0,1,0,0,0,0,0.0,0.0,0.0,0.0,0.0,0.0
0,21.0,0,1458.0,1,1,1,1,0,0,0,0,1,0,0,0,0,1,0,0.0,0.0,4.74493212836325,1.0986122886681096,6.52795791762255,6.684611727667927
0,29.0,0,496.0,0,1,1,1,0,0,0,0,1,0,0,0,1,0,0,6.643789733147672,2.833213344056216,2.302585092994046,0.0,0.0,6.675823221634848
0,63.0,1,92.0,1,1,1,1,0,1,0,0,0,0,0,0,0,0,0,0.0,8.52456594574565,1.6094379124341003,6.253828811575473,0.0,8.623353387244627
0,19.0,1,1584.0,0,2,0,1,0,0,1,0,1,0,0,0,0,1,0,3.6375861597263857,0.0,7.161622002939187,0.0,0.0,7.189922170745808
0,36.0,0,240.0,0,2,0,1,0,0,1,0,1,0,0,1,0,0,0,7.00669522683704,1.3862943611198906,0.0,0.0,6.492239835020471,7.476472381163905
0,48.0,0,1585.0,0,1,1,1,0,0,0,0,0,0,0,0,0,1,0,0.0,5.153291594497779,4.7535901911063645,0.6931471805599453,6.470799503782602,6.839476438228843
0,33.0,0,497.0,0,1,1,1,0,1,0,0,1,0,0,0,1,0,0,4.406719247264253,7.026426808699636,6.1779441140506,6.226536669287466,7.140453043101158,8.147288258706624
0,28.0,0,226.0,1,1,1,1,0,0,1,0,1,0,0,1,0,0,0,7.902487437162855,0.0,1.6094379124341003,0.6931471805599453,0.0,7.904334842085095
0,39.0,0,1224.0,0,1,1,1,0,0,0,0,1,0,0,0,0,0,1,0.0,0.0,0.0,6.742880635791903,0.6931471805599453,6.744059186311348
1,27.0,1,1239.0,1,1,1,0,0,0,0,0,1,0,0,0,0,0,1,0.0,0.0,0.0,0.0,0.0,0.0
1,58.0,1,289.0,1,1,1,0,0,1,0,0,0,1,0,0,0,0,0,0.0,0.0,0.0,0.0,0.0,0.0
1,44.0,1,290.0,1,1,1,0,0,1,0,0,0,1,0,0,0,0,0,0.0,0.0,0.0,0.0,0.0,0.0
1,23.0,1,1226.0,0,1,1,0,0,0,0,0,1,0,0,0,0,0,1,0.0,0.0,0.0,0.0,0.0,0.0
0,21.0,1,1586.0,0,1,1,1,0,0,0,0,0,0,0,0,0,1,0,6.428105272684596,3.5263605246161616,0.6931471805599453,1.0986122886681096,0.0,6.484635235635252
0,53.0,0,247.0,0,2,0,1,0,1,0,0,0,0,1,0,0,0,0,2.1972245773362196,7.306531398939505,0.0,7.909856667269403,8.909505512946101,9.360655132635051
1,14.0,1,247.0,0,2,0,0,1,1,0,0,1,0,1,0,0,0,0,0.0,0.0,0.0,0.0,0.0,0.0
1,17.0,1,1227.0,0,1,1,0,0,0,0,1,0,0,0,0,0,0,1,0.0,0.0,0.0,0.0,0.0,0.0
0,25.0,1,285.0,1,3,0,1,0,1,0,0,0,0,1,0,0,0,0,0.0,9.681405937168297,6.933423025730715,5.247024072160486,6.945051063725834,9.81290617430489
0,44.0,0,285.0,1,3,0,1,0,1,0,0,0,0,1,0,0,0,0,8.010027528481734,3.295836866004329,0.0,4.143134726391533,6.807934943699926,8.294799358992574
0,24.0,1,285.0,1,3,0,1,0,1,0,0,0,0,1,0,0,0,0,4.983606621708336,8.348774539791274,0.0,1.791759469228055,4.127134385045092,8.397508348470257
0,24.0,0,1240.0,1,1,1,1,0,0,0,0,1,0,0,0,0,0,1,0.0,2.0794415416798357,4.852030263919617,6.461468176353717,3.6375861597263857,6.698268054115413
1,24.0,1,1241.0,1,1,1,0,0,0,0,0,1,0,0,0,0,0,1,0.0,0.0,0.0,0.0,0.0,0.0
1,0.0,1,1242.0,1,5,0,0,1,0,0,0,1,0,0,0,0,0,1,0.0,0.0,0.0,0.0,0.0,0.0
1,7.0,0,1242.0,1,5,0,0,1,0,0,0,0,0,0,0,0,0,1,0.0,0.0,0.0,0.0,0.0,0.0
1,3.0,1,1242.0,1,5,0,0,1,0,0,1,0,0,0,0,0,0,1,0.0,0.0,0.0,0.0,0.0,0.0
0,18.0,1,1461.0,1,5,0,1,0,0,0,0,1,0,0,0,0,1,0,6.568077911411976,2.5649493574615367,0.0,4.430816798843313,0.0,6.693323668269949
1,4.0,0,1242.0,1,5,0,0,1,0,0,0,1,0,0,0,0,0,1,0.0,0.0,0.0,0.0,0.0,0.0
1,40.0,1,292.0,1,1,1,0,0,1,0,0,0,1,0,0,0,0,0,0.0,0.0,0.0,0.0,0.0,0.0
1,16.0,0,1244.0,1,1,1,0,0,0,0,0,1,0,0,0,0,0,1,0.0,0.0,0.0,0.0,0.0,0.0
1,25.0,1,294.0,1,1,1,0,0,1,0,0,0,1,0,0,0,0,0,0.0,0.0,0.0,0.0,0.0,0.0
1,10.0,1,1245.0,1,1,1,0,1,0,0,0,1,0,0,0,0,0,1,0.0,0.0,0.0,0.0,0.0,0.0
1,40.0,1,1229.0,0,1,1,0,0,0,0,0,1,0,0,0,0,0,1,0.0,0.0,0.0,0.0,0.0,0.0
1,19.0,1,1591.0,0,1,1,0,0,0,1,0,1,0,0,0,0,1,0,0.0,0.0,0.0,0.0,0.0,0.0
1,15.0,1,251.0,0,1,1,0,0,1,0,0,0,1,0,0,0,0,0,0.0,0.0,0.0,0.0,0.0,0.0
0,24.0,0,1230.0,0,1,1,1,0,0,0,0,1,0,0,0,0,0,1,0.0,6.456769655572163,4.919980925828125,3.6375861597263857,0.0,6.697034247666484
1,21.0,1,1465.0,1,1,1,0,0,0,1,0,1,0,0,0,0,1,0,0.0,0.0,0.0,0.0,0.0,0.0
0,29.0,0,1466.0,1,1,1,1,0,0,0,0,1,0,0,0,0,1,0,0.0,2.0794415416798357,3.4657359027997265,6.55250788703459,0.0,6.6052979209482015
0,37.0,0,227.0,1,1,1,1,0,0,1,0,1,0,0,1,0,0,0,7.927324360309794,0.0,1.9459101490553132,0.6931471805599453,2.3978952727983707,7.933438387627489
1,49.0,0,1247.0,1,1,1,0,0,0,0,1,0,0,0,0,0,0,1,0.0,0.0,0.0,0.0,0.0,0.0
0,42.0,0,1231.0,0,2,0,1,0,0,0,0,1,0,0,0,0,0,1,7.0326242610280065,0.0,0.0,4.356708826689592,6.411818267709897,7.505492274737424
1,54.0,1,1231.0,0,2,0,0,0,0,0,0,1,0,0,0,0,0,1,0.0,0.0,0.0,0.0,0.0,0.0
1,33.0,0,1232.0,0,1,1,0,0,0,0,0,1,0,0,0,0,0,1,0.0,0.0,0.0,0.0,0.0,0.0
0,27.0,0,250.0,0,1,1,1,0,1,0,0,1,0,1,0,0,0,0,0.0,1.9459101490553132,0.0,8.960210955576986,0.0,8.96098117384356
1,53.0,0,1248.0,1,1,1,0,0,0,0,0,1,0,0,0,0,0,1,0.0,0.0,0.0,0.0,0.0,0.0
0,28.0,1,1467.0,1,1,1,1,0,0,0,0,1,0,0,0,0,1,0,0.0,6.706862336602747,4.07753744390572,0.0,3.258096538021482,6.803505257608338
0,24.0,1,286.0,1,1,1,1,0,1,0,0,1,0,1,0,0,0,0,6.70073110954781,8.603554357064281,0.0,0.6931471805599453,5.572154032177765,8.783549477153265
0,20.0,0,1596.0,0,1,1,1,0,0,0,1,0,0,0,0,0,1,0,0.0,0.0,2.1972245773362196,0.6931471805599453,7.069874128458572,7.077498053569231
0,0.0,0,1233.0,0,1,1,0,1,0,0,0,1,0,0,0,0,0,1,0.0,0.0,0.0,0.0,0.0,0.0
0,24.0,0,1597.0,0,1,1,1,0,0,0,0,1,0,0,0,0,1,0,0.0,4.574710978503383,0.0,6.393590753950631,0.0,6.542471960506805
0,28.0,1,1234.0,0,1,1,0,0,0,0,0,1,0,0,0,0,0,1,0.0,0.0,0.0,0.0,0.0,0.0
1,42.0,1,1598.0,0,1,1,0,0,0,1,0,1,0,0,0,0,1,0,0.0,0.0,0.0,0.0,0.0,0.0
0,32.0,0,287.0,1,1,1,1,0,1,0,0,0,0,1,0,0,0,0,0.0,3.8918202981106265,0.0,8.07246736935477,4.727387818712341,8.121183242078828
0,36.0,1,252.0,0,2,0,1,0,1,0,0,1,1,0,0,0,0,0,0.0,7.9996785794994505,0.0,4.23410650459726,5.8522024797744745,8.130059039992796
0,40.0,1,252.0,0,2,0,0,0,1,0,0,1,1,0,0,0,0,0,0.0,0.0,0.0,0.0,0.0,0.0
0,30.0,0,1599.0,0,1,1,1,0,0,0,0,1,0,0,0,0,1,0,6.354370040797351,0.0,0.0,3.258096538021482,1.0986122886681096,6.400257445308821
0,34.0,0,499.0,0,2,0,1,0,0,1,0,1,0,0,0,1,0,0,6.62273632394984,0.0,5.225746673713202,0.0,4.356708826689592,6.921658184151129
0,37.0,0,1601.0,0,2,0,1,0,0,1,0,1,0,0,0,0,1,0,6.90875477931522,0.0,4.394449154672439,3.713572066704308,0.0,7.02197642307216
0,41.0,1,295.0,1,2,0,0,0,1,0,0,1,1,0,0,0,0,0,0.0,0.0,0.0,0.0,0.0,0.0
1,25.0,1,295.0,1,2,0,0,0,1,0,0,0,1,0,0,0,0,0,0.0,0.0,0.0,0.0,0.0,0.0
0,39.0,1,1602.0,0,1,1,1,0,0,1,0,1,0,0,0,0,1,0,5.808142489980444,0.0,6.591673732008658,1.0986122886681096,4.465908118654584,7.046647277848756
0,0.0,1,1235.0,0,1,1,0,1,0,0,0,0,0,0,0,0,0,1,0.0,0.0,0.0,0.0,0.0,0.0
0,54.0,0,1603.0,0,1,1,1,0,0,1,0,1,0,0,0,0,1,0,7.0431599159883405,4.948759890378168,1.0986122886681096,1.0986122886681096,0.0,7.161622002939187
1,16.0,0,1236.0,0,1,1,0,0,0,0,0,1,0,0,0,0,0,1,0.0,0.0,0.0,0.0,0.0,0.0
0,0.0,1,1251.0,1,2,0,0,1,0,0,0,1,0,0,0,0,0,1,0.0,0.0,0.0,0.0,0.0,0.0
1,13.0,1,1251.0,1,2,0,0,1,0,0,0,1,0,0,0,0,0,1,0.0,0.0,0.0,0.0,0.0,0.0
0,46.0,0,1470.0,1,1,1,1,0,0,1,0,1,0,0,0,0,1,0,8.68084148294457,0.0,2.639057329615259,2.5649493574615367,0.0,8.685077700412423
0,23.0,0,1237.0,0,1,1,1,0,0,0,0,1,0,0,0,0,0,1,3.713572066704308,1.6094379124341003,2.302585092994046,5.765191102784844,7.254177846456518,7.487173694213739
0,18.0,0,1471.0,1,1,1,1,0,0,0,0,1,0,0,0,0,1,0,4.709530201312334,4.6443908991413725,6.156978985585555,2.4849066497880004,0.6931471805599453,6.546785410760524
0,27.0,0,1604.0,0,2,0,1,0,0,0,1,0,0,0,0,0,1,0,7.881559917056899,0.0,0.0,3.7612001156935624,3.4965075614664802,7.909122183211411
1,24.0,0,1238.0,0,2,0,0,0,0,0,1,0,0,0,0,0,0,1,0.0,0.0,0.0,0.0,0.0,0.0
0,27.0,1,253.0,0,1,1,1,0,1,0,0,1,1,0,0,0,0,0,4.77912349311153,7.478734825567875,8.325548307161398,4.77912349311153,6.429719478039138,8.817594036275793
0,24.0,0,241.0,0,1,1,1,0,0,0,0,1,0,0,1,0,0,0,0.0,4.418840607796598,0.0,7.393263094763838,4.356708826689592,7.486613313139955
0,25.0,1,93.0,1,1,1,1,0,1,0,0,1,0,0,0,0,0,0,0.6931471805599453,8.366137716496281,0.0,0.0,1.0986122886681096,8.366835309827675
1,30.0,1,296.0,1,1,1,0,0,1,0,0,1,1,0,0,0,0,0,0.0,0.0,0.0,0.0,0.0,0.0
0,19.0,0,1239.0,0,1,1,1,0,0,0,0,1,0,0,0,0,0,1,0.0,3.367295829986474,4.143134726391533,3.2188758248682006,7.430707082545968,7.496097345175956
0,18.0,0,1605.0,0,1,1,1,0,0,0,0,0,0,0,0,0,1,0,0.6931471805599453,1.791759469228055,5.723585101952381,5.8522024797744745,0.0,6.490723534502507
1,49.0,1,500.0,0,1,1,0,0,1,0,0,0,0,0,0,1,0,0,0.0,0.0,0.0,0.0,0.0,0.0
0,64.0,0,1240.0,0,1,1,1,0,0,0,0,1,0,0,0,0,0,1,0.0,0.0,0.0,6.335054251498059,5.84354441703136,6.811244378601294
1,26.0,1,506.0,1,1,1,0,0,0,1,0,1,0,0,0,1,0,0,0.0,0.0,0.0,0.0,0.0,0.0
0,53.0,0,1606.0,0,1,1,1,0,0,0,0,0,0,0,0,0,1,0,0.0,0.0,6.626717749249025,3.8501476017100584,0.0,6.68586094706836
0,27.0,1,242.0,0,1,1,1,0,0,1,0,1,0,0,1,0,0,0,4.430816798843313,0.0,7.871692664323645,1.791759469228055,0.0,7.904703913873747
1,27.0,1,254.0,0,1,1,0,0,1,0,0,1,1,0,0,0,0,0,0.0,0.0,0.0,0.0,0.0,0.0
0,25.0,0,1472.0,1,1,1,1,0,0,1,0,1,0,0,0,0,1,0,5.82600010738045,5.768320995793772,3.4965075614664802,2.772588722239781,0.0,6.558197802812269
0,33.0,1,507.0,1,1,1,1,0,0,0,0,0,0,0,0,1,0,0,0.0,0.0,0.0,6.07993319509559,5.41610040220442,6.493753839851687
0,27.0,0,289.0,1,1,1,1,0,1,0,0,1,0,1,0,0,0,0,0.0,2.302585092994046,0.0,3.713572066704308,8.938794081433805,8.945202263959297
1,20.0,1,251.0,0,1,1,0,0,1,0,0,0,0,1,0,0,0,0,0.0,0.0,0.0,0.0,0.0,0.0
1,39.0,1,255.0,0,1,1,0,0,1,0,0,0,1,0,0,0,0,0,0.0,0.0,0.0,0.0,0.0,0.0
0,27.0,0,502.0,0,1,1,1,0,0,1,0,1,0,0,0,1,0,0,7.456454555176209,0.0,5.940171252720432,1.791759469228055,0.0,7.656810091480378
1,19.0,1,1476.0,1,1,1,0,0,0,1,0,1,0,0,0,0,1,0,0.0,0.0,0.0,0.0,0.0,0.0
0,22.0,0,1609.0,0,1,1,1,0,0,0,0,1,0,0,0,0,1,0,4.110873864173311,3.8918202981106265,0.0,0.0,6.2166061010848646,6.411818267709897
0,3.0,0,1252.0,1,2,0,0,1,0,0,0,1,0,0,0,0,0,1,0.0,0.0,0.0,0.0,0.0,0.0
0,24.0,0,508.0,1,2,0,1,0,0,0,0,1,0,0,0,1,0,0,2.302585092994046,6.646390514847729,2.302585092994046,0.0,0.0,6.669498089857879
1,41.0,1,1477.0,1,2,0,0,0,0,1,0,1,0,0,0,0,1,0,0.0,0.0,0.0,0.0,0.0,0.0
1,18.0,1,1477.0,1,2,0,0,0,0,1,0,1,0,0,0,0,1,0,0.0,0.0,0.0,0.0,0.0,0.0
0,63.0,0,1244.0,0,1,1,1,0,0,0,0,1,0,0,0,0,0,1,0.0,5.497168225293202,0.0,6.656726524178391,0.0,6.928537818164665
0,19.0,0,298.0,1,2,0,1,0,1,0,0,1,1,0,0,0,0,0,0.0,8.419580362549237,0.0,6.42648845745769,7.053585727193677,8.74957394808293
1,39.0,1,298.0,1,2,0,0,0,1,0,0,1,1,0,0,0,0,0,0.0,0.0,0.0,0.0,0.0,0.0
1,27.0,1,933.5,1,1,1,0,0,1,0,0,0,0,0,0,0,1,0,0.0,0.0,0.0,0.0,0.0,0.0
0,41.0,0,1611.0,0,1,1,1,0,0,1,0,1,0,0,0,0,1,0,6.535241271013659,3.4657359027997265,7.53955882930103,0.0,0.0,7.8632667240095735
0,44.0,0,94.0,1,2,0,1,0,1,0,0,1,0,0,0,0,0,0,2.9444389791664403,7.280697195384741,0.0,5.634789603169249,4.174387269895637,7.502738210754851
0,39.0,0,94.0,1,2,0,1,0,1,0,0,1,0,0,0,0,0,0,0.0,5.981414211254481,0.0,6.920671504248683,6.985641817639208,7.81923445385907
1,29.0,1,244.0,0,2,0,0,0,0,1,0,0,0,0,1,0,0,0,0.0,0.0,0.0,0.0,0.0,0.0
0,37.0,0,244.0,0,2,0,1,0,0,1,0,1,0,0,1,0,0,0,6.0330862217988015,4.04305126783455,7.556427969440253,0.0,0.0,7.776954403322442
1,41.0,1,252.0,0,1,1,0,0,1,0,0,0,0,1,0,0,0,0,0.0,0.0,0.0,0.0,0.0,0.0
0,18.0,0,1480.0,1,1,1,1,0,0,0,1,0,0,0,0,0,1,0,0.0,0.0,0.0,6.616065185132817,0.6931471805599453,6.617402977974478
1,27.0,0,1245.0,0,1,1,0,0,0,0,0,0,0,0,0,0,0,1,0.0,0.0,0.0,0.0,0.0,0.0
0,55.0,1,299.0,1,1,1,1,0,1,0,0,0,1,0,0,0,0,0,0.6931471805599453,7.890208213109961,3.5553480614894135,6.297109319933935,7.200424892944957,8.430981494597171
1,21.0,1,503.0,0,1,1,0,0,0,0,0,1,0,0,0,1,0,0,0.0,0.0,0.0,0.0,0.0,0.0
1,28.0,1,300.0,1,2,0,0,0,1,0,0,1,1,0,0,0,0,0,0.0,0.0,0.0,0.0,0.0,0.0
0,43.0,1,300.0,1,2,0,1,0,1,0,0,1,1,0,0,0,0,0,0.0,9.099297073182859,0.0,5.0369526024136295,6.771935555839602,9.207736986106068
0,32.0,0,1253.0,1,1,1,1,0,0,0,1,0,0,0,0,0,0,1,0.0,6.20455776256869,0.0,0.0,5.365976015021851,6.56244409369372
0,23.0,1,1612.0,0,2,0,1,0,0,0,0,1,0,0,0,0,1,0,0.6931471805599453,0.0,0.0,5.472270673671475,6.317164686747284,6.674561391814426
1,5.0,1,1246.0,0,2,0,0,1,0,0,0,0,0,0,0,0,0,1,0.0,0.0,0.0,0.0,0.0,0.0
0,14.0,0,1254.0,1,1,1,1,1,0,0,0,0,0,0,0,0,0,1,5.786897381366708,0.0,2.995732273553991,6.2285110035911835,1.0986122886681096,6.748759547491679
0,24.0,0,1613.0,0,1,1,1,0,0,0,0,1,0,0,0,0,1,0,7.2485040723706105,0.0,2.70805020110221,1.0986122886681096,5.099866427824199,7.368339686311381
1,22.0,1,1257.0,1,1,1,0,0,0,0,1,0,0,0,0,0,0,1,0.0,0.0,0.0,0.0,0.0,0.0
0,14.0,1,1484.0,1,1,1,1,1,0,0,0,1,0,0,0,0,1,0,0.0,5.594711379601839,5.480638923341991,4.852030263919617,0.0,6.453624998892692
0,20.0,0,504.0,0,1,1,1,0,0,0,0,1,0,0,0,1,0,0,4.59511985013459,6.214608098422191,0.0,4.962844630259907,3.970291913552122,6.674561391814426
0,17.0,0,1258.0,1,2,0,1,0,0,0,0,1,0,0,0,0,0,1,6.269096283706261,4.8283137373023015,3.6375861597263857,5.673323267171493,3.4339872044851463,6.9167150203536085
0,20.0,0,1485.0,1,2,0,1,0,0,0,0,0,0,0,0,0,1,0,6.618738983517219,0.0,0.0,0.0,6.1903154058531475,7.119635638017636
0,22.0,1,1259.0,1,1,1,1,0,0,0,0,1,0,0,0,0,0,1,0.0,0.0,6.541029999189903,2.9444389791664403,0.0,6.566672429803241
1,15.0,1,1248.0,0,1,1,0,0,0,0,0,1,0,0,0,0,0,1,0.0,0.0,0.0,0.0,0.0,0.0
0,67.0,1,245.0,0,1,1,1,0,0,1,0,0,0,0,1,0,0,0,7.044905117129371,2.833213344056216,3.6888794541139363,0.0,6.251903883165888,7.450079569807499
0,28.0,0,253.0,0,1,1,1,0,1,0,0,0,0,1,0,0,0,0,2.0794415416798357,6.194405391104672,0.0,1.6094379124341003,8.704170559746386,8.783855896643942
0,57.0,0,246.0,0,1,1,1,0,1,0,0,1,0,0,1,0,0,0,0.0,6.023447592961033,0.0,8.61104776688786,5.459585514144159,8.722254235179681
1,21.0,1,1249.0,0,1,1,0,0,0,0,1,0,0,0,0,0,0,1,0.0,0.0,0.0,0.0,0.0,0.0
0,34.0,0,1486.0,1,2,0,1,0,0,1,0,1,0,0,0,0,1,0,7.090076835776092,3.5263605246161616,5.849324779946859,0.0,0.0,7.364547014255642
1,17.0,0,510.0,1,2,0,0,0,0,1,0,1,0,0,0,1,0,0,0.0,0.0,0.0,0.0,0.0,0.0
0,33.0,1,1614.0,0,1,1,1,0,0,0,0,0,0,0,0,0,1,0,0.0,3.9889840465642745,6.423246963533519,2.302585092994046,0.0,6.519147287940395
0,33.0,0,291.0,1,2,0,1,0,1,0,0,0,0,1,0,0,0,0,0.0,4.304065093204169,3.4657359027997265,9.047115310873217,9.112286431500795,9.779227335155444
0,28.0,0,291.0,1,2,0,1,0,1,0,0,1,0,1,0,0,0,0,0.0,5.198497031265826,0.0,6.658011045870748,8.51197962436335,8.688116703257823
1,18.0,1,1487.0,1,1,1,0,0,0,1,0,1,0,0,0,0,1,0,0.0,0.0,0.0,0.0,0.0,0.0
1,28.0,1,1615.0,0,1,1,0,0,0,1,0,1,0,0,0,0,1,0,0.0,0.0,0.0,0.0,0.0,0.0
0,13.0,0,1261.0,1,1,1,1,1,0,0,0,1,0,0,0,0,0,1,6.008813185442595,0.0,3.970291913552122,0.0,5.961005339623274,6.740519359606223
0,38.0,0,1616.0,0,1,1,1,0,0,0,0,1,0,0,0,0,1,0,0.0,0.0,0.0,3.828641396489095,8.12355783506165,8.136810863675537
0,39.0,0,301.0,1,2,0,1,0,1,0,0,0,1,0,0,0,0,0,5.556828061699537,7.340835554123275,0.0,0.0,6.432940092739179,7.791935956938058
1,18.0,1,933.5,1,2,0,0,0,1,0,0,1,0,0,0,0,1,0,0.0,0.0,0.0,0.0,0.0,0.0
0,43.0,0,1488.0,1,1,1,1,0,0,0,1,0,0,0,0,0,1,0,0.0,0.0,4.709530201312334,6.289715570908998,0.0,6.47543271670409
0,32.0,0,1489.0,1,1,1,1,0,0,0,0,1,0,0,0,0,1,0,0.0,5.910796644040527,0.0,5.720311776607412,6.60934924316738,7.254177846456518
1,29.0,0,1490.0,1,3,0,0,0,0,1,0,1,0,0,0,0,1,0,0.0,0.0,0.0,0.0,0.0,0.0
0,45.0,0,1490.0,1,3,0,1,0,0,1,0,0,0,0,0,0,1,0,6.698268054115413,0.0,4.890349128221754,5.293304824724492,0.0,7.039660349862076
1,25.0,1,1490.0,1,3,0,0,0,0,1,0,1,0,0,0,0,1,0,0.0,0.0,0.0,0.0,0.0,0.0
0,64.0,0,1491.0,1,1,1,1,0,0,0,0,0,0,0,0,0,1,0,2.995732273553991,5.568344503761097,5.342334251964811,0.0,5.3706380281276624,6.555356891810665
0,18.0,0,1617.0,0,1,1,1,0,0,0,0,1,0,0,0,0,1,0,0.0,0.0,0.0,0.0,7.669495251007694,7.669495251007694
0,44.0,0,506.0,0,1,1,1,0,0,0,0,1,0,0,0,1,0,0,5.883322388488279,5.717027701406222,0.0,0.0,4.882801922586371,6.675823221634848
1,15.0,1,1251.0,0,1,1,0,0,0,0,0,1,0,0,0,0,0,1,0.0,0.0,0.0,0.0,0.0,0.0
0,21.0,0,933.5,1,1,1,1,0,0,0,0,0,0,0,0,0,1,0,7.450660796211539,7.757051142032013,0.0,0.6931471805599453,5.817111159963204,8.387995252944556
0,33.0,0,1620.0,0,1,1,1,0,0,1,0,1,0,0,0,0,1,0,5.117993812416755,6.453624998892692,6.040254711277414,5.308267697401205,7.072421900537371,7.8628820346414905
0,3.0,0,1253.0,0,2,0,0,1,0,0,0,0,0,0,0,0,0,1,0.0,0.0,0.0,0.0,0.0,0.0
1,19.0,1,1253.0,0,2,0,0,0,0,0,0,0,0,0,0,0,0,1,0.0,0.0,0.0,0.0,0.0,0.0
0,37.0,0,1254.0,0,1,1,0,0,0,0,0,1,0,0,0,0,0,1,0.0,0.0,0.0,0.0,0.0,0.0
0,24.0,0,1621.0,0,1,1,1,0,0,0,0,0,0,0,0,0,1,0,0.0,6.535241271013659,0.0,0.0,0.6931471805599453,6.536691597591305
0,26.0,0,1256.0,0,1,1,1,0,0,0,0,1,0,0,0,0,0,1,0.0,4.382026634673881,3.9889840465642745,0.0,0.0,4.890349128221754
1,26.0,1,1493.0,1,2,0,0,0,0,1,0,1,0,0,0,0,1,0,0.0,0.0,0.0,0.0,0.0,0.0
1,26.0,1,1493.0,1,2,0,0,0,0,1,0,1,0,0,0,0,1,0,0.0,0.0,0.0,0.0,0.0,0.0
0,22.0,0,1494.0,1,1,1,1,0,0,0,0,1,0,0,0,0,1,0,6.646390514847729,0.0,0.0,0.6931471805599453,6.593044534142437,7.313220387090301
0,26.0,0,1495.0,1,1,1,1,0,0,1,0,1,0,0,0,0,1,0,7.195937226475569,0.0,3.9318256327243257,0.0,0.0,7.232733136177615
0,27.0,0,1622.0,0,1,1,1,0,0,0,0,1,0,0,0,0,1,0,0.0,4.02535169073515,0.0,6.608000625296087,4.454347296253507,6.78105762593618
0,27.0,1,1496.0,1,1,1,1,0,0,0,1,0,0,0,0,0,1,0,0.0,6.406879986069314,0.0,0.0,0.0,6.406879986069314
0,37.0,1,1497.0,1,1,1,1,0,0,0,1,0,0,0,0,0,1,0,0.0,6.8308742346461795,0.0,0.0,0.0,6.8308742346461795
1,22.0,0,1257.0,0,1,1,0,0,0,0,0,1,0,0,0,0,0,1,0.0,0.0,0.0,0.0,0.0,0.0
0,24.0,1,1258.0,0,1,1,1,0,0,0,0,0,0,0,0,0,0,1,0.0,0.0,6.697034247666484,0.0,0.0,6.697034247666484
0,23.0,0,1264.0,1,1,1,1,0,0,0,0,1,0,0,0,0,0,1,6.284134161070802,1.3862943611198906,2.8903717578961645,0.0,5.3706380281276624,6.646390514847729
0,18.0,0,1624.0,0,1,1,1,0,0,0,1,0,0,0,0,0,1,0,0.0,4.343805421853684,0.0,6.901737206656574,1.9459101490553132,6.98100574072173
1,28.0,0,1266.0,1,1,1,0,0,0,0,0,1,0,0,0,0,0,1,0.0,0.0,0.0,0.0,0.0,0.0
1,4.0,1,1267.0,1,1,1,0,1,0,0,0,1,0,0,0,0,0,1,0.0,0.0,0.0,0.0,0.0,0.0
1,23.0,1,1268.0,1,4,0,0,0,0,0,1,0,0,0,0,0,0,1,0.0,0.0,0.0,0.0,0.0,0.0
1,2.0,1,1268.0,1,4,0,0,1,0,0,1,0,0,0,0,0,0,1,0.0,0.0,0.0,0.0,0.0,0.0
0,46.0,0,1268.0,1,4,0,1,0,0,0,0,1,0,0,0,0,0,1,0.0,0.0,0.0,2.8903717578961645,6.486160788944089,6.511745329644728
0,0.0,0,1268.0,1,4,0,0,1,0,0,0,1,0,0,0,0,0,1,0.0,0.0,0.0,0.0,0.0,0.0
0,16.0,0,1626.0,0,1,1,1,0,0,1,0,1,0,0,0,0,1,0,6.999422467507961,0.0,4.007333185232471,0.0,0.0,7.047517221357296
0,19.0,0,228.0,1,1,1,1,0,0,1,0,1,0,0,1,0,0,0,7.508787170634276,3.6109179126442243,4.406719247264253,0.0,0.0,7.57095858316901
0,34.0,0,305.0,1,2,0,1,0,1,0,0,0,1,0,0,0,0,0,0.0,8.138856750696325,1.9459101490553132,7.802209316247118,7.029087564149662,8.854236693405742
0,34.0,1,305.0,1,2,0,1,0,1,0,0,1,1,0,0,0,0,0,2.4849066497880004,8.101677747454572,0.0,6.921658184151129,2.772588722239781,8.37539918579835
0,24.0,0,1269.0,1,1,1,1,0,0,0,0,1,0,0,0,0,0,1,6.180016653652572,6.875232087276577,5.857933154483459,2.995732273553991,0.0,7.505492274737424
1,28.0,0,1270.0,1,1,1,0,0,0,0,1,0,0,0,0,0,0,1,0.0,0.0,0.0,0.0,0.0,0.0
1,44.0,1,306.0,1,2,0,0,0,1,0,0,0,1,0,0,0,0,0,0.0,0.0,0.0,0.0,0.0,0.0
1,35.0,1,306.0,1,2,0,0,0,1,0,0,1,1,0,0,0,0,0,0.0,0.0,0.0,0.0,0.0,0.0
0,20.0,0,1259.0,0,1,1,0,0,0,0,0,1,0,0,0,0,0,1,0.0,0.0,0.0,0.0,0.0,0.0
0,18.0,0,1500.0,1,1,1,1,0,0,0,1,0,0,0,0,0,1,0,5.796057750765372,0.0,0.0,3.2188758248682006,5.736572297479192,6.495265555937008
0,43.0,0,1260.0,0,2,0,1,0,0,0,1,0,0,0,0,0,0,1,1.9459101490553132,3.258096538021482,0.0,8.566173813637858,0.0,8.572060092857077
0,48.0,0,1627.0,0,2,0,1,0,0,0,1,0,0,0,0,0,1,0,0.0,0.0,6.218600119691729,5.493061443340548,0.0,6.612041034833092
0,46.0,1,513.0,1,1,1,1,0,0,1,0,1,0,0,0,1,0,0,3.970291913552122,0.0,7.078341579557671,4.127134385045092,0.0,7.1693500166706
1,75.0,1,933.5,1,1,1,0,0,0,1,0,1,0,0,0,0,1,0,0.0,0.0,0.0,0.0,0.0,0.0
1,24.0,1,307.0,1,1,1,0,0,1,0,0,0,1,0,0,0,0,0,0.0,0.0,0.0,0.0,0.0,0.0
0,34.0,0,1261.0,0,1,1,1,0,0,0,0,1,0,0,0,0,0,1,0.0,2.302585092994046,6.42648845745769,0.0,5.641907070938114,6.811244378601294
0,29.0,0,933.5,1,2,0,1,0,0,1,0,1,0,0,0,0,1,0,6.959398512133975,0.0,6.455198563340122,0.0,0.0,7.431299675155903
1,46.0,1,1501.0,1,2,0,0,0,0,1,0,1,0,0,0,0,1,0,0.0,0.0,0.0,0.0,0.0,0.0
0,22.0,0,1271.0,1,1,1,1,0,0,0,0,1,0,0,0,0,0,1,6.326149473155099,4.1588830833596715,0.0,0.0,0.0,6.432940092739179
1,42.0,0,514.0,1,1,1,0,0,0,1,0,1,0,0,0,1,0,0,0.0,0.0,0.0,0.0,0.0,0.0
1,46.0,1,1629.0,0,1,1,0,0,0,1,0,1,0,0,0,0,1,0,0.0,0.0,0.0,0.0,0.0,0.0
0,15.0,0,508.0,0,1,1,1,0,0,0,0,1,0,0,0,1,0,0,0.0,1.9459101490553132,0.0,6.889591308354466,0.0,6.895682697747868
0,42.0,0,1502.0,1,3,0,1,0,0,1,0,1,0,0,0,0,1,0,7.113142108707088,6.651571873589727,2.70805020110221,0.0,0.0,7.608374474380783
0,31.0,0,515.0,1,3,0,1,0,0,1,0,1,0,0,0,1,0,0,5.117993812416755,0.0,5.697093486505405,6.728628613084702,0.0,7.1693500166706
1,9.0,1,1502.0,1,3,0,0,1,0,1,0,1,0,0,0,0,1,0,0.0,0.0,0.0,0.0,0.0,0.0
0,34.0,0,1503.0,1,1,1,1,0,0,0,0,1,0,0,0,0,1,0,0.0,0.0,0.0,5.056245805348308,6.431331081933479,6.655440350367647
0,21.0,0,1264.0,0,3,0,1,0,0,0,0,1,0,0,0,0,0,1,2.302585092994046,0.0,0.0,3.258096538021482,6.699500340161678,6.740519359606223
0,16.0,0,1630.0,0,3,0,1,0,0,0,0,0,0,0,0,0,1,0,0.0,2.4849066497880004,0.0,6.761572768804055,0.0,6.774223886357614
0,40.0,0,1630.0,0,3,0,1,0,0,0,0,1,0,0,0,0,1,0,6.453624998892692,4.110873864173311,4.90527477843843,0.0,0.0,6.720220155135295
0,23.0,1,1504.0,1,1,1,1,0,0,0,0,1,0,0,0,0,1,0,6.311734809152915,0.0,6.6052979209482015,0.0,0.0,7.161622002939187
1,6.0,0,1265.0,0,1,1,0,1,0,0,0,1,0,0,0,0,0,1,0.0,0.0,0.0,0.0,0.0,0.0
0,17.0,1,1505.0,1,1,1,1,0,0,0,0,1,0,0,0,0,1,0,4.605170185988092,6.248042874508429,7.584773077612199,0.0,1.9459101490553132,7.859026979751538
0,37.0,1,1506.0,1,1,1,1,0,0,0,0,0,0,0,0,0,1,0,2.995732273553991,6.095824562432225,7.478734825567875,0.0,1.3862943611198906,7.711996507047669
1,30.0,1,293.0,1,3,0,0,0,1,0,1,0,0,1,0,0,0,0,0.0,0.0,0.0,0.0,0.0,0.0
1,32.0,1,293.0,1,3,0,0,0,1,0,0,1,0,1,0,0,0,0,0.0,0.0,0.0,0.0,0.0,0.0
1,41.0,1,293.0,1,3,0,0,0,1,0,0,0,0,1,0,0,0,0,0.0,0.0,0.0,0.0,0.0,0.0
0,43.0,0,255.0,0,1,1,1,0,1,0,0,0,0,1,0,0,0,0,0.0,9.732521279780308,0.0,8.376781037699493,6.885509670034818,10.006856085513162
0,17.0,0,517.0,1,1,1,1,0,0,0,0,0,0,0,0,1,0,0,8.741456115998364,0.0,0.0,0.6931471805599453,3.091042453358316,8.744966011114109
1,37.0,1,257.0,0,1,1,0,0,1,0,0,1,1,0,0,0,0,0,0.0,0.0,0.0,0.0,0.0,0.0
1,18.0,1,933.5,1,1,1,0,0,0,0,0,1,0,0,0,0,1,0,0.0,0.0,0.0,0.0,0.0,0.0
0,1.0,0,1267.0,0,6,0,0,1,0,0,0,1,0,0,0,0,0,1,0.0,0.0,0.0,0.0,0.0,0.0
0,38.0,0,1267.0,0,6,0,1,0,0,0,0,1,0,0,0,0,0,1,0.0,0.0,0.0,7.44716835960004,0.0,7.44716835960004
0,25.0,0,1633.0,0,6,0,1,0,0,0,0,1,0,0,0,0,1,0,4.882801922586371,4.8283137373023015,6.013715156042802,5.2832037287379885,2.302585092994046,6.767343125265392
0,6.0,0,1267.0,0,6,0,0,1,0,0,0,1,0,0,0,0,0,1,0.0,0.0,0.0,0.0,0.0,0.0
1,1.0,1,1267.0,0,6,0,0,1,0,0,0,1,0,0,0,0,0,1,0.0,0.0,0.0,0.0,0.0,0.0
0,7.0,1,1267.0,0,6,0,0,1,0,0,1,0,0,0,0,0,0,1,0.0,0.0,0.0,0.0,0.0,0.0
0,24.0,0,1634.0,0,2,0,1,0,0,0,0,1,0,0,0,0,1,0,6.345636360828596,5.056245805348308,0.0,2.5649493574615367,0.0,6.6039438246004725
0,19.0,1,1634.0,0,2,0,1,0,0,0,0,1,0,0,0,0,1,0,0.0,6.582025138892826,0.0,3.258096538021482,0.6931471805599453,6.617402977974478
1,26.0,1,309.0,1,1,1,0,0,1,0,0,0,1,0,0,0,0,0,0.0,0.0,0.0,0.0,0.0,0.0
0,49.0,0,1268.0,0,1,1,1,0,0,0,0,1,0,0,0,0,0,1,0.0,7.461065514354283,0.0,2.995732273553991,0.0,7.471932078245122
0,18.0,0,1269.0,0,1,1,1,0,0,0,0,1,0,0,0,0,0,1,0.0,0.0,3.4965075614664802,0.0,6.513230110912307,6.559615237493242
0,25.0,0,1270.0,0,1,1,1,0,0,0,0,1,0,0,0,0,0,1,0.0,6.171700597410915,4.276666119016055,2.4849066497880004,5.093750200806762,6.583409222158765
0,46.0,0,1507.0,1,1,1,1,0,0,0,0,1,0,0,0,0,1,0,5.517452896464707,0.0,0.0,1.6094379124341003,0.0,5.53338948872752
1,33.0,0,1271.0,0,2,0,0,0,0,0,0,1,0,0,0,0,0,1,0.0,0.0,0.0,0.0,0.0,0.0
0,10.0,1,1271.0,0,2,0,0,1,0,0,0,1,0,0,0,0,0,1,0.0,0.0,0.0,0.0,0.0,0.0
1,38.0,1,1272.0,0,1,1,0,0,0,0,0,1,0,0,0,0,0,1,0.0,0.0,0.0,0.0,0.0,0.0
0,23.0,0,512.0,0,1,1,1,0,0,1,0,1,0,0,0,1,0,0,7.384610383176974,1.0986122886681096,6.144185634125646,0.0,0.0,7.639161171659173
1,26.0,1,1273.0,0,1,1,0,0,0,0,0,1,0,0,0,0,0,1,0.0,0.0,0.0,0.0,0.0,0.0
0,16.0,0,1274.0,0,1,1,1,0,0,0,0,1,0,0,0,0,0,1,0.0,2.4849066497880004,0.0,2.1972245773362196,6.71901315438526,6.741700694652055
0,29.0,1,518.0,1,1,1,1,0,0,0,0,1,0,0,0,1,0,0,3.6375861597263857,0.0,6.4692503167957724,0.0,5.181783550292085,6.755768921984256
1,35.0,1,256.0,0,1,1,0,0,1,0,1,0,0,1,0,0,0,0,0.0,0.0,0.0,0.0,0.0,0.0
0,58.0,0,1508.0,1,3,0,1,0,0,0,0,1,0,0,0,0,1,0,0.0,5.594711379601839,0.0,4.700480365792417,6.38856140554563,6.879355804460439
1,17.0,1,1273.0,1,3,0,0,0,0,0,0,0,0,0,0,0,0,1,0.0,0.0,0.0,0.0,0.0,0.0
1,16.0,1,933.5,1,3,0,0,0,0,0,0,1,0,0,0,0,1,0,0.0,0.0,0.0,0.0,0.0,0.0
1,2.0,1,1274.0,1,2,0,0,1,0,0,0,0,0,0,0,0,0,1,0.0,0.0,0.0,0.0,0.0,0.0
0,13.0,0,933.5,1,2,0,1,1,0,0,0,1,0,0,0,0,1,0,3.5553480614894135,0.6931471805599453,0.0,6.715383386334681,3.4011973816621555,6.790097235513905
0,18.0,1,1636.0,0,1,1,1,0,0,1,0,1,0,0,0,0,1,0,5.2832037287379885,0.0,6.61338421837956,0.0,0.0,6.846943139585379
0,29.0,1,519.0,1,1,1,1,0,0,0,0,0,0,0,0,1,0,0,3.8501476017100584,4.23410650459726,6.380122536899765,4.48863636973214,0.0,6.674561391814426
0,21.0,0,1509.0,1,1,1,1,0,0,0,0,0,0,0,0,0,1,0,4.634728988229636,2.302585092994046,3.091042453358316,6.142037405587356,4.653960350157523,6.55250788703459
1,43.0,1,295.0,1,1,1,0,0,1,0,0,0,0,1,0,0,0,0,0.0,0.0,0.0,0.0,0.0,0.0
1,69.0,0,1275.0,1,3,0,0,0,0,0,0,1,0,0,0,0,0,1,0.0,0.0,0.0,0.0,0.0,0.0
0,40.0,0,1275.0,1,3,0,1,0,0,0,0,1,0,0,0,0,0,1,0.0,0.0,2.70805020110221,6.666956792429207,2.3978952727983707,6.697034247666484
1,1.0,1,1275.0,1,3,0,0,1,0,0,0,1,0,0,0,0,0,1,0.0,0.0,0.0,0.0,0.0,0.0
1,36.0,1,1512.0,1,1,1,0,0,0,1,0,1,0,0,0,0,1,0,0.0,0.0,0.0,0.0,0.0,0.0
0,60.0,0,1276.0,0,4,0,0,0,0,0,0,1,0,0,0,0,0,1,0.0,0.0,0.0,0.0,0.0,0.0
1,17.0,1,1276.0,0,4,0,0,0,0,0,1,0,0,0,0,0,0,1,0.0,0.0,0.0,0.0,0.0,0.0
1,49.0,0,1276.0,0,4,0,0,0,0,0,0,1,0,0,0,0,0,1,0.0,0.0,0.0,0.0,0.0,0.0
0,23.0,0,1276.0,0,4,0,1,0,0,0,0,1,0,0,0,0,0,1,0.6931471805599453,6.55250788703459,0.0,2.0794415416798357,4.919980925828125,6.739336627357174
0,39.0,0,1638.0,0,1,1,1,0,0,0,0,1,0,0,0,0,1,0,6.159095388491933,0.0,0.0,5.159055299214529,0.0,6.470799503782602
1,53.0,1,933.5,1,2,0,0,0,0,0,0,1,0,0,0,0,1,0,0.0,0.0,0.0,0.0,0.0,0.0
0,26.0,1,1277.0,0,2,0,1,0,0,0,0,1,0,0,0,0,0,1,6.186208623900494,2.1972245773362196,8.28374674710613,0.0,0.0,8.401108712395436
0,31.0,0,296.0,1,3,0,1,0,1,0,0,1,0,1,0,0,0,0,0.0,4.477336814478207,0.0,7.724888439323074,5.41610040220442,7.853604813097837
1,48.0,1,296.0,1,3,0,0,0,1,0,0,1,0,1,0,0,0,0,0.0,0.0,0.0,0.0,0.0,0.0
0,26.0,0,296.0,1,3,0,1,0,1,0,0,0,0,1,0,0,0,0,7.267525427828172,7.157735484249907,0.0,5.187385805840755,8.524168805152662,8.978156076009824
1,25.0,1,1513.0,1,1,1,0,0,0,1,0,1,0,0,0,0,1,0,0.0,0.0,0.0,0.0,0.0,0.0
1,25.0,1,310.0,1,1,1,0,0,1,0,0,0,1,0,0,0,0,0,0.0,0.0,0.0,0.0,0.0,0.0
0,30.0,0,1639.0,0,1,1,1,0,0,0,0,1,0,0,0,0,1,0,1.6094379124341003,6.45833828334479,0.0,0.0,1.3862943611198906,6.4692503167957724
1,27.0,1,1278.0,1,1,1,0,0,0,0,0,1,0,0,0,0,0,1,0.0,0.0,0.0,0.0,0.0,0.0
1,23.0,0,1278.0,0,3,0,0,0,0,0,0,1,0,0,0,0,0,1,0.0,0.0,0.0,0.0,0.0,0.0
0,24.0,0,1278.0,0,3,0,1,0,0,0,0,1,0,0,0,0,0,1,0.0,4.394449154672439,4.672828834461906,5.84354441703136,0.0,6.274762021241939
0,47.0,1,1278.0,0,3,0,1,0,0,0,0,1,0,0,0,0,0,1,5.986452005284438,0.0,5.7745515455444085,0.0,1.791759469228055,6.584791392385716
1,37.0,0,1279.0,0,1,1,0,0,0,0,0,1,0,0,0,0,0,1,0.0,0.0,0.0,0.0,0.0,0.0
1,24.0,1,1640.0,0,1,1,0,0,0,1,0,1,0,0,0,0,1,0,0.0,0.0,0.0,0.0,0.0,0.0
0,21.0,0,1281.0,0,1,1,1,0,0,0,0,1,0,0,0,0,0,1,4.51085950651685,0.0,6.706862336602747,0.0,0.0,6.811244378601294
1,42.0,1,1515.0,1,1,1,0,0,0,1,0,1,0,0,0,0,1,0,0.0,0.0,0.0,0.0,0.0,0.0
0,39.0,0,1517.0,1,1,1,1,0,0,0,0,1,0,0,0,0,1,0,8.016647877057803,4.382026634673881,0.0,0.0,0.0,8.04237800517328
0,28.0,0,1642.0,0,1,1,1,0,0,0,0,1,0,0,0,0,1,0,6.380122536899765,4.060443010546419,0.0,0.0,0.0,6.472346294500901
0,32.0,0,514.0,0,1,1,1,0,0,0,0,1,0,0,0,1,0,0,0.0,0.0,0.0,5.902633333401366,7.104144092987527,7.366445148327599
0,31.0,0,311.0,1,1,1,1,0,1,0,0,1,1,0,0,0,0,0,0.0,6.814542897259958,4.07753744390572,7.411556287811163,7.1049654482698426,8.253227645581772
1,13.0,1,933.5,1,1,1,0,1,0,0,0,1,0,0,0,0,1,0,0.0,0.0,0.0,0.0,0.0,0.0
0,41.0,1,1520.0,1,1,1,1,0,0,0,0,1,0,0,0,0,1,0,4.442651256490317,0.0,1.9459101490553132,6.699500340161678,1.0986122886681096,6.806829360392176
0,21.0,0,1644.0,0,3,0,1,0,0,0,0,1,0,0,0,0,1,0,2.0794415416798357,0.0,6.434546518787453,0.0,0.0,6.4457198193855785
0,27.0,0,1284.0,0,3,0,0,0,0,0,0,1,0,0,0,0,0,1,0.0,0.0,0.0,0.0,0.0,0.0
0,9.0,1,1284.0,0,3,0,0,1,0,0,0,1,0,0,0,0,0,1,0.0,0.0,0.0,0.0,0.0,0.0
0,36.0,0,229.0,1,2,0,1,0,1,0,0,1,0,0,1,0,0,0,0.0,9.162514742493578,0.0,7.752335163302292,6.135564891081739,9.41897923708751
1,30.0,1,229.0,1,2,0,0,0,1,0,0,0,0,0,1,0,0,0,0.0,0.0,0.0,0.0,0.0,0.0
0,27.0,0,1281.0,1,1,1,1,0,0,0,0,1,0,0,0,0,0,1,0.0,6.386879319362645,0.0,5.560681631015528,0.0,6.748759547491679
0,40.0,0,1521.0,1,1,1,1,0,0,0,0,1,0,0,0,0,1,0,6.364750756851911,0.0,6.104793232414985,1.9459101490553132,0.0,6.9411900550683745
0,41.0,0,257.0,0,1,1,1,0,1,0,0,1,0,1,0,0,0,0,0.0,4.762173934797756,9.278559610953327,9.125000324809168,2.3978952727983707,9.904137341377625
1,16.0,1,258.0,0,2,0,0,0,1,0,0,0,1,0,0,0,0,0,0.0,0.0,0.0,0.0,0.0,0.0
0,36.0,1,258.0,0,2,0,1,0,1,0,1,0,1,0,0,0,0,0,1.0986122886681096,8.780326390946605,0.0,4.59511985013459,1.6094379124341003,8.796187635470453
0,15.0,0,230.0,1,2,0,1,0,1,0,0,1,0,0,1,0,0,0,3.4657359027997265,6.690842277418564,0.6931471805599453,8.462314529906248,7.8547691834991324,9.005282288208358
1,39.0,1,230.0,1,2,0,0,0,1,0,0,1,0,0,1,0,0,0,0.0,0.0,0.0,0.0,0.0,0.0
1,21.0,1,1522.0,1,1,1,0,0,0,1,0,1,0,0,0,0,1,0,0.0,0.0,0.0,0.0,0.0,0.0
0,24.0,1,1645.0,0,1,1,1,0,0,0,1,0,0,0,0,0,1,0,0.0,0.0,6.405228458030842,0.0,4.5217885770490405,6.54534966033442
0,28.0,0,1646.0,0,1,1,1,0,0,1,0,1,0,0,0,0,1,0,7.502186486602925,0.6931471805599453,4.060443010546419,0.0,0.0,7.533693709848633
0,47.0,0,1283.0,1,1,1,1,0,0,0,0,1,0,0,0,0,0,1,0.0,2.70805020110221,0.0,7.754052639035757,0.0,7.76004068088038
0,55.0,0,1287.0,0,4,0,1,0,0,0,0,1,0,0,0,0,0,1,0.0,7.390798521735676,5.075173815233827,0.0,0.0,7.484368643286131
1,27.0,1,1287.0,0,4,0,0,0,0,0,0,1,0,0,0,0,0,1,0.0,0.0,0.0,0.0,0.0,0.0
0,22.0,1,516.0,0,4,0,1,0,0,0,0,0,0,0,0,1,0,0,2.3978952727983707,0.0,6.437751649736401,0.0,4.454347296253507,6.579251212010101
1,26.0,1,1287.0,0,4,0,0,0,0,0,0,1,0,0,0,0,0,1,0.0,0.0,0.0,0.0,0.0,0.0
0,62.0,0,1523.0,1,2,0,1,0,0,1,0,1,0,0,0,0,1,0,4.61512051684126,0.0,3.6635616461296463,7.10002716662926,0.0,7.2078598714324755
0,53.0,0,524.0,1,2,0,1,0,0,1,0,1,0,0,0,1,0,0,6.767343125265392,0.0,6.532334292222349,6.255750041753367,3.2188758248682006,7.649216319820633
0,29.0,0,1284.0,1,1,1,1,0,0,0,0,0,0,0,0,0,0,1,3.4339872044851463,0.0,0.0,0.0,6.660575149839686,6.698268054115413
0,21.0,0,1288.0,0,1,1,1,0,0,0,0,1,0,0,0,0,0,1,6.46302945692067,0.0,4.976733742420574,4.653960350157523,0.0,6.790097235513905
1,18.0,1,1285.0,1,1,1,0,0,0,0,1,0,0,0,0,0,0,1,0.0,0.0,0.0,0.0,0.0,0.0
1,34.0,1,525.0,1,1,1,0,0,0,1,0,1,0,0,0,1,0,0,0.0,0.0,0.0,0.0,0.0,0.0
0,19.0,0,1648.0,0,1,1,1,0,0,0,0,1,0,0,0,0,1,0,0.6931471805599453,2.0794415416798357,0.0,6.536691597591305,0.0,6.548219102762372
0,14.0,0,1290.0,0,1,1,1,1,0,0,0,1,0,0,0,0,0,1,0.0,5.8888779583328805,0.0,3.258096538021482,7.201170883281678,7.453561871643373
0,21.0,0,1288.0,1,1,1,1,0,0,0,0,1,0,0,0,0,0,1,6.539585955617669,0.0,0.0,0.0,2.772588722239781,6.561030665896573
0,55.0,1,232.0,1,1,1,1,0,0,1,0,1,0,0,1,0,0,0,5.932245187448011,0.0,6.755768921984256,0.0,3.4657359027997265,7.143617602704121
0,18.0,1,258.0,0,1,1,1,0,1,0,0,0,0,1,0,0,0,0,0.0,8.158516244806831,0.0,6.2285110035911835,2.1972245773362196,8.295798110636145
1,33.0,1,260.0,0,2,0,0,0,1,0,0,0,1,0,0,0,0,0,0.0,0.0,0.0,0.0,0.0,0.0
0,35.0,0,260.0,0,2,0,1,0,1,0,0,1,1,0,0,0,0,0,0.0,5.5093883366279774,3.258096538021482,3.7612001156935624,8.224431573221159,8.304989580140361
1,31.0,1,297.0,1,1,1,0,0,0,0,0,1,0,1,0,0,0,0,0.0,0.0,0.0,0.0,0.0,0.0
0,27.0,0,259.0,0,2,0,1,0,1,0,0,1,0,1,0,0,0,0,0.0,7.7488913372555315,7.028201432058005,7.793174347189205,4.7535901911063645,8.696844519654313
0,27.0,0,259.0,0,2,0,1,0,1,0,0,1,0,1,0,0,0,0,0.0,3.6109179126442243,4.499809670330265,6.855408798609928,6.833031732786201,7.601402334583733
1,13.0,1,1289.0,1,1,1,0,1,0,0,1,0,0,0,0,0,0,1,0.0,0.0,0.0,0.0,0.0,0.0
0,24.0,0,1652.0,0,2,0,1,0,0,0,0,1,0,0,0,0,1,0,3.2188758248682006,5.1647859739235145,0.0,6.234410725718371,2.772588722239781,6.583409222158765
0,22.0,0,1293.0,0,2,0,1,0,0,0,0,1,0,0,0,0,0,1,3.4657359027997265,0.0,0.6931471805599453,3.258096538021482,6.630683385642372,6.703188113240863
1,32.0,0,261.0,0,2,0,0,0,1,0,0,1,1,0,0,0,0,0,0.0,0.0,0.0,0.0,0.0,0.0
1,18.0,1,261.0,0,2,0,0,0,1,0,0,1,1,0,0,0,0,0,0.0,0.0,0.0,0.0,0.0,0.0
1,53.0,1,933.5,1,1,1,0,0,1,0,0,1,0,0,0,0,1,0,0.0,0.0,0.0,0.0,0.0,0.0
0,4.0,1,1653.0,0,4,0,0,1,0,1,0,1,0,0,0,0,1,0,0.0,0.0,0.0,0.0,0.0,0.0
1,24.0,1,1653.0,0,4,0,0,0,0,1,0,1,0,0,0,0,1,0,0.0,0.0,0.0,0.0,0.0,0.0
0,23.0,1,1653.0,0,4,0,1,0,0,1,0,1,0,0,0,0,1,0,6.476972362889683,0.0,6.434546518787453,0.0,0.0,7.148345743900068
0,1.0,1,1653.0,0,4,0,0,1,0,1,0,1,0,0,0,0,1,0,0.0,0.0,0.0,0.0,0.0,0.0
0,18.0,1,1654.0,0,1,1,1,0,0,0,0,1,0,0,0,0,1,0,7.585788821732034,0.0,5.739792912179234,0.0,0.0,7.731930721948486
0,21.0,0,1655.0,0,1,1,1,0,0,1,0,1,0,0,0,0,1,0,6.732210706467206,3.828641396489095,6.1224928095143865,0.0,0.0,7.199678345691172
0,40.0,0,248.0,0,1,1,1,0,0,1,0,1,0,0,1,0,0,0,8.245384468120747,0.0,3.091042453358316,0.0,0.6931471805599453,8.251142139090751
1,49.0,1,313.0,1,1,1,0,0,1,0,0,1,1,0,0,0,0,0,0.0,0.0,0.0,0.0,0.0,0.0
1,25.0,0,1290.0,1,1,1,0,0,0,0,1,0,0,0,0,0,0,1,0.0,0.0,0.0,0.0,0.0,0.0
1,21.0,1,1294.0,0,1,1,0,0,0,0,0,0,0,0,0,0,0,1,0.0,0.0,0.0,0.0,0.0,0.0
1,40.0,1,96.0,1,2,0,0,0,1,0,0,1,0,0,0,0,0,0,0.0,0.0,0.0,0.0,0.0,0.0
1,47.0,1,96.0,1,2,0,0,0,1,0,0,0,0,0,0,0,0,0,0.0,0.0,0.0,0.0,0.0,0.0
0,25.0,0,1295.0,0,1,1,1,0,0,0,1,0,0,0,0,0,0,1,5.0369526024136295,0.0,0.0,5.963579343618446,0.0,6.295266001439646
1,36.0,1,933.5,1,1,1,0,0,1,0,0,1,0,0,0,0,1,0,0.0,0.0,0.0,0.0,0.0,0.0
0,39.0,0,1657.0,0,1,1,1,0,0,0,0,1,0,0,0,0,1,0,2.8903717578961645,5.814130531825066,6.5638555265321274,2.8903717578961645,5.905361848054571,7.274479558773871
1,26.0,1,262.0,0,1,1,0,0,1,0,0,0,1,0,0,0,0,0,0.0,0.0,0.0,0.0,0.0,0.0
0,0.0,1,1292.0,1,2,0,0,1,0,0,0,1,0,0,0,0,0,1,0.0,0.0,0.0,0.0,0.0,0.0
1,14.0,1,1292.0,1,2,0,0,1,0,0,0,1,0,0,0,0,0,1,0.0,0.0,0.0,0.0,0.0,0.0
0,7.0,1,1659.0,0,1,1,0,1,0,1,0,1,0,0,0,0,1,0,0.0,0.0,0.0,0.0,0.0,0.0
1,50.0,1,1527.0,1,1,1,0,0,0,1,0,0,0,0,0,0,1,0,0.0,0.0,0.0,0.0,0.0,0.0
0,22.0,0,1528.0,1,3,0,1,0,0,0,0,0,0,0,0,0,1,0,0.0,2.772588722239781,0.0,6.3080984415095305,4.8283137373023015,6.5337888379333435
1,17.0,1,1293.0,1,3,0,0,0,0,0,1,0,0,0,0,0,0,1,0.0,0.0,0.0,0.0,0.0,0.0
0,35.0,0,1528.0,1,3,0,1,0,0,0,0,1,0,0,0,0,1,0,6.517671272912275,0.0,0.0,0.0,3.713572066704308,6.57507584059962
0,22.0,0,1529.0,1,1,1,1,0,0,0,0,1,0,0,0,0,1,0,0.0,7.044032897274685,0.0,0.0,5.918893854273146,7.324489979348532
0,26.0,0,1296.0,0,2,0,1,0,0,0,0,1,0,0,0,0,0,1,0.0,0.0,0.6931471805599453,6.787844982309579,0.0,6.78897174299217
0,24.0,1,517.0,0,2,0,1,0,0,0,1,0,0,0,0,1,0,0,0.0,0.0,4.532599493153256,7.30854279753919,0.0,7.368339686311381
0,59.0,1,300.0,1,1,1,1,0,1,0,0,1,0,1,0,0,0,0,0.0,7.860956364876389,0.0,4.59511985013459,0.0,7.898039690764619
1,24.0,1,1531.0,1,3,0,0,0,0,1,0,1,0,0,0,0,1,0,0.0,0.0,0.0,0.0,0.0,0.0
0,17.0,0,530.0,1,3,0,0,0,0,1,0,1,0,0,0,1,0,0,0.0,0.0,0.0,0.0,0.0,0.0
1,28.0,1,1531.0,1,3,0,0,0,0,1,0,1,0,0,0,0,1,0,0.0,0.0,0.0,0.0,0.0,0.0
1,38.0,1,1294.0,1,1,1,0,0,0,0,0,1,0,0,0,0,0,1,0.0,0.0,0.0,0.0,0.0,0.0
0,2.0,1,315.0,1,3,0,0,1,1,0,0,1,1,0,0,0,0,0,0.0,0.0,0.0,0.0,0.0,0.0
0,36.0,0,315.0,1,3,0,1,0,1,0,0,1,1,0,0,0,0,0,0.0,5.501258210544727,0.0,8.600246746551523,7.741967899820685,8.984568369308281
1,32.0,1,315.0,1,3,0,0,0,1,0,0,0,1,0,0,0,0,0,0.0,0.0,0.0,0.0,0.0,0.0
0,15.0,0,531.0,1,1,1,1,0,0,0,0,1,0,0,0,1,0,0,0.0,2.3978952727983707,0.0,6.39024066706535,5.945420608606575,6.894670039433482
0,54.0,0,1532.0,1,1,1,1,0,0,0,0,1,0,0,0,0,1,0,0.0,0.0,1.791759469228055,7.1459844677143876,3.295836866004329,7.170119543449628
1,18.0,1,1660.0,0,1,1,0,0,0,1,0,1,0,0,0,0,1,0,0.0,0.0,0.0,0.0,0.0,0.0
0,22.0,0,1661.0,0,1,1,1,0,0,0,0,1,0,0,0,0,1,0,6.505784060128229,4.382026634673881,0.0,0.0,0.6931471805599453,6.618738983517219
1,23.0,0,1298.0,0,1,1,0,0,0,0,0,1,0,0,0,0,0,1,0.0,0.0,0.0,0.0,0.0,0.0
0,14.0,1,249.0,0,2,0,1,1,1,0,0,1,0,0,1,0,0,0,0.0,8.422003004412488,5.605802066295998,5.298317366548036,7.228388451573604,8.762958920766726
1,26.0,1,249.0,0,2,0,0,0,1,0,0,1,0,0,1,0,0,0,0.0,0.0,0.0,0.0,0.0,0.0
0,73.0,0,1533.0,1,1,1,1,0,0,0,0,1,0,0,0,0,1,0,2.833213344056216,0.0,6.583409222158765,1.0986122886681096,4.499809670330265,6.721425700790643
0,29.0,1,263.0,0,1,1,0,0,1,0,0,1,1,0,0,0,0,0,0.0,0.0,0.0,0.0,0.0,0.0
1,29.0,1,1534.0,1,1,1,0,0,0,1,0,1,0,0,0,0,1,0,0.0,0.0,0.0,0.0,0.0,0.0
0,12.0,0,1297.0,1,2,0,0,1,0,0,0,1,0,0,0,0,0,1,0.0,0.0,0.0,0.0,0.0,0.0
0,27.0,0,1535.0,1,2,0,1,0,0,0,0,0,0,0,0,0,1,0,3.4657359027997265,5.420534999272286,5.805134968916488,0.0,2.70805020110221,6.400257445308821
0,31.0,0,1298.0,1,1,1,1,0,0,0,0,1,0,0,0,0,0,1,6.659293919683638,0.0,1.3862943611198906,4.060443010546419,0.0,6.733401891837359
1,26.0,0,1299.0,1,1,1,0,0,0,0,1,0,0,0,0,0,0,1,0.0,0.0,0.0,0.0,0.0,0.0
1,35.0,1,250.0,0,1,1,0,0,1,0,0,0,0,0,1,0,0,0,0.0,0.0,0.0,0.0,0.0,0.0
1,25.0,1,85.0,0,2,0,0,0,1,0,0,1,0,0,0,0,0,0,0.0,0.0,0.0,0.0,0.0,0.0
1,40.0,1,85.0,0,2,0,0,0,1,0,0,1,0,0,0,0,0,0,0.0,0.0,0.0,0.0,0.0,0.0
1,18.0,0,532.0,1,2,0,0,0,0,1,0,1,0,0,0,1,0,0,0.0,0.0,0.0,0.0,0.0,0.0
0,52.0,0,532.0,1,2,0,1,0,0,1,0,1,0,0,0,1,0,0,7.109062135687172,1.0986122886681096,4.31748811353631,0.0,0.0,7.1693500166706
1,35.0,1,1536.0,1,1,1,0,0,0,1,0,1,0,0,0,0,1,0,0.0,0.0,0.0,0.0,0.0,0.0
0,51.0,0,1537.0,1,2,0,1,0,0,0,0,1,0,0,0,0,1,0,5.153291594497779,5.860786223465865,0.0,2.833213344056216,6.913737350659685,7.342131730584722
0,35.0,0,1537.0,1,2,0,1,0,0,0,0,1,0,0,0,0,1,0,0.0,0.0,4.143134726391533,0.0,6.79346613258001,6.860663671448287
0,14.0,0,1538.0,1,1,1,1,1,0,0,0,1,0,0,0,0,1,0,0.0,6.1675164908883415,5.521460917862246,5.181783550292085,0.0,6.805722553416985
1,27.0,1,301.0,1,2,0,0,0,1,0,0,0,0,1,0,0,0,0,0.0,0.0,0.0,0.0,0.0,0.0
1,26.0,1,301.0,1,2,0,0,0,1,0,0,0,0,1,0,0,0,0,0.0,0.0,0.0,0.0,0.0,0.0
1,21.0,0,1299.0,0,1,1,0,0,0,0,0,0,0,0,0,0,0,1,0.0,0.0,0.0,0.0,0.0,0.0
0,45.0,1,97.0,1,4,0,1,0,1,0,0,0,0,0,0,0,0,0,1.791759469228055,9.792667717430884,0.0,4.382026634673881,5.641907070938114,9.812851432276684
0,29.0,1,97.0,1,4,0,1,0,1,0,0,1,0,0,0,0,0,0,0.0,7.25063551189868,0.0,6.013715156042802,0.6931471805599453,7.505492274737424
0,39.0,1,97.0,1,4,0,1,0,1,0,0,1,0,0,0,0,0,0,0.6931471805599453,5.973809611869261,4.174387269895637,5.003946305945459,7.221105098182496,7.587310506022615
1,37.0,1,97.0,1,4,0,0,0,1,0,0,0,0,0,0,0,0,0,0.0,0.0,0.0,0.0,0.0,0.0
1,22.0,1,1300.0,0,1,1,0,0,0,0,1,0,0,0,0,0,0,1,0.0,0.0,0.0,0.0,0.0,0.0
0,22.0,0,1301.0,0,1,1,1,0,0,0,0,1,0,0,0,0,0,1,1.9459101490553132,3.091042453358316,0.0,6.663132695990803,0.0,6.697034247666484
0,30.0,0,1300.0,1,3,0,1,0,0,0,1,0,0,0,0,0,0,1,0.0,3.5553480614894135,4.969813299576001,5.62040086571715,0.0,6.115892125483034
1,1.0,1,933.5,1,3,0,0,1,0,0,0,1,0,0,0,0,1,0,0.0,0.0,0.0,0.0,0.0,0.0
1,0.0,1,1300.0,1,3,0,0,1,0,0,1,0,0,0,0,0,0,1,0.0,0.0,0.0,0.0,0.0,0.0
0,9.0,0,1302.0,1,2,0,0,1,0,0,0,1,0,0,0,0,0,1,0.0,0.0,0.0,0.0,0.0,0.0
0,18.0,0,1302.0,1,2,0,1,0,0,0,1,0,0,0,0,0,0,1,0.0,0.0,0.0,0.6931471805599453,5.817111159963204,5.820082930352362
0,29.0,0,1663.0,0,1,1,1,0,0,1,0,1,0,0,0,0,1,0,7.3427791893318455,0.6931471805599453,5.332718793265369,0.0,0.0,7.468513271496337
0,52.0,0,1540.0,1,1,1,1,0,0,1,0,0,0,0,0,0,1,0,0.0,0.0,5.572154032177765,7.262628600974241,6.349138991379798,7.7226775164680035
0,27.0,0,533.0,1,1,1,1,0,0,0,0,1,0,0,0,1,0,0,0.0,0.0,6.741700694652055,4.0943445622221,0.0,6.80903930604298
0,54.0,0,262.0,0,2,0,1,0,1,0,0,1,0,1,0,0,0,0,0.0,6.677083461247136,0.0,4.477336814478207,7.357556200910353,7.803026643632217
0,28.0,1,262.0,0,2,0,1,0,1,0,0,1,0,1,0,0,0,0,3.713572066704308,9.10642325855641,0.0,4.718498871295094,6.313548046277095,9.18142636181154
1,65.0,1,267.0,0,2,0,0,0,1,0,0,1,1,0,0,0,0,0,0.0,0.0,0.0,0.0,0.0,0.0
1,26.0,1,267.0,0,2,0,0,0,1,0,0,0,1,0,0,0,0,0,0.0,0.0,0.0,0.0,0.0,0.0
0,29.0,0,1664.0,0,1,1,1,0,0,0,0,1,0,0,0,0,1,0,2.5649493574615367,1.0986122886681096,0.0,6.07073772800249,7.3453648404168685,7.598399329323964
0,20.0,0,1302.0,0,1,1,1,0,0,0,0,1,0,0,0,0,0,1,0.0,3.6635616461296463,0.0,0.0,7.484368643286131,7.505492274737424
0,39.0,0,1541.0,1,2,0,1,0,0,1,0,1,0,0,0,0,1,0,7.222566018822171,5.560681631015528,6.8679744089702925,0.6931471805599453,3.4011973816621555,7.870547844507712
1,37.0,1,1541.0,1,2,0,0,0,0,1,0,1,0,0,0,0,1,0,0.0,0.0,0.0,0.0,0.0,0.0
0,20.0,0,1543.0,1,1,1,1,0,0,0,0,1,0,0,0,0,1,0,0.0,3.258096538021482,0.0,2.4849066497880004,0.0,3.6109179126442243
1,40.0,1,933.5,1,3,0,0,0,0,1,0,1,0,0,0,0,1,0,0.0,0.0,0.0,0.0,0.0,0.0
0,0.0,1,534.0,1,3,0,0,1,0,1,0,1,0,0,0,1,0,0,0.0,0.0,0.0,0.0,0.0,0.0
1,33.0,0,534.0,1,3,0,0,0,0,1,0,1,0,0,0,1,0,0,0.0,0.0,0.0,0.0,0.0,0.0
1,23.0,1,1544.0,1,1,1,0,0,0,1,0,1,0,0,0,0,1,0,0.0,0.0,0.0,0.0,0.0,0.0
0,32.0,0,1666.0,0,1,1,1,0,0,0,0,0,0,0,0,0,1,0,0.6931471805599453,0.0,0.0,2.302585092994046,6.498282149476434,6.513230110912307
0,20.0,0,1545.0,1,1,1,1,0,0,0,0,1,0,0,0,0,1,0,0.0,3.970291913552122,0.0,4.709530201312334,6.421622267806518,6.655440350367647
1,60.0,1,234.0,1,1,1,0,0,1,0,0,0,0,0,1,0,0,0,0.0,0.0,0.0,0.0,0.0,0.0
0,53.0,1,1546.0,1,1,1,1,0,0,0,0,1,0,0,0,0,1,0,0.0,0.0,6.57507584059962,0.0,0.0,6.57507584059962
1,26.0,1,236.0,1,2,0,0,0,1,0,0,1,0,0,1,0,0,0,0.0,0.0,0.0,0.0,0.0,0.0
0,35.0,0,236.0,1,2,0,1,0,1,0,0,0,0,0,1,0,0,0,0.0,8.612685172875459,0.0,5.198497031265826,8.062747901086354,9.088624613292087
0,19.0,0,1547.0,1,1,1,1,0,0,0,0,0,0,0,0,0,1,0,5.87493073085203,0.0,0.0,0.0,5.652489180268651,6.461468176353717
0,43.0,0,263.0,0,2,0,1,0,1,0,0,0,0,1,0,0,0,0,0.6931471805599453,7.630946580890459,0.0,0.6931471805599453,7.9247959139564355,8.481980435660493
0,29.0,0,263.0,0,2,0,1,0,1,0,0,0,0,1,0,0,0,0,7.8961806086154915,0.0,0.0,7.956827122090111,7.845416036592485,8.998878325435811
0,20.0,0,1304.0,0,1,1,1,0,0,0,0,1,0,0,0,0,0,1,6.582025138892826,4.812184355372417,0.0,0.0,0.0,6.738152494595957
0,19.0,0,1667.0,0,1,1,1,0,0,0,0,1,0,0,0,0,1,0,0.0,0.0,4.90527477843843,7.566311014772463,0.0,7.633369649679584
0,21.0,1,1548.0,1,1,1,1,0,0,0,1,0,0,0,0,0,1,0,6.226536669287466,0.0,0.0,0.0,4.709530201312334,6.423246963533519
0,39.0,1,251.0,0,1,1,1,0,1,0,0,0,0,0,1,0,0,0,1.0986122886681096,9.645429005150419,5.820082930352362,0.6931471805599453,6.807934943699926,9.722804652410682
1,12.0,0,1305.0,0,2,0,0,1,0,0,0,1,0,0,0,0,0,1,0.0,0.0,0.0,0.0,0.0,0.0
0,20.0,1,1668.0,0,2,0,1,0,0,0,0,0,0,0,0,0,1,0,7.519149957669823,0.0,0.0,0.0,0.0,7.519149957669823
0,18.0,0,1669.0,0,1,1,1,0,0,0,0,1,0,0,0,0,1,0,6.39024066706535,4.90527477843843,2.0794415416798357,0.0,0.0,6.602587892189336
0,31.0,0,264.0,0,1,1,1,0,1,0,0,1,0,1,0,0,0,0,0.0,6.61472560020376,0.0,8.808219665118408,7.6787889981991535,9.1689974084418
0,35.0,0,1549.0,1,1,1,1,0,0,0,1,0,0,0,0,0,1,0,6.455198563340122,1.3862943611198906,0.0,0.0,3.258096538021482,6.498282149476434
1,44.0,1,1306.0,0,1,1,0,0,0,0,1,0,0,0,0,0,0,1,0.0,0.0,0.0,0.0,0.0,0.0
0,62.0,1,268.0,0,1,1,1,0,1,0,0,1,1,0,0,0,0,0,3.5263605246161616,8.165932137321585,0.0,5.978885764901122,0.0,8.28045768658256
0,23.0,0,521.0,0,2,0,1,0,0,1,0,1,0,0,0,1,0,0,0.6931471805599453,0.0,2.4849066497880004,0.0,7.756623334538858,7.761744984658913
0,23.0,0,1670.0,0,2,0,1,0,0,1,0,1,0,0,0,0,1,0,1.3862943611198906,0.0,0.0,7.425357887027151,0.0,7.427144133408616
0,19.0,1,1671.0,0,1,1,1,0,0,0,0,1,0,0,0,0,1,0,0.0,0.0,7.474204806496124,0.0,3.6109179126442243,7.494430215031565
0,29.0,0,1672.0,0,1,1,1,0,0,0,0,1,0,0,0,0,1,0,2.9444389791664403,2.0794415416798357,0.0,0.0,6.659293919683638,6.690842277418564
0,31.0,1,238.0,1,3,0,1,0,1,0,0,1,0,0,1,0,0,0,0.0,8.445911989411274,4.912654885736052,7.638198244285779,5.998936561946683,8.891236429516061
1,33.0,1,238.0,1,3,0,0,0,1,0,0,0,0,0,1,0,0,0,0.0,0.0,0.0,0.0,0.0,0.0
0,41.0,0,238.0,1,3,0,1,0,1,0,0,1,0,0,1,0,0,0,0.0,8.076204527239026,0.0,6.073044534100405,6.249975242259483,8.334951631422454
0,60.0,1,265.0,0,1,1,1,0,1,0,0,1,0,1,0,0,0,0,2.995732273553991,8.89795568688403,0.0,0.0,7.485491608030754,9.117896081584902
1,41.0,1,317.0,1,1,1,0,0,1,0,0,1,1,0,0,0,0,0,0.0,0.0,0.0,0.0,0.0,0.0
0,69.0,0,269.0,0,4,0,1,0,1,0,0,1,1,0,0,0,0,0,0.0,5.598421958998375,0.0,5.25227342804663,9.108750516214549,9.158309963881798
0,44.0,1,269.0,0,4,0,1,0,1,0,0,0,1,0,0,0,0,0,2.302585092994046,7.7458682297922685,0.0,6.452048954437226,0.6931471805599453,7.991253929840198
1,18.0,1,269.0,0,4,0,0,0,1,0,0,0,1,0,0,0,0,0,0.0,0.0,0.0,0.0,0.0,0.0
0,26.0,1,269.0,0,4,0,1,0,1,0,0,0,1,0,0,0,0,0,0.0,9.358674166481876,0.0,1.3862943611198906,5.958424693029782,9.391661428436553
0,30.0,0,1674.0,0,1,1,1,0,0,0,0,1,0,0,0,0,1,0,1.6094379124341003,0.0,6.093569770045136,7.80057265467065,0.0,7.968319500012717
0,34.0,0,1675.0,0,1,1,1,0,0,1,0,1,0,0,0,0,1,0,4.406719247264253,0.0,6.20050917404269,4.812184355372417,0.0,6.54534966033442
0,18.0,0,1677.0,0,1,1,1,0,0,0,1,0,0,0,0,0,1,0,0.0,0.0,2.772588722239781,6.3473892096560105,4.442651256490317,6.507277712385012
1,49.0,1,1306.0,1,1,1,0,0,0,0,0,0,0,0,0,0,0,1,0.0,0.0,0.0,0.0,0.0,0.0
0,71.0,0,1678.0,0,1,1,1,0,0,0,1,0,0,0,0,0,1,0,3.8918202981106265,3.784189633918261,0.0,4.3694478524670215,6.282266746896006,6.556778356158042
0,19.0,0,1552.0,1,1,1,1,0,0,0,1,0,0,0,0,0,1,0,5.017279836814924,6.406879986069314,0.0,0.0,0.6931471805599453,6.6293632534374485
0,23.0,0,1553.0,1,1,1,1,0,0,0,1,0,0,0,0,0,1,0,4.51085950651685,1.6094379124341003,0.0,2.0794415416798357,6.3784261836515865,6.536691597591305
1,31.0,1,318.0,1,2,0,0,0,1,0,0,1,1,0,0,0,0,0,0.0,0.0,0.0,0.0,0.0,0.0
1,40.0,1,318.0,1,2,0,0,0,1,0,0,1,1,0,0,0,0,0,0.0,0.0,0.0,0.0,0.0,0.0
0,28.0,0,252.0,0,1,1,1,0,0,1,0,0,0,0,1,0,0,0,3.912023005428146,0.0,0.0,1.0986122886681096,7.036148493750536,7.080026499922591
1,17.0,1,319.0,1,3,0,0,0,1,0,0,1,1,0,0,0,0,0,0.0,0.0,0.0,0.0,0.0,0.0
0,24.0,0,319.0,1,3,0,1,0,1,0,0,1,1,0,0,0,0,0,0.0,6.697034247666484,0.0,8.502891406705377,4.969813299576001,8.679482094459956
1,54.0,1,319.0,1,3,0,0,0,1,0,0,0,1,0,0,0,0,0,0.0,0.0,0.0,0.0,0.0,0.0
1,21.0,0,1310.0,0,1,1,0,0,0,0,0,1,0,0,0,0,0,1,0.0,0.0,0.0,0.0,0.0,0.0
1,2.0,0,1555.0,1,3,0,0,1,0,0,0,0,0,0,0,0,1,0,0.0,0.0,0.0,0.0,0.0,0.0
0,20.0,1,1555.0,1,3,0,1,0,0,0,0,0,0,0,0,0,1,0,1.9459101490553132,7.02108396428914,0.0,3.2188758248682006,2.639057329615259,7.0587581525186645
0,20.0,0,1555.0,1,3,0,1,0,0,0,0,0,0,0,0,0,1,0,4.584967478670572,5.634789603169249,0.0,5.71042701737487,3.6888794541139363,6.57507584059962
0,36.0,1,253.0,0,1,1,1,0,1,0,0,0,0,0,1,0,0,0,0.0,8.357259153499912,0.0,0.0,7.425953657077541,8.68929604801586
1,25.0,1,1311.0,0,1,1,0,0,0,0,0,1,0,0,0,0,0,1,0.0,0.0,0.0,0.0,0.0,0.0
0,58.0,0,302.0,1,3,0,1,0,1,0,0,0,0,1,0,0,0,0,0.0,5.424950017481403,0.0,8.60922527686273,0.0,8.649623978596727
0,37.0,1,302.0,1,3,0,1,0,1,0,0,1,0,1,0,0,0,0,4.382026634673881,5.389071729816501,0.0,6.093569770045136,6.492239835020471,7.243512974665482
0,26.0,0,302.0,1,3,0,1,0,1,0,0,1,0,1,0,0,0,0,0.0,2.639057329615259,0.0,8.24380842366528,8.17695386822578,8.90571557879409
1,45.0,0,1312.0,0,1,1,0,0,0,0,0,1,0,0,0,0,0,1,0.0,0.0,0.0,0.0,0.0,0.0
0,44.0,0,1681.0,0,1,1,1,0,0,0,0,1,0,0,0,0,1,0,0.0,6.806829360392176,0.0,0.0,0.0,6.806829360392176
1,24.0,1,1682.0,0,1,1,0,0,0,1,0,1,0,0,0,0,1,0,0.0,0.0,0.0,0.0,0.0,0.0
1,13.0,1,933.5,1,5,0,0,1,0,0,0,0,0,0,0,0,1,0,0.0,0.0,0.0,0.0,0.0,0.0
0,4.0,1,1313.0,0,5,0,0,1,0,0,0,1,0,0,0,0,0,1,0.0,0.0,0.0,0.0,0.0,0.0
0,24.0,0,1683.0,0,5,0,1,0,0,0,0,1,0,0,0,0,1,0,5.945420608606575,6.8308742346461795,5.83773044716594,0.0,6.466144724237619,7.736743682453495
0,27.0,0,1683.0,0,5,0,1,0,0,0,0,0,0,0,0,0,1,0,1.3862943611198906,2.639057329615259,0.0,0.0,6.670766320845874,6.690842277418564
0,39.0,0,522.0,0,5,0,1,0,0,0,0,1,0,0,0,1,0,0,3.8066624897703196,7.390798521735676,0.0,1.9459101490553132,0.0,7.421177528595393
1,23.0,0,1308.0,1,3,0,0,0,0,0,0,1,0,0,0,0,0,1,0.0,0.0,0.0,0.0,0.0,0.0
0,4.0,0,1308.0,1,3,0,0,1,0,0,0,0,0,0,0,0,0,1,0.0,0.0,0.0,0.0,0.0,0.0
1,0.0,0,1308.0,1,3,0,0,1,0,0,0,1,0,0,0,0,0,1,0.0,0.0,0.0,0.0,0.0,0.0
1,22.0,1,1557.0,1,1,1,0,0,0,1,0,1,0,0,0,0,1,0,0.0,0.0,0.0,0.0,0.0,0.0
0,27.0,0,254.0,0,1,1,1,0,0,1,0,1,0,0,1,0,0,0,6.723832440821209,0.0,0.0,6.7661917146603505,3.044522437723423,7.449498005382849
1,22.0,1,267.0,0,1,1,0,0,1,0,0,1,0,1,0,0,0,0,0.0,0.0,0.0,0.0,0.0,0.0
1,26.0,1,268.0,0,2,0,0,0,1,0,0,0,0,1,0,0,0,0,0.0,0.0,0.0,0.0,0.0,0.0
0,60.0,0,268.0,0,2,0,1,0,1,0,0,1,0,1,0,0,0,0,0.0,8.699348067653093,0.0,8.475328987317539,2.1972245773362196,9.287394001418473
0,18.0,0,1314.0,0,1,1,1,0,0,0,0,1,0,0,0,0,0,1,0.0,5.697093486505405,0.0,6.3784261836515865,3.1780538303479458,6.812345094177479
1,20.0,0,1315.0,0,1,1,0,0,0,0,0,0,0,0,0,0,0,1,0.0,0.0,0.0,0.0,0.0,0.0
0,25.0,1,523.0,0,1,1,1,0,0,0,0,1,0,0,0,1,0,0,2.4849066497880004,6.660575149839686,0.0,0.0,0.0,6.674561391814426
1,24.0,1,1309.0,1,1,1,0,0,0,0,1,0,0,0,0,0,0,1,0.0,0.0,0.0,0.0,0.0,0.0
1,38.0,1,1310.0,1,1,1,0,0,0,0,0,1,0,0,0,0,0,1,0.0,0.0,0.0,0.0,0.0,0.0
0,18.0,1,1558.0,1,1,1,1,0,0,0,0,1,0,0,0,0,1,0,0.0,2.8903717578961645,1.791759469228055,0.0,6.569481420414296,6.5998704992128365
1,45.0,1,270.0,0,4,0,0,0,1,0,0,0,1,0,0,0,0,0,0.0,0.0,0.0,0.0,0.0,0.0
0,13.0,0,270.0,0,4,0,1,1,1,0,0,1,1,0,0,0,0,0,0.0,8.210939733379021,0.0,7.333023014386481,8.25712628599743,9.112065802707843
0,28.0,1,270.0,0,4,0,1,0,1,0,0,1,1,0,0,0,0,0,0.0,8.10711747075039,4.356708826689592,0.0,4.875197323201151,8.16763571524637
0,5.0,1,270.0,0,4,0,0,1,1,0,0,1,1,0,0,0,0,0,0.0,0.0,0.0,0.0,0.0,0.0
0,20.0,0,1317.0,0,4,0,1,0,0,0,0,1,0,0,0,0,0,1,0.0,4.962844630259907,0.0,8.16876982367527,4.532599493153256,8.232971790593437
1,2.0,1,933.5,1,4,0,0,1,0,0,0,1,0,0,0,0,1,0,0.0,0.0,0.0,0.0,0.0,0.0
0,42.0,0,1317.0,0,4,0,1,0,0,0,0,1,0,0,0,0,0,1,2.9444389791664403,1.791759469228055,6.154858094016418,5.877735781779639,4.060443010546419,6.810142450115136
0,0.0,1,1317.0,0,4,0,0,1,0,0,0,0,0,0,0,0,0,1,0.0,0.0,0.0,0.0,0.0,0.0
0,18.0,0,1318.0,0,1,1,1,0,0,0,0,1,0,0,0,0,0,1,0.0,6.2324480165505225,0.0,3.8066624897703196,5.552959584921617,6.697034247666484
1,26.0,0,1319.0,0,1,1,0,0,0,0,1,0,0,0,0,0,0,1,0.0,0.0,0.0,0.0,0.0,0.0
1,3.0,1,539.0,1,3,0,0,1,0,1,0,0,0,0,0,1,0,0,0.0,0.0,0.0,0.0,0.0,0.0
1,49.0,1,539.0,1,3,0,0,0,0,1,1,0,0,0,0,1,0,0,0.0,0.0,0.0,0.0,0.0,0.0
0,19.0,0,539.0,1,3,0,1,0,0,1,0,1,0,0,0,1,0,0,6.539585955617669,0.0,2.3978952727983707,6.331501849893691,3.258096538021482,7.160845906664299
1,19.0,0,1312.0,1,1,1,0,0,0,0,0,1,0,0,0,0,0,1,0.0,0.0,0.0,0.0,0.0,0.0
1,15.0,0,1320.0,0,1,1,0,0,0,0,0,1,0,0,0,0,0,1,0.0,0.0,0.0,0.0,0.0,0.0
0,53.0,0,1321.0,0,1,1,1,0,0,0,1,0,0,0,0,0,0,1,4.51085950651685,3.4011973816621555,4.634728988229636,5.501258210544727,4.04305126783455,6.257667587882639
0,0.0,1,1313.0,1,6,0,0,1,0,0,0,1,0,0,0,0,0,1,0.0,0.0,0.0,0.0,0.0,0.0
0,39.0,0,1560.0,1,6,0,1,0,0,0,0,0,0,0,0,0,1,0,7.416979621381154,0.0,5.572154032177765,5.438079308923196,0.0,7.675546002537848
0,45.0,0,1313.0,1,6,0,1,0,0,0,0,1,0,0,0,0,0,1,0.0,0.0,7.929846429742503,7.555381944240273,0.0,8.452974619089586
1,10.0,1,1313.0,1,6,0,0,1,0,0,0,1,0,0,0,0,0,1,0.0,0.0,0.0,0.0,0.0,0.0
0,1.0,1,1313.0,1,6,0,0,1,0,0,0,0,0,0,0,0,0,1,0.0,0.0,0.0,0.0,0.0,0.0
0,9.0,1,1313.0,1,6,0,0,1,0,0,0,1,0,0,0,0,0,1,0.0,0.0,0.0,0.0,0.0,0.0
0,40.0,0,1686.0,0,1,1,1,0,0,1,0,1,0,0,0,0,1,0,6.860663671448287,0.0,5.877735781779639,0.0,0.0,7.177782416195197
0,26.0,0,1687.0,0,1,1,1,0,0,0,0,1,0,0,0,0,1,0,0.0,0.0,0.0,6.434546518787453,2.1972245773362196,6.447305862541213
0,18.0,0,1688.0,0,1,1,1,0,0,0,0,1,0,0,0,0,1,0,7.05444965813294,3.367295829986474,3.9318256327243257,0.0,0.0,7.119635638017636
0,47.0,0,524.0,0,1,1,1,0,1,0,0,1,0,0,0,1,0,0,0.0,5.752572638825633,0.0,6.7912214627261855,6.994849985833071,7.738052297689316
0,31.0,0,1314.0,1,1,1,1,0,0,0,0,1,0,0,0,0,0,1,0.0,6.823286122355687,0.0,0.0,6.803505257608338,7.506042178518122
0,27.0,0,525.0,0,1,1,1,0,0,1,0,1,0,0,0,1,0,0,5.634789603169249,2.4849066497880004,3.713572066704308,6.577861357721047,0.0,6.955592608396297
1,23.0,1,1315.0,1,1,1,0,0,0,0,1,0,0,0,0,0,0,1,0.0,0.0,0.0,0.0,0.0,0.0
0,32.0,0,1561.0,1,8,0,1,0,0,0,0,0,0,0,0,0,1,0,2.0794415416798357,6.584791392385716,0.0,1.9459101490553132,2.639057329615259,6.620073206530356
0,32.0,0,1561.0,1,8,0,1,0,0,0,0,1,0,0,0,0,1,0,5.683579767338681,6.7912214627261855,0.6931471805599453,0.6931471805599453,5.303304908059076,7.233455418621439
0,21.0,0,1561.0,1,8,0,1,0,0,0,0,1,0,0,0,0,1,0,6.4692503167957724,0.0,0.0,0.0,1.0986122886681096,6.472346294500901
0,27.0,0,1561.0,1,8,0,1,0,0,0,0,1,0,0,0,0,1,0,1.6094379124341003,0.0,2.302585092994046,3.044522437723423,6.723832440821209,6.762729506931879
0,22.0,0,1316.0,1,8,0,1,0,0,0,0,1,0,0,0,0,0,1,6.625392368007956,0.0,0.0,0.0,0.0,6.625392368007956
0,18.0,1,1316.0,1,8,0,1,0,0,0,0,1,0,0,0,0,0,1,0.0,6.755768921984256,1.0986122886681096,0.0,0.0,6.7580945044277305
1,28.0,1,1316.0,1,8,0,0,0,0,0,1,0,0,0,0,0,0,1,0.0,0.0,0.0,0.0,0.0,0.0
1,38.0,1,1316.0,1,8,0,0,0,0,0,0,1,0,0,0,0,0,1,0.0,0.0,0.0,0.0,0.0,0.0
0,46.0,0,1690.0,0,1,1,1,0,0,0,0,1,0,0,0,0,1,0,0.0,0.0,6.38856140554563,5.043425116919247,0.0,6.618738983517219
0,44.0,1,304.0,1,1,1,1,0,1,0,0,1,0,1,0,0,0,0,0.0,8.235360643753348,0.0,6.257667587882639,1.6094379124341003,8.365672383774996
1,38.0,1,305.0,1,1,1,0,0,1,0,0,1,0,1,0,0,0,0,0.0,0.0,0.0,0.0,0.0,0.0
0,28.0,0,98.0,1,1,1,1,0,1,0,0,0,0,0,0,0,0,0,1.791759469228055,9.018332049592685,0.0,5.204006687076795,8.01565761455734,9.347141413468329
0,31.0,0,1317.0,1,1,1,1,0,0,0,0,1,0,0,0,0,0,1,4.762173934797756,0.0,5.700443573390686,1.0986122886681096,5.429345628954441,6.467698726104354
1,18.0,1,1318.0,1,1,1,0,0,0,0,0,1,0,0,0,0,0,1,0.0,0.0,0.0,0.0,0.0,0.0
0,18.0,0,1564.0,1,1,1,1,0,0,0,1,0,0,0,0,0,1,0,0.0,5.3981627015177525,1.6094379124341003,0.0,6.278521424165844,6.6293632534374485
0,4.0,1,1319.0,1,4,0,0,1,0,0,0,0,0,0,0,0,0,1,0.0,0.0,0.0,0.0,0.0,0.0
1,0.0,1,1319.0,1,4,0,0,1,0,0,1,0,0,0,0,0,0,1,0.0,0.0,0.0,0.0,0.0,0.0
0,0.0,0,1319.0,1,4,0,0,1,0,0,0,1,0,0,0,0,0,1,0.0,0.0,0.0,0.0,0.0,0.0
1,23.0,0,1319.0,1,4,0,0,0,0,0,1,0,0,0,0,0,0,1,0.0,0.0,0.0,0.0,0.0,0.0
0,35.0,0,271.0,0,1,1,1,0,1,0,0,1,0,1,0,0,0,0,0.0,6.617402977974478,0.0,0.0,7.8156105320351905,8.078998258685154
1,43.0,1,320.0,1,1,1,0,0,1,0,0,0,1,0,0,0,0,0,0.0,0.0,0.0,0.0,0.0,0.0
0,18.0,0,1320.0,1,1,1,1,0,0,0,1,0,0,0,0,0,0,1,0.0,0.0,2.995732273553991,6.62273632394984,1.6094379124341003,6.652863029353347
0,18.0,0,1566.0,1,1,1,1,0,0,0,0,1,0,0,0,0,1,0,6.29156913955832,1.0986122886681096,1.3862943611198906,6.803505257608338,0.0,7.275864600546533
0,18.0,1,1567.0,1,1,1,1,0,0,0,0,1,0,0,0,0,1,0,0.0,0.0,6.4967749901858625,3.4339872044851463,0.0,6.541029999189903
0,49.0,0,1693.0,0,1,1,1,0,0,0,0,0,0,0,0,0,1,0,6.395261598115449,0.0,0.0,4.77912349311153,0.0,6.57507584059962
0,19.0,0,1329.0,0,1,1,0,0,0,0,0,1,0,0,0,0,0,1,0.0,0.0,0.0,0.0,0.0,0.0
1,22.0,1,1330.0,0,1,1,0,0,0,0,1,0,0,0,0,0,0,1,0.0,0.0,0.0,0.0,0.0,0.0
0,4.0,1,306.0,1,6,0,0,1,1,0,0,1,0,1,0,0,0,0,0.0,0.0,0.0,0.0,0.0,0.0
0,0.0,1,306.0,1,6,0,0,1,1,0,0,1,0,1,0,0,0,0,0.0,0.0,0.0,0.0,0.0,0.0
1,27.0,1,306.0,1,6,0,0,0,1,0,0,1,0,1,0,0,0,0,0.0,0.0,0.0,0.0,0.0,0.0
0,39.0,1,306.0,1,6,0,1,0,1,0,0,1,0,1,0,0,0,0,2.995732273553991,8.189799618728228,0.0,6.045005314036012,6.249975242259483,8.4252971767117
0,36.0,0,306.0,1,6,0,1,0,1,0,0,0,0,1,0,0,0,0,0.0,9.00601857490256,1.791759469228055,0.0,9.009814110527381,9.701310167030824
1,53.0,1,306.0,1,6,0,0,0,1,0,0,1,0,1,0,0,0,0,0.0,0.0,0.0,0.0,0.0,0.0
0,23.0,0,307.0,1,2,0,1,0,1,0,0,0,0,1,0,0,0,0,0.0,5.981414211254481,0.0,1.9459101490553132,0.0,5.996452088619021
1,24.0,1,307.0,1,2,0,0,0,1,0,0,1,0,1,0,0,0,0,0.0,0.0,0.0,0.0,0.0,0.0
0,25.0,0,541.0,1,2,0,1,0,1,0,0,1,0,0,0,1,0,0,0.0,6.911747300251674,7.396335293800808,4.304065093204169,6.618738983517219,8.147288258706624
0,30.0,0,541.0,1,2,0,1,0,1,0,0,1,0,0,0,1,0,0,5.3471075307174685,5.062595033026967,7.8504931808711405,5.147494476813453,6.159095388491933,8.182000136293405
0,20.0,0,1331.0,0,1,1,1,0,0,0,0,1,0,0,0,0,0,1,6.439350371100098,0.0,1.0986122886681096,0.0,0.0,6.4425401664681985
1,40.0,1,1695.0,0,1,1,0,0,0,1,0,1,0,0,0,0,1,0,0.0,0.0,0.0,0.0,0.0,0.0
1,18.0,1,1322.0,1,1,1,0,0,0,0,1,0,0,0,0,0,0,1,0.0,0.0,0.0,0.0,0.0,0.0
0,57.0,1,1332.0,0,1,1,1,0,0,0,0,1,0,0,0,0,0,1,1.9459101490553132,6.236369590203704,5.921578419643816,0.0,0.0,6.790097235513905
0,47.0,0,241.0,1,1,1,1,0,0,1,0,1,0,0,1,0,0,0,7.1569563646156364,0.0,1.791759469228055,6.206575926724928,0.0,7.48605261786314
1,26.0,1,1323.0,1,1,1,0,0,0,0,0,0,0,0,0,0,0,1,0.0,0.0,0.0,0.0,0.0,0.0
0,29.0,0,1569.0,1,1,1,1,0,0,0,1,0,0,0,0,0,1,0,6.1903154058531475,0.0,4.110873864173311,2.5649493574615367,0.0,6.327936783729195
0,32.0,0,1333.0,0,1,1,1,0,0,0,0,1,0,0,0,0,0,1,0.0,1.0986122886681096,0.6931471805599453,0.0,6.782192056006791,6.785587645007929
1,30.0,1,242.0,1,1,1,0,0,1,0,0,1,0,0,1,0,0,0,0.0,0.0,0.0,0.0,0.0,0.0
0,18.0,1,1334.0,0,1,1,1,0,0,0,0,1,0,0,0,0,0,1,3.1354942159291497,0.0,6.525029657843462,0.0,0.6931471805599453,6.558197802812269
0,49.0,0,1570.0,1,1,1,1,0,0,0,0,1,0,0,0,0,1,0,0.0,1.6094379124341003,3.9318256327243257,0.0,6.616065185132817,6.68586094706836
1,33.0,1,272.0,0,1,1,0,0,1,0,0,1,1,0,0,0,0,0,0.0,0.0,0.0,0.0,0.0,0.0
0,18.0,0,1335.0,0,1,1,1,0,0,0,0,1,0,0,0,0,0,1,1.3862943611198906,0.0,1.3862943611198906,7.480992162869525,0.0,7.484368643286131
0,29.0,1,99.0,1,1,1,1,0,1,0,0,1,0,0,0,0,0,0,0.0,8.54830418644129,0.6931471805599453,4.919980925828125,3.4965075614664802,8.580543506917
1,34.0,1,1696.0,0,1,1,0,0,0,1,0,1,0,0,0,0,1,0,0.0,0.0,0.0,0.0,0.0,0.0
0,43.0,0,257.0,0,2,0,1,0,0,1,0,1,0,0,1,0,0,0,6.961296045910167,4.700480365792417,6.3578422665081,6.470799503782602,0.0,7.776954403322442
0,18.0,1,1697.0,0,2,0,1,0,0,1,0,1,0,0,0,0,1,0,3.4965075614664802,7.135687347028144,0.6931471805599453,0.0,0.0,7.161622002939187
1,31.0,0,1325.0,1,1,1,0,0,0,0,0,1,0,0,0,0,0,1,0.0,0.0,0.0,0.0,0.0,0.0
0,15.0,0,933.5,1,1,1,1,0,0,1,0,1,0,0,0,0,1,0,4.454347296253507,0.0,7.030857476116121,0.0,5.517452896464707,7.288927694521257
1,3.0,1,1572.0,1,3,0,0,1,0,1,0,1,0,0,0,0,1,0,0.0,0.0,0.0,0.0,0.0,0.0
1,37.0,1,1572.0,1,3,0,0,0,0,1,0,1,0,0,0,0,1,0,0.0,0.0,0.0,0.0,0.0,0.0
1,1.0,1,1572.0,1,3,0,0,1,0,1,0,1,0,0,0,0,1,0,0.0,0.0,0.0,0.0,0.0,0.0
0,27.0,1,527.0,0,1,1,1,0,0,0,0,1,0,0,0,1,0,0,2.70805020110221,7.079184394609668,6.133398042996649,2.5649493574615367,2.302585092994046,7.427738840532894
1,15.0,1,1336.0,0,1,1,0,0,0,0,0,1,0,0,0,0,0,1,0.0,0.0,0.0,0.0,0.0,0.0
0,33.0,1,1327.0,1,2,0,1,0,0,0,0,1,0,0,0,0,0,1,5.308267697401205,6.709304340258299,0.0,0.0,0.0,6.928537818164665
0,65.0,0,1327.0,1,2,0,1,0,0,0,0,1,0,0,0,0,0,1,0.0,0.0,4.736198448394496,5.342334251964811,6.376726947898627,6.812345094177479
0,19.0,0,1574.0,1,1,1,1,0,0,0,0,1,0,0,0,0,1,0,1.791759469228055,6.502790045915623,0.0,4.820281565605037,6.089044875446846,7.118826249062078
0,30.0,0,1575.0,1,2,0,1,0,0,0,0,1,0,0,0,0,1,0,0.0,0.0,6.659293919683638,0.0,2.9444389791664403,6.682108597449809
0,37.0,0,1575.0,1,2,0,1,0,0,0,0,1,0,0,0,0,1,0,4.290459441148391,0.0,2.9444389791664403,0.0,6.697034247666484,6.802394763324311
0,15.0,0,1576.0,1,1,1,1,0,0,0,0,1,0,0,0,0,1,0,0.0,3.091042453358316,3.1354942159291497,7.047517221357296,5.521460917862246,7.273786317844895
0,19.0,0,1577.0,1,1,1,1,0,0,0,0,1,0,0,0,0,1,0,6.238324625039508,0.0,0.0,5.5909869805108565,0.0,6.658011045870748
0,20.0,0,1578.0,1,2,0,1,0,0,0,0,1,0,0,0,0,1,0,6.620073206530356,2.833213344056216,0.0,0.0,3.4011973816621555,6.678342114654332
1,19.0,0,1328.0,1,2,0,0,0,0,0,0,0,0,0,0,0,0,1,0.0,0.0,0.0,0.0,0.0,0.0
0,21.0,0,1579.0,1,1,1,1,0,0,0,0,0,0,0,0,0,1,0,6.214608098422191,0.0,5.267858159063328,0.6931471805599453,0.6931471805599453,6.543911845564792
0,20.0,1,1330.0,1,1,1,1,0,0,0,0,1,0,0,0,0,0,1,1.0986122886681096,1.0986122886681096,6.776506992372183,2.1972245773362196,0.0,6.790097235513905
0,18.0,0,1331.0,1,1,1,1,0,0,0,0,1,0,0,0,0,0,1,0.0,3.8066624897703196,0.0,6.679599185844383,4.248495242049359,6.812345094177479
0,27.0,0,1337.0,0,1,1,1,0,0,0,0,1,0,0,0,0,0,1,6.915723448631314,0.0,0.0,2.302585092994046,0.0,6.92461239604856
0,23.0,1,258.0,0,1,1,1,0,1,0,0,1,0,0,1,0,0,0,0.0,8.001355025826703,3.1780538303479458,6.532334292222349,5.159055299214529,8.260234291607297
1,25.0,0,1339.0,0,2,0,0,0,0,0,0,1,0,0,0,0,0,1,0.0,0.0,0.0,0.0,0.0,0.0
0,72.0,0,1339.0,0,2,0,1,0,0,0,1,0,0,0,0,0,0,1,5.736572297479192,0.0,0.0,0.0,6.139884552226255,6.650279048587422
1,35.0,1,1332.0,1,1,1,0,0,0,0,0,1,0,0,0,0,0,1,0.0,0.0,0.0,0.0,0.0,0.0
0,29.0,0,1699.0,0,3,0,1,0,0,0,0,0,0,0,0,0,1,0,3.970291913552122,0.0,6.418364935936212,6.144185634125646,4.382026634673881,7.097548850614793
0,11.0,0,1341.0,0,3,0,0,1,0,0,0,1,0,0,0,0,0,1,0.0,0.0,0.0,0.0,0.0,0.0
1,7.0,0,1341.0,0,3,0,0,1,0,0,0,1,0,0,0,0,0,1,0.0,0.0,0.0,0.0,0.0,0.0
1,27.0,1,1700.0,0,1,1,0,0,0,1,0,1,0,0,0,0,1,0,0.0,0.0,0.0,0.0,0.0,0.0
0,28.0,0,1333.0,1,1,1,1,0,0,0,0,1,0,0,0,0,0,1,0.0,0.6931471805599453,2.5649493574615367,6.775366090936392,0.0,6.790097235513905
0,41.0,0,529.0,0,1,1,1,0,0,1,0,1,0,0,0,1,0,0,5.983936280687191,0.0,6.483107351457199,0.0,0.0,6.956545443151569
0,27.0,0,1342.0,0,1,1,1,0,0,0,0,1,0,0,0,0,0,1,0.0,0.0,6.18826412308259,5.783825182329737,0.0,6.698268054115413
0,19.0,0,1582.0,1,3,0,1,0,0,0,0,0,0,0,0,0,1,0,4.442651256490317,1.6094379124341003,1.6094379124341003,6.4457198193855785,0.0,6.582025138892826
0,8.0,1,1334.0,1,3,0,0,1,0,0,0,0,0,0,0,0,0,1,0.0,0.0,0.0,0.0,0.0,0.0
1,4.0,1,1334.0,1,3,0,0,1,0,0,0,0,0,0,0,0,0,1,0.0,0.0,0.0,0.0,0.0,0.0
1,38.0,0,1343.0,0,1,1,0,0,0,0,1,0,0,0,0,0,0,1,0.0,0.0,0.0,0.0,0.0,0.0
0,21.0,1,1584.0,1,1,1,1,0,0,1,0,1,0,0,0,0,1,0,3.4965075614664802,0.0,6.9167150203536085,0.0,0.0,6.947937068614969
1,18.0,0,1344.0,0,1,1,0,0,0,0,0,1,0,0,0,0,0,1,0.0,0.0,0.0,0.0,0.0,0.0
1,10.0,1,1345.0,0,1,1,0,1,0,0,0,1,0,0,0,0,0,1,0.0,0.0,0.0,0.0,0.0,0.0
0,29.0,0,530.0,0,2,0,1,0,0,1,0,1,0,0,0,1,0,0,5.720311776607412,0.0,3.8918202981106265,6.853299093186078,0.0,7.1693500166706
1,25.0,1,1701.0,0,2,0,0,0,0,1,0,1,0,0,0,0,1,0,0.0,0.0,0.0,0.0,0.0,0.0
1,40.0,1,321.0,1,2,0,0,0,1,0,0,1,1,0,0,0,0,0,0.0,0.0,0.0,0.0,0.0,0.0
0,19.0,0,321.0,1,2,0,1,0,1,0,0,1,1,0,0,0,0,0,0.0,1.3862943611198906,0.0,6.823286122355687,7.760893195851024,8.091933455979893
0,38.0,1,1702.0,0,1,1,1,0,0,1,0,1,0,0,0,0,1,0,4.465908118654584,7.0431599159883405,6.664409020350408,0.0,0.0,7.607878073278507
0,19.0,1,1586.0,1,1,1,1,0,0,0,0,1,0,0,0,0,1,0,3.4011973816621555,7.876258882303226,0.0,0.0,4.8283137373023015,7.932721027481948
0,0.0,1,1587.0,1,3,0,0,1,0,1,0,1,0,0,0,0,1,0,0.0,0.0,0.0,0.0,0.0,0.0
1,4.0,1,1587.0,1,3,0,0,1,0,1,0,1,0,0,0,0,1,0,0.0,0.0,0.0,0.0,0.0,0.0
1,29.0,1,1587.0,1,3,0,0,0,0,1,0,1,0,0,0,0,1,0,0.0,0.0,0.0,0.0,0.0,0.0
0,46.0,0,1346.0,0,1,1,1,0,0,0,0,1,0,0,0,0,0,1,0.0,0.0,0.0,5.91350300563827,6.246106765481563,6.785587645007929
1,32.0,1,1588.0,1,1,1,0,0,0,1,0,1,0,0,0,0,1,0,0.0,0.0,0.0,0.0,0.0,0.0
0,26.0,1,273.0,0,2,0,0,0,1,0,0,1,0,1,0,0,0,0,0.0,0.0,0.0,0.0,0.0,0.0
1,23.0,1,273.0,0,2,0,0,0,1,0,0,1,0,1,0,0,0,0,0.0,0.0,0.0,0.0,0.0,0.0
1,32.0,1,1348.0,0,1,1,0,0,0,0,0,0,0,0,0,0,0,1,0.0,0.0,0.0,0.0,0.0,0.0
0,31.0,1,1349.0,0,1,1,1,0,0,0,0,1,0,0,0,0,0,1,0.0,8.374476889214643,4.02535169073515,4.04305126783455,0.0,8.399760094524142
0,34.0,1,1703.0,0,1,1,1,0,0,0,0,1,0,0,0,0,1,0,0.0,0.0,6.78105762593618,3.1354942159291497,0.0,6.805722553416985
0,45.0,0,1704.0,0,1,1,1,0,0,0,0,1,0,0,0,0,1,0,0.0,0.6931471805599453,5.455321115357702,6.118097198041348,2.8903717578961645,6.558197802812269
0,61.0,0,1336.0,1,1,1,1,0,0,0,0,1,0,0,0,0,0,1,4.219507705176107,0.0,6.484635235635252,0.0,4.465908118654584,6.694562058521095
0,21.0,0,542.0,1,1,1,1,0,0,1,0,1,0,0,0,1,0,0,7.1252830915107115,0.0,6.484635235635252,0.0,0.0,7.5480289699350145
0,27.0,0,259.0,0,2,0,1,0,0,1,0,1,0,0,1,0,0,0,7.52456122628536,0.0,6.769641976852503,0.0,2.0794415416798357,7.912056888179006
0,15.0,0,1705.0,0,2,0,1,0,0,1,0,1,0,0,0,0,1,0,7.048386408721883,0.0,5.170483995038151,0.6931471805599453,2.4849066497880004,7.198931240688173
1,14.0,0,1350.0,0,1,1,0,1,0,0,0,1,0,0,0,0,0,1,0.0,0.0,0.0,0.0,0.0,0.0
1,18.0,1,1339.0,1,1,1,0,0,0,0,0,1,0,0,0,0,0,1,0.0,0.0,0.0,0.0,0.0,0.0
1,39.0,1,310.0,1,1,1,0,0,1,0,0,1,0,1,0,0,0,0,0.0,0.0,0.0,0.0,0.0,0.0
1,62.0,1,543.0,1,1,1,0,0,0,1,0,1,0,0,0,1,0,0,0.0,0.0,0.0,0.0,0.0,0.0
0,40.0,0,1591.0,1,1,1,1,0,0,1,0,1,0,0,0,0,1,0,7.177782416195197,0.0,0.0,0.0,0.0,7.177782416195197
0,21.0,0,1592.0,1,1,1,1,0,0,0,0,1,0,0,0,0,1,0,1.791759469228055,0.0,0.0,3.1354942159291497,6.461468176353717,6.502790045915623
1,12.0,1,1593.0,1,1,1,0,1,0,1,0,1,0,0,0,0,1,0,0.0,0.0,0.0,0.0,0.0,0.0
0,27.0,1,274.0,0,1,1,1,0,1,0,0,1,0,1,0,0,0,0,0.0,0.0,0.0,7.532088143541722,6.517671272912275,7.841099765422119
0,28.0,0,275.0,0,1,1,1,0,1,0,0,1,0,1,0,0,0,0,7.45182223652793,8.529911963824013,0.0,4.477336814478207,6.825460036255307,8.96098117384356
0,0.0,1,1340.0,1,2,0,0,1,0,0,0,1,0,0,0,0,0,1,0.0,0.0,0.0,0.0,0.0,0.0
0,17.0,0,1594.0,1,2,0,1,0,0,0,0,1,0,0,0,0,1,0,1.6094379124341003,0.0,6.7661917146603505,0.0,0.0,6.77078942390898
0,23.0,0,1595.0,1,1,1,1,0,0,1,0,0,0,0,0,0,1,0,5.389071729816501,0.0,7.7266536648476425,6.210600077024653,0.0,8.000684784514748
0,6.0,1,1351.0,0,3,0,0,1,0,0,0,1,0,0,0,0,0,1,0.0,0.0,0.0,0.0,0.0,0.0
1,29.0,1,1351.0,0,3,0,0,0,0,0,1,0,0,0,0,0,0,1,0.0,0.0,0.0,0.0,0.0,0.0
0,41.0,0,1351.0,0,3,0,1,0,0,0,0,1,0,0,0,0,0,1,6.729824070489475,0.0,0.0,0.0,3.912023005428146,6.786716950605081
0,27.0,1,100.0,1,2,0,1,0,1,0,0,0,0,0,0,0,0,0,0.0,7.198931240688173,7.5652752818989315,0.0,0.0,8.09162741160107
1,34.0,1,100.0,1,2,0,0,0,1,0,0,1,0,0,0,0,0,0,0.0,0.0,0.0,0.0,0.0,0.0
1,36.0,1,545.0,1,1,1,0,0,1,0,0,0,0,0,0,1,0,0,0.0,0.0,0.0,0.0,0.0,0.0
0,30.0,0,1341.0,1,1,1,1,0,0,0,0,1,0,0,0,0,0,1,6.148468295917647,0.0,0.0,0.0,5.662960480135946,6.626717749249025
0,30.0,0,245.0,1,2,0,1,0,1,0,0,1,0,0,1,0,0,0,0.0,6.46302945692067,0.0,3.4657359027997265,8.732627099660395,8.835355971121604
0,29.0,1,245.0,1,2,0,1,0,1,0,0,0,0,0,1,0,0,0,0.0,7.989560449333865,0.0,1.0986122886681096,6.484635235635252,8.190354403763262
0,21.0,0,1598.0,1,1,1,1,0,0,0,0,1,0,0,0,0,1,0,5.942799375126701,5.181783550292085,5.087596335232384,0.0,4.454347296253507,6.6895992691789665
0,21.0,0,1709.0,0,1,1,1,0,0,0,0,0,0,0,0,0,1,0,6.278521424165844,1.6094379124341003,3.6375861597263857,0.6931471805599453,0.0,6.354370040797351
0,18.0,0,1710.0,0,1,1,1,0,0,0,0,0,0,0,0,0,1,0,1.0986122886681096,4.430816798843313,6.3578422665081,3.6375861597263857,0.0,6.54965074223381
1,11.0,1,1711.0,0,4,0,0,1,0,1,0,1,0,0,0,0,1,0,0.0,0.0,0.0,0.0,0.0,0.0
0,65.0,0,1711.0,0,4,0,1,0,0,1,0,1,0,0,0,0,1,0,7.24422751560335,0.0,0.0,0.0,0.0,7.24422751560335
0,25.0,0,1711.0,0,4,0,1,0,0,1,0,0,0,0,0,0,1,0,5.0106352940962555,0.0,5.272999558563747,6.595780513961311,0.0,6.980075940561763
1,0.0,1,1711.0,0,4,0,0,1,0,1,0,0,0,0,0,0,1,0,0.0,0.0,0.0,0.0,0.0,0.0
0,24.0,0,1712.0,0,1,1,1,0,0,0,0,1,0,0,0,0,1,0,0.0,0.0,6.593044534142437,0.0,4.330733340286331,6.690842277418564
1,19.0,1,1352.0,0,1,1,0,0,0,0,1,0,0,0,0,0,0,1,0.0,0.0,0.0,0.0,0.0,0.0
0,23.0,0,1713.0,0,1,1,1,0,0,0,0,1,0,0,0,0,1,0,0.0,0.0,0.0,0.0,6.542471960506805,6.542471960506805
0,45.0,0,933.5,1,2,0,1,0,1,0,1,0,0,0,0,0,1,0,0.0,3.912023005428146,0.0,8.489821994620105,8.269500767180615,9.084323531392696
1,52.0,1,312.0,1,2,0,0,0,1,0,0,0,0,1,0,0,0,0,0.0,0.0,0.0,0.0,0.0,0.0
0,55.0,1,546.0,1,1,1,1,0,0,0,1,0,0,0,0,1,0,0,0.0,6.144185634125646,5.627621113690637,3.8918202981106265,0.0,6.673297967767654
1,24.0,0,1353.0,0,1,1,0,0,0,0,1,0,0,0,0,0,0,1,0.0,0.0,0.0,0.0,0.0,0.0
0,31.0,0,1354.0,0,1,1,1,0,0,0,0,1,0,0,0,0,0,1,6.651571873589727,0.0,0.0,0.0,0.6931471805599453,6.652863029353347
1,18.0,0,1356.0,0,1,1,0,0,0,0,0,1,0,0,0,0,0,1,0.0,0.0,0.0,0.0,0.0,0.0
1,22.0,0,1357.0,0,1,1,0,0,0,0,0,1,0,0,0,0,0,1,0.0,0.0,0.0,0.0,0.0,0.0
0,39.0,0,1600.0,1,1,1,1,0,0,0,0,1,0,0,0,0,1,0,6.684611727667927,0.0,0.0,1.6094379124341003,0.0,6.6895992691789665
1,19.0,1,1358.0,0,1,1,0,0,0,0,1,0,0,0,0,0,0,1,0.0,0.0,0.0,0.0,0.0,0.0
0,33.0,0,313.0,1,1,1,1,0,1,0,0,0,0,1,0,0,0,0,6.8966943316227125,0.0,0.0,7.729735331385051,8.038834757787749,8.757940876678804
1,14.0,1,1359.0,0,1,1,0,1,0,0,1,0,0,0,0,0,0,1,0.0,0.0,0.0,0.0,0.0,0.0
0,30.0,0,531.0,0,1,1,1,0,0,1,0,1,0,0,0,1,0,0,6.548219102762372,0.0,6.401917196727186,0.0,0.0,7.170119543449628
1,30.0,1,547.0,1,1,1,0,0,0,1,0,1,0,0,0,1,0,0,0.0,0.0,0.0,0.0,0.0,0.0
1,21.0,1,1716.0,0,3,0,0,0,0,1,0,1,0,0,0,0,1,0,0.0,0.0,0.0,0.0,0.0,0.0
0,45.0,0,1716.0,0,3,0,1,0,0,1,0,1,0,0,0,0,1,0,6.2285110035911835,0.0,1.0986122886681096,6.721425700790643,0.0,7.198931240688173
1,17.0,1,1716.0,0,3,0,0,0,0,1,0,1,0,0,0,0,1,0,0.0,0.0,0.0,0.0,0.0,0.0
0,39.0,0,246.0,1,2,0,1,0,1,0,0,1,0,0,1,0,0,0,0.0,5.568344503761097,0.0,7.513163545234075,7.494430215031565,8.266164436612492
0,22.0,0,246.0,1,2,0,1,0,1,0,0,1,0,0,1,0,0,0,0.0,8.220672170297252,0.0,7.002155954403621,7.633369649679584,8.836373930927389
0,37.0,0,1601.0,1,1,1,1,0,0,0,0,1,0,0,0,0,1,0,6.169610732491456,0.0,5.123963979403259,0.0,3.8501476017100584,6.53813982376767
0,48.0,1,548.0,1,3,0,1,0,1,0,0,1,0,0,0,1,0,0,0.0,0.0,0.0,6.013715156042802,5.683579767338681,6.553933404025811
1,33.0,1,548.0,1,3,0,0,0,1,0,0,1,0,0,0,1,0,0,0.0,0.0,0.0,0.0,0.0,0.0
0,37.0,0,548.0,1,3,0,1,0,1,0,0,0,0,0,0,1,0,0,0.0,7.703459047867175,1.0986122886681096,7.166265974133638,5.616771097666572,8.239065331769268
0,27.0,0,1717.0,0,1,1,1,0,0,0,0,1,0,0,0,0,1,0,7.247080584585756,5.135798437050262,6.9865664594064265,0.0,0.0,7.8838232148921525
1,29.0,1,247.0,1,3,0,0,0,0,1,0,1,0,0,1,0,0,0,0.0,0.0,0.0,0.0,0.0,0.0
0,38.0,1,247.0,1,3,0,1,0,0,1,0,1,0,0,1,0,0,0,3.4339872044851463,6.075346031088684,4.770684624465665,5.921578419643816,0.0,6.860663671448287
1,16.0,1,247.0,1,3,0,0,0,0,1,0,1,0,0,1,0,0,0,0.0,0.0,0.0,0.0,0.0,0.0
0,18.0,0,1602.0,1,1,1,1,0,0,0,1,0,0,0,0,0,1,0,0.0,0.0,7.491645473605133,2.833213344056216,5.517452896464707,7.6290038896529575
0,27.0,0,1718.0,0,1,1,1,0,0,0,0,1,0,0,0,0,1,0,3.7376696182833684,3.1780538303479458,4.1588830833596715,0.0,6.473890696352274,6.652863029353347
1,47.0,1,532.0,0,1,1,0,0,0,1,0,1,0,0,0,1,0,0,0.0,0.0,0.0,0.0,0.0,0.0
1,15.0,1,323.0,1,2,0,0,0,1,0,0,1,1,0,0,0,0,0,0.0,0.0,0.0,0.0,0.0,0.0
1,13.0,1,323.0,1,2,0,0,1,1,0,0,1,1,0,0,0,0,0,0.0,0.0,0.0,0.0,0.0,0.0
1,19.0,0,1361.0,0,1,1,0,0,0,0,1,0,0,0,0,0,0,1,0.0,0.0,0.0,0.0,0.0,0.0
1,17.0,1,326.0,1,2,0,0,0,1,0,0,1,1,0,0,0,0,0,0.0,0.0,0.0,0.0,0.0,0.0
1,31.0,1,326.0,1,2,0,0,0,1,0,0,1,1,0,0,0,0,0,0.0,0.0,0.0,0.0,0.0,0.0
0,19.0,1,1720.0,0,1,1,1,0,0,0,0,1,0,0,0,0,1,0,3.912023005428146,6.523562306149512,0.0,0.0,3.8501476017100584,6.654152520183219
0,25.0,0,101.0,1,2,0,1,0,1,0,0,0,0,0,0,0,0,0,0.0,7.422971251049421,0.0,6.466144724237619,6.418364935936212,7.982074875081202
0,26.0,0,101.0,1,2,0,1,0,1,0,0,1,0,0,0,0,0,0,0.0,6.53813982376767,0.6931471805599453,6.93828448401696,7.729295674310482,8.292798858200374
1,25.0,1,1363.0,0,1,1,0,0,0,0,0,0,0,0,0,0,0,1,0.0,0.0,0.0,0.0,0.0,0.0
0,2.0,0,1364.0,0,5,0,0,1,0,0,0,1,0,0,0,0,0,1,0.0,0.0,0.0,0.0,0.0,0.0
0,7.0,0,933.5,1,5,0,0,1,0,0,0,1,0,0,0,0,1,0,0.0,0.0,0.0,0.0,0.0,0.0
1,2.0,1,1364.0,0,5,0,0,1,0,0,0,1,0,0,0,0,0,1,0.0,0.0,0.0,0.0,0.0,0.0
0,19.0,0,1364.0,0,5,0,1,0,0,0,0,1,0,0,0,0,0,1,0.0,0.0,0.0,0.0,6.424869023905388,6.424869023905388
0,1.0,0,1364.0,0,5,0,0,1,0,0,0,1,0,0,0,0,0,1,0.0,0.0,0.0,0.0,0.0,0.0
1,4.0,1,1365.0,0,2,0,0,1,0,0,0,1,0,0,0,0,0,1,0.0,0.0,0.0,0.0,0.0,0.0
0,49.0,1,1721.0,0,2,0,1,0,0,0,0,0,0,0,0,0,1,0,5.820082930352362,4.174387269895637,5.934894195619588,0.0,0.0,6.656726524178391
1,61.0,1,1604.0,1,2,0,0,0,0,1,0,1,0,0,0,0,1,0,0.0,0.0,0.0,0.0,0.0,0.0
0,57.0,1,549.0,1,2,0,1,0,0,1,0,1,0,0,0,1,0,0,6.077642243349034,3.1354942159291497,7.269616749608169,1.6094379124341003,0.0,7.5480289699350145
0,52.0,1,1605.0,1,1,1,1,0,0,0,0,0,0,0,0,0,1,0,0.0,0.0,6.459904454377535,4.7535901911063645,0.0,6.625392368007956
0,22.0,0,1606.0,1,1,1,1,0,0,0,0,1,0,0,0,0,1,0,0.6931471805599453,1.0986122886681096,5.497168225293202,0.0,6.184148890937483,6.594413459749778
1,37.0,1,933.5,1,1,1,0,0,1,0,0,0,0,0,0,0,1,0,0.0,0.0,0.0,0.0,0.0,0.0
0,15.0,1,933.5,1,1,1,1,0,0,0,1,0,0,0,0,0,1,0,4.174387269895637,0.0,0.0,0.0,6.46302945692067,6.558197802812269
1,28.0,1,1607.0,1,1,1,0,0,0,1,0,1,0,0,0,0,1,0,0.0,0.0,0.0,0.0,0.0,0.0
0,40.0,0,537.0,0,1,1,1,0,0,1,0,1,0,0,0,1,0,0,6.871091294610546,2.70805020110221,5.771441123130016,0.6931471805599453,0.0,7.1693500166706
0,13.0,0,1608.0,1,1,1,1,1,0,0,0,1,0,0,0,0,1,0,0.0,0.0,6.226536669287466,7.941295570906532,2.302585092994046,8.109224953089955
0,24.0,0,1609.0,1,1,1,1,0,0,0,0,1,0,0,0,0,1,0,6.137727054086234,0.0,0.0,0.0,5.484796933490655,6.555356891810665
1,25.0,1,1367.0,0,1,1,0,0,0,0,1,0,0,0,0,0,0,1,0.0,0.0,0.0,0.0,0.0,0.0
0,25.0,0,550.0,1,1,1,1,0,0,0,0,1,0,0,0,1,0,0,0.0,0.0,0.0,6.670766320845874,1.3862943611198906,6.674561391814426
0,43.0,0,277.0,0,1,1,1,0,1,0,0,1,0,1,0,0,0,0,0.0,8.891511570527564,0.0,7.919719760924575,7.769800996003896,9.4244028145542
1,46.0,0,1368.0,0,7,0,0,0,0,0,0,1,0,0,0,0,0,1,0.0,0.0,0.0,0.0,0.0,0.0
1,3.0,0,1368.0,0,7,0,0,1,0,0,0,1,0,0,0,0,0,1,0.0,0.0,0.0,0.0,0.0,0.0
0,3.0,1,1368.0,0,7,0,0,1,0,0,0,1,0,0,0,0,0,1,0.0,0.0,0.0,0.0,0.0,0.0
1,3.0,1,1368.0,0,7,0,0,1,0,0,0,1,0,0,0,0,0,1,0.0,0.0,0.0,0.0,0.0,0.0
0,8.0,0,1368.0,0,7,0,0,1,0,0,0,1,0,0,0,0,0,1,0.0,0.0,0.0,0.0,0.0,0.0
0,57.0,1,1368.0,0,7,0,1,0,0,0,0,1,0,0,0,0,0,1,0.0,6.733401891837359,0.6931471805599453,0.0,1.0986122886681096,6.736966958001855
0,11.0,0,1368.0,0,7,0,0,1,0,0,0,1,0,0,0,0,0,1,0.0,0.0,0.0,0.0,0.0,0.0
0,20.0,0,1722.0,0,1,1,1,0,0,0,0,1,0,0,0,0,1,0,0.0,0.0,0.0,7.336936913707618,0.0,7.336936913707618
0,27.0,0,1369.0,0,1,1,1,0,0,0,0,0,0,0,0,0,0,1,0.0,7.157735484249907,0.0,7.721791776817535,0.0,8.17188200612782
0,20.0,1,1724.0,0,1,1,1,0,0,0,0,1,0,0,0,0,1,0,6.661854740545311,0.0,3.5263605246161616,0.0,0.0,6.703188113240863
1,14.0,1,1370.0,0,1,1,0,1,0,0,1,0,0,0,0,0,0,1,0.0,0.0,0.0,0.0,0.0,0.0
0,24.0,0,1610.0,1,1,1,1,0,0,0,1,0,0,0,0,0,1,0,4.465908118654584,6.507277712385012,0.6931471805599453,0.0,0.0,6.6293632534374485
0,21.0,0,1725.0,0,1,1,1,0,0,0,0,1,0,0,0,0,1,0,5.099866427824199,4.990432586778736,4.007333185232471,5.5053315359323625,4.564348191467836,6.556778356158042
0,33.0,0,276.0,0,1,1,1,0,1,0,0,0,1,0,0,0,0,0,2.302585092994046,7.2196420401307355,0.0,8.626585568187433,7.302496423727326,9.040144994980068
0,32.0,0,260.0,0,1,1,1,0,1,0,0,1,0,0,1,0,0,0,0.0,2.639057329615259,0.0,7.67275789664251,5.768320995793772,7.816416983691801
0,22.0,1,1371.0,0,1,1,1,0,0,0,1,0,0,0,0,0,0,1,1.0986122886681096,4.653960350157523,6.003887067106539,0.0,0.0,6.236369590203704
1,15.0,1,329.0,1,2,0,0,0,1,0,0,1,1,0,0,0,0,0,0.0,0.0,0.0,0.0,0.0,0.0
1,41.0,1,329.0,1,2,0,0,0,1,0,0,1,1,0,0,0,0,0,0.0,0.0,0.0,0.0,0.0,0.0
1,31.0,1,315.0,1,1,1,0,0,1,0,0,0,0,1,0,0,0,0,0.0,0.0,0.0,0.0,0.0,0.0
1,35.0,1,316.0,1,1,1,0,0,1,0,0,0,0,1,0,0,0,0,0.0,0.0,0.0,0.0,0.0,0.0
1,48.0,1,1346.0,1,2,0,0,0,0,0,0,1,0,0,0,0,0,1,0.0,0.0,0.0,0.0,0.0,0.0
1,15.0,1,1346.0,1,2,0,0,0,0,0,0,1,0,0,0,0,0,1,0.0,0.0,0.0,0.0,0.0,0.0
0,37.0,1,1372.0,0,1,1,1,0,0,0,0,1,0,0,0,0,0,1,0.0,0.0,6.933423025730715,0.0,0.0,6.933423025730715
0,21.0,0,250.0,1,1,1,1,0,0,1,0,1,0,0,1,0,0,0,7.102499355774649,5.19295685089021,6.340359303727752,0.0,6.429719478039138,7.8551570058813445
0,34.0,0,1613.0,1,1,1,1,0,0,0,0,1,0,0,0,0,1,0,3.8066624897703196,7.1631723908466425,3.9512437185814275,0.0,2.302585092994046,7.240649694255466
1,19.0,0,1373.0,0,1,1,0,0,0,0,0,1,0,0,0,0,0,1,0.0,0.0,0.0,0.0,0.0,0.0
0,52.0,0,1615.0,1,1,1,1,0,0,0,0,1,0,0,0,0,1,0,5.66988092298052,5.713732805509369,0.0,4.727387818712341,0.0,6.556778356158042
0,15.0,1,1726.0,0,1,1,1,0,0,0,0,1,0,0,0,0,1,0,0.0,8.051340933292979,0.0,0.0,0.0,8.051340933292979
0,24.0,0,1374.0,0,1,1,1,0,0,0,0,1,0,0,0,0,0,1,0.0,5.147494476813453,6.3835066348840055,3.1354942159291497,0.0,6.665683717782408
0,45.0,1,553.0,1,1,1,1,0,0,0,0,1,0,0,0,1,0,0,0.0,0.0,6.455198563340122,1.0986122886681096,0.0,6.45833828334479
1,13.0,1,330.0,1,2,0,0,1,1,0,0,0,1,0,0,0,0,0,0.0,0.0,0.0,0.0,0.0,0.0
0,18.0,0,330.0,1,2,0,1,0,1,0,0,1,1,0,0,0,0,0,0.0,0.0,0.0,5.332718793265369,7.895436006942965,7.969357742016346
0,19.0,1,1618.0,1,2,0,1,0,0,0,0,1,0,0,0,0,1,0,0.0,5.1298987149230735,6.1779441140506,0.0,0.0,6.476972362889683
1,20.0,1,1349.0,1,2,0,0,0,0,0,0,1,0,0,0,0,0,1,0.0,0.0,0.0,0.0,0.0,0.0
0,20.0,0,554.0,1,1,1,1,0,0,0,0,1,0,0,0,1,0,0,8.345455428161928,1.6094379124341003,0.0,4.07753744390572,0.0,8.360071435644025
0,27.0,1,1619.0,1,1,1,1,0,0,0,0,1,0,0,0,0,1,0,0.6931471805599453,3.4339872044851463,6.606650186198215,0.0,3.5263605246161616,6.6895992691789665
0,22.0,0,1620.0,1,1,1,1,0,0,0,0,1,0,0,0,0,1,0,0.0,0.0,1.9459101490553132,0.0,6.598509028614515,6.606650186198215
1,17.0,0,1376.0,0,1,1,0,0,0,0,1,0,0,0,0,0,0,1,0.0,0.0,0.0,0.0,0.0,0.0
1,23.0,1,1351.0,1,1,1,0,0,0,0,0,0,0,0,0,0,0,1,0.0,0.0,0.0,0.0,0.0,0.0
0,29.0,0,1621.0,1,1,1,1,0,0,0,0,1,0,0,0,0,1,0,5.783825182329737,0.0,6.304448802421981,0.0,0.0,6.769641976852503
1,24.0,1,277.0,0,2,0,0,0,1,0,0,0,1,0,0,0,0,0,0.0,0.0,0.0,0.0,0.0,0.0
0,26.0,0,277.0,0,2,0,1,0,1,0,0,0,1,0,0,0,0,0,0.6931471805599453,8.45126704130007,3.258096538021482,6.336825731146441,2.639057329615259,8.572438665642215
1,36.0,0,1377.0,0,1,1,0,0,0,0,0,1,0,0,0,0,0,1,0.0,0.0,0.0,0.0,0.0,0.0
0,25.0,1,1729.0,0,1,1,1,0,0,0,0,1,0,0,0,0,1,0,5.834810737062605,6.411818267709897,1.0986122886681096,1.0986122886681096,2.833213344056216,6.877296071497429
0,36.0,0,933.5,1,1,1,1,0,0,0,1,0,0,0,0,0,1,0,3.970291913552122,0.0,4.890349128221754,5.814130531825066,5.176149732573829,6.543911845564792
0,32.0,0,1624.0,1,1,1,1,0,0,1,0,1,0,0,0,0,1,0,6.587550014824796,0.0,7.403670290012373,0.0,0.0,7.769378609513984
1,16.0,1,1352.0,1,1,1,0,0,0,0,0,0,0,0,0,0,0,1,0.0,0.0,0.0,0.0,0.0,0.0
0,32.0,0,540.0,0,1,1,1,0,0,1,0,1,0,0,0,1,0,0,6.754604099487962,5.0689042022202315,0.0,3.5263605246161616,0.0,6.955592608396297
0,48.0,0,1733.0,0,1,1,1,0,0,0,0,1,0,0,0,0,1,0,0.0,7.359467638255621,0.6931471805599453,0.0,1.0986122886681096,7.3613754289773485
0,25.0,0,1734.0,0,1,1,1,0,0,0,0,1,0,0,0,0,1,0,0.6931471805599453,0.0,0.6931471805599453,2.70805020110221,7.307872780763706,7.318539548567902
1,46.0,1,278.0,0,1,1,0,0,1,0,0,0,1,0,0,0,0,0,0.0,0.0,0.0,0.0,0.0,0.0
0,32.0,0,317.0,1,2,0,1,0,1,0,0,0,0,1,0,0,0,0,0.0,7.675546002537848,0.0,9.175334762777368,6.756932389247553,9.446913343602054
0,50.0,1,317.0,1,2,0,1,0,1,0,0,1,0,1,0,0,0,0,0.0,8.029758520440822,0.0,3.8066624897703196,6.333279628139691,8.209852481301272
0,31.0,0,1625.0,1,2,0,1,0,0,1,0,0,0,0,0,0,1,0,7.599901959208498,0.0,0.0,0.0,0.0,7.599901959208498
1,27.0,1,1625.0,1,2,0,0,0,0,1,0,1,0,0,0,0,1,0,0.0,0.0,0.0,0.0,0.0,0.0
0,52.0,0,279.0,0,4,0,1,0,1,0,0,0,0,1,0,0,0,0,0.0,6.723832440821209,7.337587743538596,0.0,8.981430225767635,9.241935933565934
1,34.0,1,279.0,0,4,0,0,0,1,0,0,1,0,1,0,0,0,0,0.0,0.0,0.0,0.0,0.0,0.0
1,40.0,1,279.0,0,4,0,0,0,1,0,0,0,0,1,0,0,0,0,0.0,0.0,0.0,0.0,0.0,0.0
0,36.0,1,279.0,0,4,0,1,0,1,0,0,1,0,1,0,0,0,0,0.0,6.962243464266207,2.9444389791664403,7.4205789054108005,3.912023005428146,7.934513463882263
0,19.0,0,1354.0,1,1,1,1,0,0,0,0,1,0,0,0,0,0,1,4.727387818712341,0.0,5.583496308781699,5.983936280687191,0.0,6.651571873589727
1,33.0,1,280.0,0,1,1,0,0,1,0,0,0,0,1,0,0,0,0,0.0,0.0,0.0,0.0,0.0,0.0
0,23.0,0,1627.0,1,1,1,1,0,0,0,0,1,0,0,0,0,1,0,3.4011973816621555,0.0,0.0,5.808142489980444,5.602118820879701,6.448889394146858
0,57.0,0,319.0,1,6,0,1,0,1,0,0,0,0,1,0,0,0,0,0.0,8.366835309827675,3.4657359027997265,6.501289670540389,8.753055515138222,9.334944535200714
1,24.0,1,319.0,1,6,0,0,0,1,0,0,0,0,1,0,0,0,0,0.0,0.0,0.0,0.0,0.0,0.0
1,19.0,1,319.0,1,6,0,0,0,1,0,0,0,0,1,0,0,0,0,0.0,0.0,0.0,0.0,0.0,0.0
1,54.0,1,319.0,1,6,0,0,0,1,0,0,1,0,1,0,0,0,0,0.0,0.0,0.0,0.0,0.0,0.0
0,28.0,1,319.0,1,6,0,1,0,1,0,0,1,0,1,0,0,0,0,6.912742820493176,7.793174347189205,0.0,0.0,2.8903717578961645,8.144679183447758
0,26.0,1,319.0,1,6,0,1,0,1,0,0,1,0,1,0,0,0,0,0.6931471805599453,8.632484235750972,0.0,1.791759469228055,4.787491742782046,8.654517382279456
1,43.0,0,1355.0,1,1,1,0,0,0,0,1,0,0,0,0,0,0,1,0.0,0.0,0.0,0.0,0.0,0.0
0,39.0,0,1628.0,1,1,1,1,0,0,0,0,1,0,0,0,0,1,0,0.0,3.091042453358316,4.1588830833596715,6.519147287940395,0.0,6.635946555686647
0,21.0,1,1629.0,1,1,1,1,0,0,0,0,1,0,0,0,0,1,0,3.4965075614664802,6.46302945692067,0.0,0.0,0.0,6.511745329644728
0,24.0,0,1630.0,1,1,1,1,0,0,0,0,0,0,0,0,0,1,0,0.0,0.0,6.411818267709897,3.6375861597263857,0.0,6.470799503782602
0,35.0,0,542.0,0,2,0,0,0,0,1,0,1,0,0,0,1,0,0,0.0,0.0,0.0,0.0,0.0,0.0
1,61.0,1,1736.0,0,2,0,0,0,0,1,0,1,0,0,0,0,1,0,0.0,0.0,0.0,0.0,0.0,0.0
0,21.0,0,1737.0,0,1,1,1,0,0,0,0,1,0,0,0,0,1,0,0.0,1.791759469228055,0.0,6.5337888379333435,2.3978952727983707,6.555356891810665
1,14.0,1,1379.0,0,1,1,0,1,0,0,0,0,0,0,0,0,0,1,0.0,0.0,0.0,0.0,0.0,0.0
0,38.0,0,263.0,0,1,1,1,0,0,1,0,0,0,0,1,0,0,0,7.057897937411856,0.0,2.995732273553991,0.0,0.0,7.074116816197362
1,23.0,1,1356.0,1,1,1,0,0,0,0,0,0,0,0,0,0,0,1,0.0,0.0,0.0,0.0,0.0,0.0
0,31.0,0,281.0,0,1,1,1,0,1,0,0,0,0,1,0,0,0,0,9.01724094201035,5.638354669333745,0.0,8.0774471493312,7.734558844354756,9.548881894718772
0,66.0,0,556.0,1,1,1,1,0,1,0,0,0,0,0,0,1,0,0,0.0,7.511524648390866,0.6931471805599453,7.535830462798367,3.828641396489095,8.228977643358313
1,56.0,0,1380.0,0,1,1,0,0,0,0,0,1,0,0,0,0,0,1,0.0,0.0,0.0,0.0,0.0,0.0
0,21.0,0,1632.0,1,1,1,1,0,0,0,0,0,0,0,0,0,1,0,3.6888794541139363,3.9889840465642745,4.553876891600541,3.5263605246161616,6.251903883165888,6.6039438246004725
0,49.0,0,331.0,1,2,0,1,0,1,0,0,0,1,0,0,0,0,0,0.0,7.940583827104244,6.988413181999592,4.709530201312334,7.0326242610280065,8.543640361431086
0,21.0,0,331.0,1,2,0,1,0,1,0,0,0,1,0,0,0,0,0,1.0986122886681096,8.494538500851432,4.174387269895637,8.507748732588238,7.45876269238096,9.36220272128543
0,27.0,1,252.0,1,1,1,1,0,0,1,0,1,0,0,1,0,0,0,5.501258210544727,0.0,6.20050917404269,5.697093486505405,3.1780538303479458,6.963189985870238
0,23.0,0,1633.0,1,1,1,1,0,0,0,0,1,0,0,0,0,1,0,0.0,0.6931471805599453,3.9512437185814275,7.445417556701687,5.393627546352361,7.592366128519796
0,27.0,0,1738.0,0,1,1,1,0,0,0,0,1,0,0,0,0,1,0,0.0,0.0,0.0,6.57507584059962,0.0,6.57507584059962
0,49.0,0,1382.0,0,2,0,1,0,0,0,0,1,0,0,0,0,0,1,5.241747015059643,0.0,4.969813299576001,7.275172319452771,6.320768294250582,7.753623546559746
0,38.0,0,1382.0,0,2,0,1,0,0,0,0,1,0,0,0,0,0,1,0.0,6.742880635791903,1.3862943611198906,3.5553480614894135,0.0,6.785587645007929
1,60.0,1,332.0,1,1,1,0,0,1,0,0,1,1,0,0,0,0,0,0.0,0.0,0.0,0.0,0.0,0.0
1,47.0,0,1358.0,1,1,1,0,0,0,0,0,0,0,0,0,0,0,1,0.0,0.0,0.0,0.0,0.0,0.0
1,29.0,1,253.0,1,1,1,0,0,1,0,0,1,0,0,1,0,0,0,0.0,0.0,0.0,0.0,0.0,0.0
1,19.0,1,1360.0,1,1,1,0,0,0,0,0,1,0,0,0,0,0,1,0.0,0.0,0.0,0.0,0.0,0.0
0,32.0,0,282.0,0,1,1,1,0,1,0,0,0,0,1,0,0,0,0,4.189654742026425,0.0,0.0,4.48863636973214,9.19136140537838,9.206834232646894
1,22.0,1,1383.0,0,1,1,0,0,0,0,1,0,0,0,0,0,0,1,0.0,0.0,0.0,0.0,0.0,0.0
0,35.0,1,1635.0,1,1,1,1,0,0,1,0,0,0,0,0,0,1,0,5.768320995793772,0.0,8.753371421000903,2.1972245773362196,0.0,8.803724602110622
0,28.0,1,1740.0,0,1,1,1,0,0,0,0,1,0,0,0,0,1,0,0.0,4.143134726391533,1.3862943611198906,6.504288173536645,0.0,6.597145701886651
1,22.0,0,1384.0,0,1,1,0,0,0,0,1,0,0,0,0,0,0,1,0.0,0.0,0.0,0.0,0.0,0.0
0,42.0,1,543.0,0,1,1,1,0,0,1,0,1,0,0,0,1,0,0,6.647688373563329,0.0,7.171656822768514,0.0,0.0,7.6362696033793735
0,37.0,1,283.0,0,1,1,1,0,1,0,0,0,0,1,0,0,0,0,2.9444389791664403,8.46695197497949,0.6931471805599453,7.134890851565884,1.0986122886681096,8.704502289721232
0,31.0,1,1743.0,0,1,1,1,0,0,1,0,1,0,0,0,0,1,0,3.912023005428146,5.777652323222656,6.885509670034818,0.0,0.0,7.207118856207756
0,33.0,0,254.0,1,1,1,1,0,0,1,0,1,0,0,1,0,0,0,7.142827401161621,7.488852955733459,3.6109179126442243,6.161207321695077,5.823045895483019,8.268218880067506
0,48.0,0,279.0,0,3,0,1,0,1,0,0,1,1,0,0,0,0,0,8.23880116587155,6.822197390620491,4.990432586778736,7.479299637782834,6.78105762593618,8.922391597295857
0,31.0,0,279.0,0,3,0,1,0,1,0,0,1,1,0,0,0,0,0,0.0,6.272877006546167,0.0,0.0,8.264878262801748,8.392536586816682
1,18.0,1,279.0,0,3,0,0,0,1,0,0,0,1,0,0,0,0,0,0.0,0.0,0.0,0.0,0.0,0.0
0,44.0,1,1744.0,0,2,0,1,0,0,0,0,1,0,0,0,0,1,0,0.0,0.0,7.619233416226805,1.0986122886681096,0.6931471805599453,7.620705086838262
1,22.0,1,1385.0,0,2,0,0,0,0,0,0,0,0,0,0,0,0,1,0.0,0.0,0.0,0.0,0.0,0.0
0,18.0,0,1746.0,0,1,1,1,0,0,0,0,1,0,0,0,0,1,0,6.19644412779452,0.0,4.007333185232471,5.278114659230518,0.0,6.606650186198215
1,48.0,1,1747.0,0,3,0,0,0,0,1,0,1,0,0,0,0,1,0,0.0,0.0,0.0,0.0,0.0,0.0
1,2.0,1,1747.0,0,3,0,0,1,0,1,0,1,0,0,0,0,1,0,0.0,0.0,0.0,0.0,0.0,0.0
0,0.0,1,1747.0,0,3,0,0,1,0,1,0,1,0,0,0,0,1,0,0.0,0.0,0.0,0.0,0.0,0.0
0,43.0,0,1364.0,1,1,1,1,0,0,0,0,1,0,0,0,0,0,1,3.091042453358316,0.0,6.761572768804055,0.0,0.0,6.785587645007929
0,51.0,0,1365.0,1,1,1,1,0,0,0,1,0,0,0,0,0,0,1,6.3818160174060985,3.367295829986474,4.304065093204169,0.0,4.418840607796598,6.651571873589727
0,48.0,1,1637.0,1,1,1,1,0,0,0,0,0,0,0,0,0,1,0,0.0,6.576469569048224,0.0,0.0,2.3978952727983707,6.590301048196686
0,51.0,0,1748.0,0,1,1,1,0,0,1,0,1,0,0,0,0,1,0,6.769641976852503,3.367295829986474,5.631211781821365,5.043425116919247,7.161622002939187,7.870547844507712
0,20.0,1,1750.0,0,1,1,1,0,0,0,0,1,0,0,0,0,1,0,0.0,0.0,0.0,5.793013608384144,0.0,5.793013608384144
0,41.0,0,102.0,1,1,1,0,0,1,0,0,1,0,0,0,0,0,0,0.0,0.0,0.0,0.0,0.0,0.0
0,27.0,1,1751.0,0,1,1,1,0,0,0,0,1,0,0,0,0,1,0,1.3862943611198906,0.0,2.3978952727983707,1.6094379124341003,6.752270376141742,6.771935555839602
0,56.0,0,320.0,1,1,1,1,0,1,0,0,0,0,1,0,0,0,0,3.9889840465642745,8.017637159908478,0.0,4.948759890378168,8.716535732544495,9.140883106960962
1,26.0,1,333.0,1,1,1,0,0,1,0,0,0,1,0,0,0,0,0,0.0,0.0,0.0,0.0,0.0,0.0
0,21.0,0,1369.0,1,1,1,1,0,0,0,0,1,0,0,0,0,0,1,2.4849066497880004,0.0,0.0,6.733401891837359,0.0,6.7464121285733745
0,27.0,0,1640.0,1,1,1,1,0,0,1,0,1,0,0,0,0,1,0,7.8252452914317745,0.0,3.8066624897703196,3.1780538303479458,3.4011973816621555,7.8628820346414905
0,23.0,0,1642.0,1,1,1,1,0,0,0,0,0,0,0,0,0,1,0,5.855071922202427,5.351858133476067,0.0,0.0,0.6931471805599453,6.327936783729195
0,28.0,0,559.0,1,1,1,1,0,1,0,0,0,0,0,0,1,0,0,0.0,4.624972813284271,0.0,0.0,9.404590499635411,9.412872969386267
1,40.0,1,1643.0,1,3,0,0,0,0,1,0,1,0,0,0,0,1,0,0.0,0.0,0.0,0.0,0.0,0.0
0,39.0,0,1643.0,1,3,0,1,0,0,1,0,1,0,0,0,0,1,0,8.580731212220226,0.0,5.673323267171493,0.0,0.0,8.633731007664188
1,16.0,1,1643.0,1,3,0,0,0,0,1,0,1,0,0,0,0,1,0,0.0,0.0,0.0,0.0,0.0,0.0
0,20.0,0,1372.0,1,1,1,1,0,0,0,0,1,0,0,0,0,0,1,4.0943445622221,3.4011973816621555,3.332204510175204,0.0,0.0,4.7535901911063645
0,24.0,0,1645.0,1,1,1,1,0,0,0,0,1,0,0,0,0,1,0,6.532334292222349,0.0,2.639057329615259,0.0,0.0,6.551080335043404
0,45.0,0,266.0,0,2,0,1,0,0,1,0,1,0,0,1,0,0,0,6.9975959829819265,6.85751406254539,5.834810737062605,0.0,0.0,7.776954403322442
0,33.0,1,266.0,0,2,0,1,0,0,1,0,0,0,0,1,0,0,0,7.557472901614746,1.791759469228055,0.0,0.0,5.43372200355424,7.672292455628756
1,19.0,0,544.0,0,1,1,0,0,0,1,0,1,0,0,0,1,0,0,0.0,0.0,0.0,0.0,0.0,0.0
0,15.0,0,1647.0,1,1,1,1,0,0,0,0,1,0,0,0,0,1,0,4.74493212836325,5.087596335232384,3.1354942159291497,6.040254711277414,0.0,6.57507584059962
0,18.0,0,1753.0,0,1,1,1,0,0,0,0,1,0,0,0,0,1,0,0.0,0.0,2.0794415416798357,6.576469569048224,0.0,6.586171654854675
0,21.0,0,1755.0,0,1,1,1,0,0,0,0,1,0,0,0,0,1,0,4.867534450455582,4.672828834461906,5.638354669333745,5.214935757608986,2.9444389791664403,6.57507584059962
1,37.0,1,1648.0,1,1,1,0,0,0,1,0,1,0,0,0,0,1,0,0.0,0.0,0.0,0.0,0.0,0.0
0,53.0,0,257.0,1,1,1,1,0,1,0,0,1,0,0,1,0,0,0,0.0,6.742880635791903,0.0,6.447305862541213,7.630946580890459,8.17131687471973
0,19.0,0,545.0,0,2,0,0,0,0,1,0,1,0,0,0,1,0,0,0.0,0.0,0.0,0.0,0.0,0.0
0,17.0,0,1756.0,0,2,0,1,0,0,1,0,1,0,0,0,0,1,0,5.961005339623274,0.0,3.367295829986474,7.688913336864796,0.0,7.8628820346414905
0,58.0,1,547.0,0,1,1,1,0,0,0,1,0,0,0,0,1,0,0,6.1903154058531475,0.0,5.278114659230518,0.0,2.0794415416798357,6.536691597591305
0,18.0,0,280.0,0,2,0,1,0,1,0,0,1,1,0,0,0,0,0,0.0,7.538494999413465,0.0,9.829464192187341,9.213236175088209,10.324793200863425
0,25.0,1,280.0,0,2,0,1,0,1,0,0,0,1,0,0,0,0,0,0.0,8.288785810426928,0.0,5.58724865840025,6.393590753950631,8.485083137498004
1,39.0,1,334.0,1,2,0,0,0,1,0,0,1,1,0,0,0,0,0,0.0,0.0,0.0,0.0,0.0,0.0
1,40.0,1,334.0,1,2,0,0,0,1,0,0,0,1,0,0,0,0,0,0.0,0.0,0.0,0.0,0.0,0.0
0,27.0,0,548.0,0,3,0,1,0,0,1,0,1,0,0,0,1,0,0,1.3862943611198906,6.859614903654202,5.342334251964811,6.858565034791365,0.0,7.656810091480378
0,3.0,1,1758.0,0,3,0,0,1,0,1,0,1,0,0,0,0,1,0,0.0,0.0,0.0,0.0,0.0,0.0
1,18.0,1,1758.0,0,3,0,0,0,0,1,0,1,0,0,0,0,1,0,0.0,0.0,0.0,0.0,0.0,0.0
1,18.0,1,1391.0,0,1,1,0,0,0,0,0,0,0,0,0,0,0,1,0.0,0.0,0.0,0.0,0.0,0.0
1,29.0,0,1375.0,1,1,1,0,0,0,0,1,0,0,0,0,0,0,1,0.0,0.0,0.0,0.0,0.0,0.0
0,22.0,0,1392.0,0,1,1,1,0,0,0,0,1,0,0,0,0,0,1,1.3862943611198906,5.3706380281276624,0.0,0.0,6.3835066348840055,6.695798917058491
0,34.0,1,88.0,0,1,1,1,0,1,0,0,1,0,0,0,0,0,0,0.0,8.19891444498699,0.0,4.2626798770413155,3.332204510175204,8.225235324101668
1,19.0,0,1377.0,1,1,1,0,0,0,0,1,0,0,0,0,0,0,1,0.0,0.0,0.0,0.0,0.0,0.0
0,26.0,0,1651.0,1,1,1,1,0,0,1,0,1,0,0,0,0,1,0,8.65834547117212,0.0,5.332718793265369,0.0,0.0,8.69349667588463
0,33.0,0,89.0,0,1,1,1,0,1,0,0,1,0,0,0,0,0,0,0.0,6.606650186198215,0.0,4.948759890378168,8.839566503657949,8.95944014361693
0,34.0,1,1652.0,1,2,0,1,0,0,0,0,1,0,0,0,0,1,0,2.3978952727983707,1.6094379124341003,0.6931471805599453,0.0,6.674561391814426,6.693323668269949
1,18.0,1,1378.0,1,2,0,0,0,0,0,0,1,0,0,0,0,0,1,0.0,0.0,0.0,0.0,0.0,0.0
1,40.0,1,1653.0,1,5,0,0,0,0,1,0,1,0,0,0,0,1,0,0.0,0.0,0.0,0.0,0.0,0.0
0,53.0,0,258.0,1,5,0,1,0,0,1,0,1,0,0,1,0,0,0,6.949856455000773,0.0,1.0986122886681096,0.6931471805599453,2.4849066497880004,6.963189985870238
1,8.0,1,1653.0,1,5,0,0,1,0,1,0,1,0,0,0,0,1,0,0.0,0.0,0.0,0.0,0.0,0.0
0,54.0,0,1653.0,1,5,0,1,0,0,1,0,1,0,0,0,0,1,0,7.475339236566737,0.0,2.4849066497880004,0.0,0.0,7.4815557019095165
1,29.0,1,1653.0,1,5,0,0,0,0,1,0,0,0,0,0,0,1,0,0.0,0.0,0.0,0.0,0.0,0.0
1,56.0,1,1654.0,1,1,1,0,0,0,1,0,1,0,0,0,0,1,0,0.0,0.0,0.0,0.0,0.0,0.0
0,21.0,0,1379.0,1,1,1,1,0,0,0,1,0,0,0,0,0,0,1,1.6094379124341003,1.3862943611198906,5.0106352940962555,2.8903717578961645,6.093569770045136,6.423246963533519
1,25.0,1,323.0,1,2,0,0,0,1,0,0,1,0,1,0,0,0,0,0.0,0.0,0.0,0.0,0.0,0.0
1,33.0,1,323.0,1,2,0,0,0,1,0,0,1,0,1,0,0,0,0,0.0,0.0,0.0,0.0,0.0,0.0
0,22.0,0,1655.0,1,1,1,1,0,0,0,0,1,0,0,0,0,1,0,1.6094379124341003,0.0,4.290459441148391,3.091042453358316,6.398594934535208,6.548219102762372
0,50.0,0,259.0,1,1,1,1,0,0,1,0,1,0,0,1,0,0,0,6.618738983517219,5.10594547390058,5.598421958998375,0.0,0.0,7.074963197966044
0,24.0,0,550.0,0,1,1,1,0,0,1,0,0,0,0,0,1,0,0,0.0,0.0,5.983936280687191,5.54907608489522,7.301822342137932,7.666221925662725
0,25.0,0,1763.0,0,1,1,1,0,0,0,0,1,0,0,0,0,1,0,6.45833828334479,0.0,4.499809670330265,5.746203190540153,1.0986122886681096,6.947937068614969
1,59.0,1,562.0,1,1,1,0,0,0,1,0,1,0,0,0,1,0,0,0.0,0.0,0.0,0.0,0.0,0.0
0,26.0,0,267.0,0,1,1,1,0,1,0,0,0,0,0,1,0,0,0,1.9459101490553132,6.591673732008658,0.0,7.149916836132109,7.018401799069201,8.046869510959576
0,19.0,0,268.0,0,1,1,1,0,1,0,0,1,0,0,1,0,0,0,0.0,7.249215057114389,0.0,8.34283980427146,7.66105638236183,8.952734767106872
0,37.0,0,1381.0,1,1,1,1,0,0,0,0,1,0,0,0,0,0,1,5.351858133476067,1.3862943611198906,6.400257445308821,0.6931471805599453,4.23410650459726,6.784457062637643
1,22.0,1,551.0,0,1,1,0,0,0,1,0,1,0,0,0,1,0,0,0.0,0.0,0.0,0.0,0.0,0.0
1,44.0,1,284.0,0,2,0,0,0,1,0,0,1,0,1,0,0,0,0,0.0,0.0,0.0,0.0,0.0,0.0
1,25.0,1,284.0,0,2,0,0,0,1,0,0,0,0,1,0,0,0,0,0.0,0.0,0.0,0.0,0.0,0.0
1,23.0,1,1382.0,1,1,1,0,0,0,0,0,1,0,0,0,0,0,1,0.0,0.0,0.0,0.0,0.0,0.0
0,6.0,1,1394.0,0,3,0,0,1,0,0,0,0,0,0,0,0,0,1,0.0,0.0,0.0,0.0,0.0,0.0
1,39.0,1,1394.0,0,3,0,0,0,0,0,1,0,0,0,0,0,0,1,0.0,0.0,0.0,0.0,0.0,0.0
0,26.0,0,933.5,1,3,0,1,0,0,0,0,0,0,0,0,0,1,0,2.5649493574615367,4.276666119016055,0.0,4.6443908991413725,6.437751649736401,6.698268054115413
0,14.0,0,1383.0,1,1,1,1,1,0,0,0,0,0,0,0,0,0,1,6.306275286948016,4.983606621708336,1.791759469228055,0.0,2.302585092994046,6.561030665896573
1,3.0,0,1396.0,0,3,0,0,1,0,0,0,1,0,0,0,0,0,1,0.0,0.0,0.0,0.0,0.0,0.0
0,21.0,0,1396.0,0,3,0,1,0,0,0,1,0,0,0,0,0,0,1,2.3978952727983707,6.9363427358340495,1.3862943611198906,7.832014180505469,0.0,8.177796683277778
1,24.0,0,1396.0,0,3,0,0,0,0,0,0,1,0,0,0,0,0,1,0.0,0.0,0.0,0.0,0.0,0.0
1,18.0,0,933.5,1,1,1,0,0,0,0,1,0,0,0,0,0,1,0,0.0,0.0,0.0,0.0,0.0,0.0
0,37.0,0,1765.0,0,2,0,1,0,0,1,0,1,0,0,0,0,1,0,3.9318256327243257,0.0,5.840641657373398,7.698936199813447,0.0,7.8628820346414905
1,21.0,1,1765.0,0,2,0,0,0,0,1,0,1,0,0,0,0,1,0,0.0,0.0,0.0,0.0,0.0,0.0
0,67.0,0,324.0,1,5,0,1,0,1,0,0,1,0,1,0,0,0,0,0.0,4.418840607796598,0.0,7.731930721948486,5.683579767338681,7.884199933676039
1,28.0,1,933.5,1,5,0,0,0,1,0,0,1,0,0,0,0,1,0,0.0,0.0,0.0,0.0,0.0,0.0
1,13.0,1,324.0,1,5,0,0,1,1,0,0,0,0,1,0,0,0,0,0.0,0.0,0.0,0.0,0.0,0.0
0,26.0,0,324.0,1,5,0,1,0,1,0,0,1,0,1,0,0,0,0,0.0,5.424950017481403,0.0,6.07993319509559,8.306965865368573,8.458292083496076
1,33.0,1,324.0,1,5,0,0,0,1,0,0,0,0,1,0,0,0,0,0.0,0.0,0.0,0.0,0.0,0.0
1,18.0,0,1386.0,1,3,0,0,0,0,0,0,1,0,0,0,0,0,1,0.0,0.0,0.0,0.0,0.0,0.0
0,24.0,0,1658.0,1,3,0,1,0,0,0,0,1,0,0,0,0,1,0,2.639057329615259,5.402677381872279,0.0,7.051855622955894,0.0,7.236339342754344
0,26.0,0,563.0,1,3,0,1,0,0,0,0,1,0,0,0,1,0,0,0.0,0.0,5.003946305945459,6.313548046277095,4.499809670330265,6.670766320845874
0,21.0,1,1387.0,1,1,1,1,0,0,0,1,0,0,0,0,0,0,1,0.0,7.697575346802343,2.302585092994046,4.276666119016055,4.61512051684126,7.776115477098742
0,27.0,0,564.0,1,1,1,1,0,0,0,0,1,0,0,0,1,0,0,0.0,0.0,1.0986122886681096,6.902742737158593,0.0,6.904750769961838
1,15.0,1,1398.0,0,1,1,0,0,0,0,1,0,0,0,0,0,0,1,0.0,0.0,0.0,0.0,0.0,0.0
0,24.0,0,1766.0,0,1,1,1,0,0,0,0,0,0,0,0,0,1,0,1.0986122886681096,6.4692503167957724,0.0,0.0,0.0,6.472346294500901
0,31.0,0,1399.0,0,1,1,1,0,0,0,0,1,0,0,0,0,0,1,1.6094379124341003,2.302585092994046,6.769641976852503,0.0,0.0,6.784457062637643
0,10.0,1,1388.0,1,1,1,0,1,0,0,0,1,0,0,0,0,0,1,0.0,0.0,0.0,0.0,0.0,0.0
0,23.0,1,1400.0,0,1,1,1,0,0,0,0,1,0,0,0,0,0,1,1.6094379124341003,1.3862943611198906,7.487733761436444,0.0,0.0,7.491645473605133
0,50.0,1,565.0,1,2,0,1,0,0,0,0,0,0,0,0,1,0,0,0.0,0.0,4.770684624465665,6.569481420414296,0.0,6.721425700790643
1,13.0,1,1389.0,1,2,0,0,1,0,0,0,0,0,0,0,0,0,1,0.0,0.0,0.0,0.0,0.0,0.0
0,43.0,0,1767.0,0,2,0,1,0,0,1,0,1,0,0,0,0,1,0,3.332204510175204,0.0,6.682108597449809,6.7226297948554485,5.087596335232384,7.504391559161238
1,20.0,1,1767.0,0,2,0,0,0,0,1,0,0,0,0,0,0,1,0,0.0,0.0,0.0,0.0,0.0,0.0
0,21.0,1,1768.0,0,1,1,1,0,0,0,0,1,0,0,0,0,1,0,2.4849066497880004,7.297091005160418,0.0,0.0,0.0,7.304515946460155
0,18.0,0,336.0,1,2,0,1,0,1,0,0,0,1,0,0,0,0,0,0.0,6.543911845564792,0.0,0.0,7.223295679562314,7.632885505395133
1,16.0,1,336.0,1,2,0,0,0,1,0,0,1,1,0,0,0,0,0,0.0,0.0,0.0,0.0,0.0,0.0
0,47.0,0,566.0,1,1,1,1,0,1,0,0,1,0,0,0,1,0,0,5.236441962829949,5.594711379601839,6.885509670034818,8.143807976771484,5.4680601411351315,8.53895468319775
0,35.0,0,1659.0,1,1,1,1,0,0,1,0,1,0,0,0,0,1,0,7.118826249062078,3.58351893845611,2.0794415416798357,0.0,0.0,7.152268856032539
0,15.0,0,933.5,1,1,1,1,0,0,0,0,1,0,0,0,0,1,0,2.302585092994046,6.595780513961311,4.454347296253507,0.0,6.2878585601617845,7.217443431696533
0,46.0,0,1661.0,1,2,0,1,0,0,0,0,1,0,0,0,0,1,0,4.912654885736052,0.0,0.0,0.0,6.834108738813838,6.96979066990159
1,6.0,0,1390.0,1,2,0,0,1,0,0,0,1,0,0,0,0,0,1,0.0,0.0,0.0,0.0,0.0,0.0
0,26.0,0,1770.0,0,1,1,1,0,0,0,0,1,0,0,0,0,1,0,0.6931471805599453,0.0,0.6931471805599453,2.772588722239781,6.75110146893676,6.77078942390898
0,49.0,0,1664.0,1,1,1,1,0,0,0,1,0,0,0,0,0,1,0,0.0,2.9444389791664403,0.0,0.0,6.532334292222349,6.558197802812269
1,28.0,1,1391.0,1,1,1,0,0,0,0,0,1,0,0,0,0,0,1,0.0,0.0,0.0,0.0,0.0,0.0
1,37.0,0,553.0,0,1,1,0,0,0,1,0,1,0,0,0,1,0,0,0.0,0.0,0.0,0.0,0.0,0.0
0,17.0,0,1665.0,1,1,1,1,0,0,0,0,1,0,0,0,0,1,0,1.0986122886681096,3.5263605246161616,4.584967478670572,6.317164686747284,0.0,6.530877627725885
0,38.0,0,1392.0,1,1,1,1,0,0,0,0,1,0,0,0,0,0,1,7.461640392208575,0.0,0.0,4.430816798843313,0.0,7.508238774678663
0,18.0,0,554.0,0,1,1,1,0,0,0,0,1,0,0,0,1,0,0,5.41610040220442,0.0,0.0,0.0,7.233455418621439,7.3833681469923835
1,55.0,1,1772.0,0,1,1,0,0,0,1,0,1,0,0,0,0,1,0,0.0,0.0,0.0,0.0,0.0,0.0
1,28.0,1,1773.0,0,3,0,0,0,0,1,0,1,0,0,0,0,1,0,0.0,0.0,0.0,0.0,0.0,0.0
0,25.0,1,1773.0,0,3,0,1,0,0,1,0,1,0,0,0,0,1,0,6.895682697747868,0.0,8.735846677457582,4.955827057601261,0.0,8.902455592206882
0,17.0,0,555.0,0,3,0,1,0,0,1,0,1,0,0,0,1,0,0,5.802118375377063,0.6931471805599453,6.875232087276577,0.0,0.0,7.1693500166706
1,22.0,0,1402.0,0,3,0,0,0,0,0,0,1,0,0,0,0,0,1,0.0,0.0,0.0,0.0,0.0,0.0
0,4.0,1,1402.0,0,3,0,0,1,0,0,0,1,0,0,0,0,0,1,0.0,0.0,0.0,0.0,0.0,0.0
0,3.0,1,1402.0,0,3,0,0,1,0,0,0,0,0,0,0,0,0,1,0.0,0.0,0.0,0.0,0.0,0.0
1,21.0,0,567.0,1,2,0,0,0,0,1,0,1,0,0,0,1,0,0,0.0,0.0,0.0,0.0,0.0,0.0
0,24.0,0,260.0,1,2,0,1,0,0,1,0,1,0,0,1,0,0,0,7.283448228756631,7.699842407396986,5.099866427824199,7.764296006450518,0.0,8.729073550451737
0,50.0,0,1666.0,1,1,1,1,0,0,0,0,1,0,0,0,0,1,0,4.897839799950911,0.0,6.26530121273771,0.0,3.4657359027997265,6.536691597591305
0,3.0,1,1667.0,1,3,0,0,1,0,1,0,1,0,0,0,0,1,0,0.0,0.0,0.0,0.0,0.0,0.0
0,19.0,0,1667.0,1,3,0,1,0,0,1,0,1,0,0,0,0,1,0,7.044905117129371,0.0,1.3862943611198906,0.0,0.0,7.047517221357296
1,22.0,1,1667.0,1,3,0,0,0,0,1,0,1,0,0,0,0,1,0,0.0,0.0,0.0,0.0,0.0,0.0
0,20.0,0,1774.0,0,1,1,1,0,0,0,1,0,0,0,0,0,1,0,0.0,1.6094379124341003,0.0,0.0,6.439350371100098,6.4457198193855785
0,18.0,0,1775.0,0,1,1,1,0,0,1,0,1,0,0,0,0,1,0,7.6251071482389,0.0,1.0986122886681096,6.744059186311348,0.0,7.972121128921655
0,27.0,0,1668.0,1,2,0,1,0,0,0,0,1,0,0,0,0,1,0,3.044522437723423,0.0,2.4849066497880004,0.0,6.744059186311348,6.779921907472252
0,29.0,0,1668.0,1,2,0,1,0,0,0,0,1,0,0,0,0,1,0,0.0,0.0,0.0,0.0,7.587310506022615,7.587310506022615
0,23.0,1,1776.0,0,1,1,1,0,0,0,0,0,0,0,0,0,1,0,0.6931471805599453,3.295836866004329,7.554334823725748,5.765191102784844,0.0,7.720461694599722
1,48.0,1,325.0,1,4,0,0,0,1,0,0,1,0,1,0,0,0,0,0.0,0.0,0.0,0.0,0.0,0.0
0,32.0,0,325.0,1,4,0,1,0,1,0,0,1,0,1,0,0,0,0,0.0,7.1592919047975645,0.0,8.016647877057803,5.814130531825066,8.444622498581403
1,55.0,1,325.0,1,4,0,0,0,1,0,0,1,0,1,0,0,0,0,0.0,0.0,0.0,0.0,0.0,0.0
0,49.0,0,325.0,1,4,0,1,0,1,0,0,0,0,1,0,0,0,0,1.3862943611198906,7.011213987350367,1.0986122886681096,8.661466680572662,7.583247524303362,9.08851166361105
1,15.0,1,1404.0,0,1,1,0,0,0,0,0,1,0,0,0,0,0,1,0.0,0.0,0.0,0.0,0.0,0.0
1,50.0,1,1393.0,1,1,1,0,0,0,0,0,1,0,0,0,0,0,1,0.0,0.0,0.0,0.0,0.0,0.0
0,35.0,0,1779.0,0,1,1,1,0,0,0,0,1,0,0,0,0,1,0,6.656726524178391,0.0,3.1780538303479458,0.0,4.127134385045092,6.759255270663693
0,29.0,0,103.0,1,3,0,1,0,1,0,0,1,0,0,0,0,0,0,0.0,8.40200678160712,0.0,7.416979621381154,8.397508348470257,9.264260213965613
0,38.0,0,103.0,1,3,0,1,0,1,0,0,0,0,0,0,0,0,0,0.0,7.1693500166706,0.0,7.518607216815252,7.344719054149673,8.452547997922705
1,29.0,1,103.0,1,3,0,0,0,1,0,0,0,0,0,0,0,0,0,0.0,0.0,0.0,0.0,0.0,0.0
0,39.0,1,1780.0,0,1,1,1,0,0,1,0,1,0,0,0,0,1,0,5.303304908059076,0.0,6.988413181999592,4.189654742026425,0.0,7.207118856207756
0,49.0,1,568.0,1,2,0,1,0,0,1,0,1,0,0,0,1,0,0,0.0,0.6931471805599453,7.21890970761906,5.424950017481403,0.0,7.3727463664043285
0,39.0,0,1673.0,1,2,0,1,0,0,1,0,1,0,0,0,0,1,0,5.846438775057724,0.0,6.744059186311348,0.0,4.762173934797756,7.177782416195197
0,19.0,1,1781.0,0,1,1,1,0,0,0,0,1,0,0,0,0,1,0,4.836281906951478,6.322565239927284,3.1780538303479458,0.0,0.0,6.558197802812269
0,19.0,0,1675.0,1,1,1,1,0,0,0,0,1,0,0,0,0,1,0,6.787844982309579,0.0,0.0,7.370230641807081,2.5649493574615367,7.818430272070656
0,14.0,1,1394.0,1,2,0,1,1,0,0,0,1,0,0,0,0,0,1,6.111467339502679,8.474703139795285,6.799055862058796,0.0,0.0,8.722254235179681
1,40.0,1,933.5,1,2,0,0,0,0,0,0,0,0,0,0,0,1,0,0.0,0.0,0.0,0.0,0.0,0.0
0,40.0,0,1395.0,1,1,1,1,0,0,0,0,1,0,0,0,0,0,1,6.813444599510896,0.0,0.0,0.0,0.0,6.813444599510896
0,20.0,0,1676.0,1,1,1,1,0,0,1,0,1,0,0,0,0,1,0,6.598509028614515,0.0,6.1224928095143865,0.0,0.0,7.080867896690782
1,6.0,1,1783.0,0,3,0,0,1,0,1,0,1,0,0,0,0,1,0,0.0,0.0,0.0,0.0,0.0,0.0
0,41.0,0,269.0,0,3,0,1,0,0,1,0,1,0,0,1,0,0,0,6.693323668269949,2.833213344056216,4.836281906951478,6.9167150203536085,0.0,7.578656850594762
0,37.0,0,556.0,0,3,0,0,0,0,1,0,1,0,0,0,1,0,0,0.0,0.0,0.0,0.0,0.0,0.0
0,31.0,0,1677.0,1,3,0,1,0,0,0,0,1,0,0,0,0,1,0,6.856461984594587,0.0,3.1354942159291497,0.0,0.0,6.879355804460439
0,8.0,0,1397.0,1,3,0,0,1,0,0,0,1,0,0,0,0,0,1,0.0,0.0,0.0,0.0,0.0,0.0
0,55.0,0,1677.0,1,3,0,1,0,0,0,0,1,0,0,0,0,1,0,6.2285110035911835,0.0,6.124683390894205,0.0,0.0,6.870053411798126
1,16.0,1,1398.0,1,1,1,0,0,0,0,1,0,0,0,0,0,0,1,0.0,0.0,0.0,0.0,0.0,0.0
0,29.0,1,90.0,0,1,1,1,0,1,0,0,0,0,0,0,0,0,0,0.6931471805599453,6.639875833826536,0.6931471805599453,5.583496308781699,7.3395376954076745,7.852050207265889
0,40.0,0,1406.0,0,1,1,1,0,0,0,0,1,0,0,0,0,0,1,3.091042453358316,5.049856007249537,0.0,5.5909869805108565,0.0,6.095824562432225
1,27.0,1,285.0,0,1,1,0,0,1,0,0,1,0,1,0,0,0,0,0.0,0.0,0.0,0.0,0.0,0.0
0,21.0,0,1784.0,0,1,1,1,0,0,1,0,1,0,0,0,0,1,0,8.502079553606189,0.0,3.912023005428146,1.0986122886681096,0.0,8.512381634419015
1,25.0,1,281.0,0,1,1,0,0,1,0,0,1,1,0,0,0,0,0,0.0,0.0,0.0,0.0,0.0,0.0
0,44.0,0,1786.0,0,1,1,1,0,0,1,0,1,0,0,0,0,1,0,0.0,6.879355804460439,6.55250788703459,0.0,0.0,7.421775793644647
0,34.0,0,1787.0,0,3,0,1,0,0,1,0,1,0,0,0,0,1,0,5.910796644040527,6.214608098422191,7.455876687491824,0.0,1.0986122886681096,7.8628820346414905
0,1.0,1,1787.0,0,3,0,0,1,0,1,0,1,0,0,0,0,1,0,0.0,0.0,0.0,0.0,0.0,0.0
0,1.0,1,1787.0,0,3,0,0,1,0,1,0,1,0,0,0,0,1,0,0.0,0.0,0.0,0.0,0.0,0.0
0,42.0,0,1679.0,1,1,1,1,0,0,0,1,0,0,0,0,0,1,0,3.9512437185814275,1.9459101490553132,4.477336814478207,3.091042453358316,6.003887067106539,6.345636360828596
0,18.0,0,1788.0,0,1,1,1,0,0,0,0,1,0,0,0,0,1,0,0.6931471805599453,0.6931471805599453,0.0,5.424950017481403,6.192362489474872,6.57507584059962
1,21.0,1,1400.0,1,1,1,0,0,0,0,0,0,0,0,0,0,0,1,0.0,0.0,0.0,0.0,0.0,0.0
0,24.0,1,1680.0,1,1,1,1,0,0,0,0,1,0,0,0,0,1,0,0.0,0.0,6.38856140554563,4.564348191467836,0.0,6.536691597591305
0,27.0,0,1681.0,1,1,1,1,0,0,0,0,1,0,0,0,0,1,0,0.0,0.0,0.0,6.39024066706535,0.0,6.39024066706535
1,18.0,0,1409.0,0,1,1,0,0,0,0,1,0,0,0,0,0,0,1,0.0,0.0,0.0,0.0,0.0,0.0
1,27.0,1,1410.0,0,1,1,0,0,0,0,1,0,0,0,0,0,0,1,0.0,0.0,0.0,0.0,0.0,0.0
1,13.0,1,1411.0,0,3,0,0,1,0,0,0,1,0,0,0,0,0,1,0.0,0.0,0.0,0.0,0.0,0.0
0,10.0,0,1411.0,0,3,0,0,1,0,0,0,1,0,0,0,0,0,1,0.0,0.0,0.0,0.0,0.0,0.0
1,8.0,0,1411.0,0,3,0,0,1,0,0,0,1,0,0,0,0,0,1,0.0,0.0,0.0,0.0,0.0,0.0
0,40.0,1,1683.0,1,1,1,1,0,0,1,0,1,0,0,0,0,1,0,4.343805421853684,0.0,7.064759027791802,0.0,4.174387269895637,7.177782416195197
1,35.0,1,326.0,1,1,1,0,0,1,0,1,0,0,1,0,0,0,0,0.0,0.0,0.0,0.0,0.0,0.0
0,13.0,0,1684.0,1,1,1,1,1,0,1,0,1,0,0,0,0,1,0,5.384495062789089,2.0794415416798357,6.834108738813838,0.0,6.591673732008658,7.53955882930103
0,19.0,0,1789.0,0,1,1,1,0,0,1,0,0,0,0,0,0,1,0,5.318119993844216,0.0,5.153291594497779,7.2868764117507,5.0238805208462765,7.594381242551817
0,44.0,0,1685.0,1,1,1,1,0,0,0,0,1,0,0,0,0,1,0,4.442651256490317,0.0,5.733341276897746,0.0,7.07326971745971,7.360103972989152
1,36.0,1,1686.0,1,2,0,0,0,0,1,0,1,0,0,0,0,1,0,0.0,0.0,0.0,0.0,0.0,0.0
0,29.0,0,264.0,1,2,0,1,0,0,1,0,1,0,0,1,0,0,0,7.7142311448490855,0.0,4.990432586778736,0.0,0.0,7.777373602657861
0,28.0,0,1413.0,0,1,1,1,0,0,0,1,0,0,0,0,0,0,1,6.522092798170152,0.0,0.0,0.0,0.0,6.522092798170152
0,36.0,0,1687.0,1,1,1,1,0,0,0,0,1,0,0,0,0,1,0,0.0,4.59511985013459,6.124683390894205,5.627621113690637,4.2626798770413155,6.804614520062624
0,24.0,0,1688.0,1,1,1,1,0,0,0,1,0,0,0,0,0,1,0,5.746203190540153,5.429345628954441,3.9318256327243257,0.0,0.0,6.380122536899765
1,14.0,1,1792.0,0,1,1,0,1,0,1,0,1,0,0,0,0,1,0,0.0,0.0,0.0,0.0,0.0,0.0
0,50.0,1,270.0,0,1,1,1,0,0,1,0,1,0,0,1,0,0,0,7.368339686311381,0.0,3.6109179126442243,4.653960350157523,0.0,7.45298232946546
0,20.0,0,1793.0,0,1,1,1,0,0,0,1,0,0,0,0,0,1,0,6.056784013228625,0.0,5.3981627015177525,1.0986122886681096,0.0,6.47543271670409
0,38.0,0,1689.0,1,1,1,1,0,0,0,0,1,0,0,0,0,1,0,4.941642422609304,2.302585092994046,0.0,0.0,6.368187186350492,6.594413459749778
0,33.0,0,104.0,1,3,0,1,0,1,0,0,1,0,0,0,0,0,0,0.0,8.031710375322042,0.0,1.3862943611198906,6.902742737158593,8.31238059678675
0,54.0,0,104.0,1,3,0,1,0,1,0,0,0,0,0,0,0,0,0,0.0,7.507690077819904,7.771067086065406,6.856461984594587,3.8501476017100584,8.553910774351401
0,20.0,1,104.0,1,3,0,0,0,1,0,0,0,0,0,0,0,0,0,0.0,0.0,0.0,0.0,0.0,0.0
0,23.0,1,1690.0,1,1,1,1,0,0,0,0,0,0,0,0,0,1,0,0.0,5.5134287461649825,6.96979066990159,3.6109179126442243,0.0,7.205635176410364
1,65.0,1,337.0,1,1,1,0,0,1,0,0,0,1,0,0,0,0,0,0.0,0.0,0.0,0.0,0.0,0.0
1,51.0,0,558.0,0,2,0,0,0,0,1,0,1,0,0,0,1,0,0,0.0,0.0,0.0,0.0,0.0,0.0
0,36.0,0,558.0,0,2,0,1,0,0,1,0,1,0,0,0,1,0,0,7.602401335665818,0.0,2.3978952727983707,4.477336814478207,0.0,7.649692623711514
0,38.0,0,1794.0,0,1,1,1,0,0,0,0,1,0,0,0,0,1,0,3.4965075614664802,7.059617628291383,0.0,3.970291913552122,7.568379267836522,8.065579427282092
0,28.0,0,1797.0,0,1,1,1,0,0,0,0,0,0,0,0,0,1,0,3.5553480614894135,0.0,0.0,0.0,6.490723534502507,6.541029999189903
0,32.0,1,1798.0,0,8,0,1,0,0,0,0,1,0,0,0,0,1,0,5.556828061699537,6.2166061010848646,1.3862943611198906,2.772588722239781,4.859812404361672,6.807934943699926
0,55.0,0,1416.0,0,8,0,1,0,0,0,0,1,0,0,0,0,0,1,6.543911845564792,0.0,0.6931471805599453,4.477336814478207,0.0,6.663132695990803
0,23.0,0,1798.0,0,8,0,1,0,0,0,0,1,0,0,0,0,1,0,7.134890851565884,0.0,3.828641396489095,0.0,0.0,7.170119543449628
0,38.0,0,1798.0,0,8,0,1,0,0,0,1,0,0,0,0,0,1,0,6.473890696352274,3.1780538303479458,0.6931471805599453,0.0,0.0,6.51025834052315
1,18.0,1,1416.0,0,8,0,0,0,0,0,0,0,0,0,0,0,0,1,0.0,0.0,0.0,0.0,0.0,0.0
1,32.0,0,1416.0,0,8,0,0,0,0,0,1,0,0,0,0,0,0,1,0.0,0.0,0.0,0.0,0.0,0.0
0,44.0,0,933.5,1,8,0,1,0,0,0,0,1,0,0,0,0,1,0,5.58724865840025,1.3862943611198906,1.0986122886681096,0.0,6.618738983517219,6.927557906278317
0,62.0,1,1416.0,0,8,0,1,0,0,0,0,1,0,0,0,0,0,1,0.0,6.385194398997726,5.10594547390058,0.0,0.0,6.6293632534374485
0,66.0,0,559.0,0,2,0,1,0,1,0,0,1,0,0,0,1,0,0,5.872117789475416,7.878534196140362,0.0,7.074116816197362,0.0,8.336630087637147
0,20.0,0,559.0,0,2,0,1,0,1,0,0,1,0,0,0,1,0,0,0.0,8.956737613177264,2.9444389791664403,8.502282578680484,9.448254302193842,10.14203190042636
0,19.0,0,1691.0,1,1,1,1,0,0,0,0,1,0,0,0,0,1,0,5.267858159063328,5.529429087511423,0.0,5.111987788356544,0.0,6.413458957167357
0,27.0,0,1406.0,1,1,1,1,0,0,0,0,1,0,0,0,0,0,1,3.1354942159291497,5.424950017481403,0.0,0.0,6.452048954437226,6.782192056006791
0,25.0,1,1417.0,0,1,1,1,0,0,0,1,0,0,0,0,0,0,1,0.0,0.0,6.56244409369372,0.6931471805599453,0.0,6.5638555265321274
0,20.0,0,1799.0,0,1,1,1,0,0,0,0,1,0,0,0,0,1,0,5.429345628954441,0.0,0.6931471805599453,0.0,6.56244409369372,6.8416154764775925
1,18.0,1,1800.0,0,2,0,0,0,0,1,0,1,0,0,0,0,1,0,0.0,0.0,0.0,0.0,0.0,0.0
0,20.0,1,1800.0,0,2,0,1,0,0,1,0,1,0,0,0,0,1,0,0.0,1.0986122886681096,5.66988092298052,6.884486652042782,0.0,7.145196134997171
1,14.0,1,91.0,0,3,0,0,1,1,0,0,1,0,0,0,0,0,0,0.0,0.0,0.0,0.0,0.0,0.0
0,49.0,1,91.0,0,3,0,1,0,1,0,0,0,0,0,0,0,0,0,0.0,8.256866848974312,0.0,5.5053315359323625,5.187385805840755,8.361007108226909
0,49.0,0,91.0,0,3,0,1,0,1,0,0,1,0,0,0,0,0,0,1.6094379124341003,3.8066624897703196,7.2456550675945355,6.950814768442584,0.0,7.821242083523558
0,19.0,0,1802.0,0,1,1,1,0,0,0,0,0,0,0,0,0,1,0,5.19295685089021,2.833213344056216,5.5093883366279774,5.638354669333745,0.0,6.582025138892826
0,53.0,0,570.0,1,1,1,1,0,0,0,0,1,0,0,0,1,0,0,7.3864708488298945,0.0,0.0,0.0,2.0794415416798357,7.390798521735676
0,31.0,0,562.0,0,1,1,1,0,0,1,0,1,0,0,0,1,0,0,6.854354502255021,4.430816798843313,2.995732273553991,0.0,0.0,6.956545443151569
0,18.0,0,1804.0,0,1,1,1,0,0,0,0,1,0,0,0,0,1,0,3.2188758248682006,6.625392368007956,0.0,0.0,0.0,6.656726524178391
0,24.0,0,1694.0,1,1,1,1,0,0,0,0,1,0,0,0,0,1,0,0.0,0.0,4.8283137373023015,1.6094379124341003,6.156978985585555,6.396929655216146
0,35.0,0,272.0,0,1,1,1,0,0,1,0,1,0,0,1,0,0,0,7.922623574217286,0.0,0.6931471805599453,0.0,0.0,7.9229859587111955
0,27.0,0,1805.0,0,3,0,1,0,0,0,0,1,0,0,0,0,1,0,0.0,0.0,0.0,6.302618975744905,4.499809670330265,6.453624998892692
0,38.0,0,1805.0,0,3,0,1,0,0,0,0,1,0,0,0,0,1,0,3.1354942159291497,2.302585092994046,3.713572066704308,6.597145701886651,0.0,6.6895992691789665
0,23.0,0,1805.0,0,3,0,1,0,0,0,0,1,0,0,0,0,1,0,0.0,0.0,2.302585092994046,4.248495242049359,7.05444965813294,7.119635638017636
0,22.0,0,1408.0,1,1,1,1,0,0,0,0,1,0,0,0,0,0,1,5.0238805208462765,0.0,6.419994928147142,1.9459101490553132,0.0,6.647688373563329
1,38.0,1,265.0,1,1,1,0,0,1,0,0,0,0,0,1,0,0,0,0.0,0.0,0.0,0.0,0.0,0.0
0,28.0,1,1409.0,1,1,1,1,0,0,0,0,1,0,0,0,0,0,1,0.6931471805599453,7.3031700512368,5.351858133476067,0.0,1.791759469228055,7.438971592395862
0,25.0,0,1695.0,1,2,0,1,0,0,1,0,1,0,0,0,0,1,0,6.255750041753367,0.0,4.941642422609304,0.0,4.356708826689592,6.602587892189336
0,45.0,0,1695.0,1,2,0,1,0,0,1,0,1,0,0,0,0,1,0,4.31748811353631,0.0,0.0,7.030857476116121,3.1354942159291497,7.112327444710911
0,22.0,0,1696.0,1,1,1,1,0,0,0,0,1,0,0,0,0,1,0,6.690842277418564,0.0,0.0,0.0,0.0,6.690842277418564
0,30.0,1,1410.0,1,1,1,1,0,0,0,0,1,0,0,0,0,0,1,3.4965075614664802,5.198497031265826,6.210600077024653,0.0,4.605170185988092,6.695798917058491
1,25.0,1,1697.0,1,1,1,0,0,0,1,0,0,0,0,0,0,1,0,0.0,0.0,0.0,0.0,0.0,0.0
1,24.0,1,1807.0,0,1,1,0,0,0,1,0,1,0,0,0,0,1,0,0.0,0.0,0.0,0.0,0.0,0.0
0,44.0,1,1700.0,1,1,1,1,0,0,1,0,1,0,0,0,0,1,0,0.6931471805599453,0.0,7.640603826393634,2.4849066497880004,0.0,7.646353722445999
0,6.0,0,1808.0,0,7,0,0,1,0,0,0,1,0,0,0,0,1,0,0.0,0.0,0.0,0.0,0.0,0.0
1,0.0,1,1808.0,0,7,0,0,1,0,0,0,1,0,0,0,0,1,0,0.0,0.0,0.0,0.0,0.0,0.0
0,14.0,0,933.5,1,7,0,1,1,0,0,1,0,0,0,0,0,1,0,6.1675164908883415,2.70805020110221,0.0,5.796057750765372,2.1972245773362196,6.717804695023691
0,37.0,0,1808.0,0,7,0,1,0,0,0,0,1,0,0,0,0,1,0,0.0,0.0,2.4849066497880004,6.9363427358340495,2.0794415416798357,6.953684210870537
0,15.0,0,1808.0,0,7,0,1,0,0,0,0,1,0,0,0,0,1,0,0.0,6.816735880594968,4.418840607796598,1.791759469228055,0.0,6.907755278982137
0,0.0,1,1808.0,0,7,0,0,1,0,0,0,1,0,0,0,0,1,0,0.0,0.0,0.0,0.0,0.0,0.0
0,17.0,1,1808.0,0,7,0,1,0,0,0,0,1,0,0,0,0,1,0,0.0,6.698268054115413,4.204692619390966,0.0,0.0,6.776506992372183
0,58.0,0,1421.0,0,1,1,1,0,0,0,0,1,0,0,0,0,0,1,0.0,6.692083742506628,1.3862943611198906,1.3862943611198906,0.0,6.699500340161678
1,15.0,1,339.0,1,2,0,0,0,1,0,0,0,1,0,0,0,0,0,0.0,0.0,0.0,0.0,0.0,0.0
0,53.0,0,933.5,1,2,0,1,0,1,0,0,0,0,0,0,0,1,0,0.0,7.028201432058005,0.0,8.27893600229198,0.0,8.53050420547591
0,29.0,0,274.0,0,1,1,1,0,0,1,0,1,0,0,1,0,0,0,5.552959584921617,0.0,6.663132695990803,2.1972245773362196,1.3862943611198906,6.957497370876951
1,24.0,1,1412.0,1,1,1,0,0,0,0,0,1,0,0,0,0,0,1,0.0,0.0,0.0,0.0,0.0,0.0
0,40.0,1,574.0,1,1,1,1,0,0,0,0,1,0,0,0,1,0,0,0.0,0.0,5.659482215759621,1.9459101490553132,6.3473892096560105,6.760414691083428
0,21.0,0,1413.0,1,1,1,1,0,0,0,0,0,0,0,0,0,0,1,1.0986122886681096,0.0,0.0,6.453624998892692,0.0,6.456769655572163
0,30.0,0,1414.0,1,1,1,1,0,0,0,0,1,0,0,0,0,0,1,0.0,4.74493212836325,0.0,6.588926477533519,4.219507705176107,6.811244378601294
0,20.0,0,1415.0,1,1,1,1,0,0,0,0,1,0,0,0,0,0,1,0.0,4.5217885770490405,1.0986122886681096,6.436150368369428,4.543294782270004,6.697034247666484
1,20.0,1,1701.0,1,1,1,0,0,0,1,0,1,0,0,0,0,1,0,0.0,0.0,0.0,0.0,0.0,0.0
0,18.0,0,276.0,0,2,0,1,0,0,1,0,1,0,0,1,0,0,0,6.548219102762372,0.0,3.258096538021482,0.0,4.127134385045092,6.664409020350408
1,36.0,1,276.0,0,2,0,0,0,0,1,0,1,0,0,1,0,0,0,0.0,0.0,0.0,0.0,0.0,0.0
0,20.0,0,1810.0,0,2,0,1,0,0,0,0,1,0,0,0,0,1,0,6.774223886357614,0.0,4.394449154672439,0.0,0.0,6.86171134048073
0,4.0,1,1422.0,0,2,0,0,1,0,0,0,1,0,0,0,0,0,1,0.0,0.0,0.0,0.0,0.0,0.0
1,59.0,1,284.0,0,1,1,0,0,1,0,0,0,1,0,0,0,0,0,0.0,0.0,0.0,0.0,0.0,0.0
0,20.0,0,1416.0,1,1,1,1,0,0,0,0,1,0,0,0,0,0,1,2.4849066497880004,0.0,0.0,6.738152494595957,0.0,6.75110146893676
0,4.0,0,1417.0,1,2,0,0,1,0,0,0,0,0,0,0,0,0,1,0.0,0.0,0.0,0.0,0.0,0.0
0,23.0,1,576.0,1,2,0,1,0,0,0,0,1,0,0,0,1,0,0,0.0,6.338594078203183,0.0,3.58351893845611,5.241747015059643,6.670766320845874
0,25.0,1,277.0,0,1,1,1,0,1,0,0,0,0,0,1,0,0,0,6.54965074223381,8.512984346642183,0.0,4.990432586778736,0.0,8.66957087183712
0,20.0,0,1812.0,0,1,1,1,0,0,0,1,0,0,0,0,0,1,0,0.0,6.349138991379798,4.418840607796598,0.0,0.0,6.483107351457199
0,22.0,1,563.0,0,1,1,1,0,0,0,0,1,0,0,0,1,0,0,0.0,0.0,6.45833828334479,0.0,3.9318256327243257,6.5337888379333435
0,6.0,1,1418.0,1,8,0,0,1,0,0,0,1,0,0,0,0,0,1,0.0,0.0,0.0,0.0,0.0,0.0
0,14.0,0,1704.0,1,8,0,1,1,0,0,0,1,0,0,0,0,1,0,6.3784261836515865,4.976733742420574,0.6931471805599453,0.0,5.1298987149230735,6.804614520062624
1,0.0,0,1418.0,1,8,0,0,1,0,0,0,1,0,0,0,0,0,1,0.0,0.0,0.0,0.0,0.0,0.0
1,4.0,0,1418.0,1,8,0,0,1,0,0,0,1,0,0,0,0,0,1,0.0,0.0,0.0,0.0,0.0,0.0
0,37.0,0,1704.0,1,8,0,1,0,0,0,0,1,0,0,0,0,1,0,4.1588830833596715,0.0,0.0,0.0,6.495265555937008,6.586171654854675
0,14.0,1,1704.0,1,8,0,1,1,0,0,0,1,0,0,0,0,1,0,0.0,7.2640301428995295,5.003946305945459,0.0,2.0794415416798357,7.367077059881012
0,34.0,1,1704.0,1,8,0,1,0,0,0,0,1,0,0,0,0,1,0,2.70805020110221,6.618738983517219,0.0,3.7376696182833684,0.0,6.6895992691789665
1,3.0,1,1418.0,1,8,0,0,1,0,0,0,0,0,0,0,0,0,1,0.0,0.0,0.0,0.0,0.0,0.0
0,18.0,0,1705.0,1,1,1,1,0,0,0,1,0,0,0,0,0,1,0,0.0,1.3862943611198906,4.709530201312334,6.3784261836515865,0.0,6.553933404025811
0,27.0,0,1706.0,1,1,1,1,0,0,0,0,1,0,0,0,0,1,0,7.4798641311650265,0.0,5.493061443340548,0.0,3.6375861597263857,7.62608275807238
0,19.0,1,1419.0,1,1,1,1,0,0,0,0,1,0,0,0,0,0,1,0.0,0.0,6.752270376141742,2.4849066497880004,3.7612001156935624,6.812345094177479
0,37.0,0,1707.0,1,1,1,1,0,0,0,0,1,0,0,0,0,1,0,2.3978952727983707,6.324358962381311,3.9512437185814275,4.430816798843313,0.0,6.553933404025811
1,29.0,1,266.0,1,1,1,0,0,1,0,0,1,0,0,1,0,0,0,0.0,0.0,0.0,0.0,0.0,0.0
0,37.0,0,1815.0,0,1,1,1,0,0,0,1,0,0,0,0,0,1,0,6.3473892096560105,0.0,2.0794415416798357,4.68213122712422,0.0,6.529418838262226
0,32.0,1,1708.0,1,1,1,1,0,0,1,0,1,0,0,0,0,1,0,4.406719247264253,0.0,7.218176838403408,0.0,0.0,7.275864600546533
0,22.0,0,1420.0,1,1,1,1,0,0,0,1,0,0,0,0,0,0,1,0.0,0.0,0.0,6.42648845745769,0.0,6.42648845745769
0,38.0,1,1816.0,0,1,1,1,0,0,0,0,1,0,0,0,0,1,0,0.0,7.837159650001675,0.0,5.3230099791384085,0.0,7.914617709040679
0,24.0,0,1817.0,0,1,1,1,0,0,0,0,1,0,0,0,0,1,0,0.0,0.0,0.0,7.61085279039525,4.770684624465665,7.667158255319148
0,63.0,0,577.0,1,1,1,1,0,0,0,1,0,0,0,0,1,0,0,0.0,0.0,4.394449154672439,0.0,7.750614732770409,7.784473235736469
1,23.0,0,564.0,0,1,1,0,0,0,1,0,1,0,0,0,1,0,0,0.0,0.0,0.0,0.0,0.0,0.0
0,41.0,0,1421.0,1,1,1,1,0,0,0,1,0,0,0,0,0,0,1,6.025865973825314,0.0,0.0,2.0794415416798357,5.8522024797744745,6.643789733147672
0,20.0,0,1818.0,0,1,1,1,0,0,0,0,0,0,0,0,0,1,0,0.0,0.0,0.0,5.817111159963204,6.86484777797086,7.164720378771857
1,48.0,1,340.0,1,5,0,0,0,1,0,0,1,1,0,0,0,0,0,0.0,0.0,0.0,0.0,0.0,0.0
1,44.0,1,340.0,1,5,0,0,0,1,0,0,0,1,0,0,0,0,0,0.0,0.0,0.0,0.0,0.0,0.0
1,15.0,1,340.0,1,5,0,0,0,1,0,0,0,1,0,0,0,0,0,0.0,0.0,0.0,0.0,0.0,0.0
1,29.0,1,340.0,1,5,0,0,0,1,0,0,0,1,0,0,0,0,0,0.0,0.0,0.0,0.0,0.0,0.0
0,64.0,0,340.0,1,5,0,1,0,1,0,0,1,1,0,0,0,0,0,0.0,7.479299637782834,0.0,8.321664807135,5.198497031265826,8.709795057617749
0,19.0,0,1426.0,0,1,1,1,0,0,0,0,1,0,0,0,0,0,1,6.375024819828097,2.3978952727983707,0.0,3.4339872044851463,0.0,6.440946540632921
1,28.0,1,1427.0,0,1,1,0,0,0,0,1,0,0,0,0,0,0,1,0.0,0.0,0.0,0.0,0.0,0.0
0,44.0,0,1428.0,0,1,1,1,0,0,0,0,1,0,0,0,0,0,1,6.754604099487962,0.0,0.6931471805599453,2.1972245773362196,2.8903717578961645,6.784457062637643
1,13.0,1,1429.0,0,1,1,0,1,0,0,0,1,0,0,0,0,0,1,0.0,0.0,0.0,0.0,0.0,0.0
0,45.0,1,565.0,0,1,1,1,0,0,0,0,1,0,0,0,1,0,0,5.293304824724492,6.12029741895095,0.6931471805599453,0.0,1.6094379124341003,6.489204931325317
0,25.0,0,92.0,0,1,1,1,0,1,0,0,0,0,0,0,0,0,0,0.0,4.983606621708336,7.215239978730097,6.20050917404269,5.327876168789581,7.697121317282625
1,19.0,1,1710.0,1,1,1,0,0,0,1,0,1,0,0,0,0,1,0,0.0,0.0,0.0,0.0,0.0,0.0
0,29.0,0,1819.0,0,1,1,1,0,0,0,0,1,0,0,0,0,1,0,4.859812404361672,0.0,4.875197323201151,4.890349128221754,6.161207321695077,6.761572768804055
1,21.0,1,1422.0,1,1,1,0,0,0,0,0,0,0,0,0,0,0,1,0.0,0.0,0.0,0.0,0.0,0.0
0,13.0,0,290.0,0,3,0,1,1,1,0,0,0,0,1,0,0,0,0,7.10085190894405,8.408716715080153,0.0,8.298290634359283,4.060443010546419,9.187174093944343
0,25.0,0,290.0,0,3,0,1,0,1,0,0,0,0,1,0,0,0,0,7.222566018822171,5.739792912179234,1.3862943611198906,8.412499120301572,5.934894195619588,8.789050713521046
0,46.0,0,290.0,0,3,0,1,0,1,0,0,1,0,1,0,0,0,0,7.233455418621439,5.438079308923196,0.0,7.360739903058278,0.6931471805599453,8.066835314417336
0,37.0,1,1820.0,0,1,1,1,0,0,0,0,0,0,0,0,0,1,0,4.48863636973214,0.0,6.579251212010101,4.48863636973214,0.0,6.79794041297493
0,19.0,1,1711.0,1,1,1,1,0,0,0,0,0,0,0,0,0,1,0,0.0,1.9459101490553132,0.0,0.0,7.07326971745971,7.078341579557671
0,29.0,0,578.0,1,2,0,1,0,0,1,0,1,0,0,0,1,0,0,5.442417710521793,0.0,7.247792581767846,6.142037405587356,0.0,7.649216319820633
1,21.0,1,1712.0,1,2,0,0,0,0,1,0,1,0,0,0,0,1,0,0.0,0.0,0.0,0.0,0.0,0.0
1,13.0,1,1713.0,1,1,1,0,1,0,1,0,1,0,0,0,0,1,0,0.0,0.0,0.0,0.0,0.0,0.0
1,15.0,1,1424.0,1,1,1,0,0,0,0,0,0,0,0,0,0,0,1,0.0,0.0,0.0,0.0,0.0,0.0
0,42.0,0,1715.0,1,1,1,1,0,0,0,0,1,0,0,0,0,1,0,1.6094379124341003,0.0,0.0,0.0,6.675823221634848,6.680854678790215
1,27.0,0,1425.0,1,1,1,0,0,0,0,0,1,0,0,0,0,0,1,0.0,0.0,0.0,0.0,0.0,0.0
0,26.0,0,1821.0,0,2,0,1,0,0,0,0,1,0,0,0,0,1,0,6.806829360392176,0.0,5.209486152841421,0.0,3.332204510175204,7.014814351275545
1,19.0,0,1430.0,0,2,0,0,0,0,0,0,1,0,0,0,0,0,1,0.0,0.0,0.0,0.0,0.0,0.0
0,18.0,1,1431.0,0,1,1,1,0,0,0,0,1,0,0,0,0,0,1,0.0,5.204006687076795,6.444131256700441,0.0,0.0,6.697034247666484
0,50.0,0,1716.0,1,1,1,1,0,0,0,0,0,0,0,0,0,1,0,0.0,6.073044534100405,1.6094379124341003,0.0,7.611347717403621,7.80710329012598
1,28.0,1,1822.0,0,1,1,0,0,0,1,0,1,0,0,0,0,1,0,0.0,0.0,0.0,0.0,0.0,0.0
0,24.0,1,267.0,1,1,1,1,0,1,0,0,1,0,0,1,0,0,0,1.3862943611198906,7.976251943745623,0.0,4.727387818712341,3.6109179126442243,8.026823576217629
0,31.0,0,327.0,1,1,1,1,0,1,0,0,1,0,1,0,0,0,0,0.0,6.833031732786201,0.0,7.923348211930154,0.6931471805599453,8.213110697596676
0,19.0,1,579.0,1,1,1,1,0,0,0,0,0,0,0,0,1,0,0,0.0,0.0,6.576469569048224,0.6931471805599453,0.0,6.577861357721047
0,20.0,0,1823.0,0,2,0,1,0,0,0,0,1,0,0,0,0,1,0,6.601230118728877,0.0,0.0,3.7376696182833684,0.6931471805599453,6.656726524178391
0,23.0,0,566.0,0,2,0,1,0,0,0,0,1,0,0,0,1,0,0,0.0,7.094234845924755,3.713572066704308,0.0,5.929589143389895,7.3901814282264295
0,19.0,1,1824.0,0,1,1,1,0,0,0,0,1,0,0,0,0,1,0,6.945051063725834,0.0,3.713572066704308,0.0,0.0,6.982862751468942
1,27.0,1,1427.0,1,1,1,0,0,0,0,0,0,0,0,0,0,0,1,0.0,0.0,0.0,0.0,0.0,0.0
0,16.0,0,580.0,1,1,1,1,0,0,1,0,1,0,0,0,1,0,0,6.940222469119639,0.0,5.5909869805108565,0.0,0.0,7.170119543449628
1,76.0,1,278.0,0,2,0,0,0,0,1,0,1,0,0,1,0,0,0,0.0,0.0,0.0,0.0,0.0,0.0
0,41.0,0,278.0,0,2,0,1,0,0,1,0,1,0,0,1,0,0,0,3.1354942159291497,6.184148890937483,5.872117789475416,0.0,0.0,6.7580945044277305
0,24.0,0,1433.0,0,1,1,1,0,0,0,1,0,0,0,0,0,0,1,6.588926477533519,8.157370441186774,5.303304908059076,2.8903717578961645,5.62040086571715,8.456806041401142
1,12.0,0,1429.0,1,1,1,0,1,0,0,0,1,0,0,0,0,0,1,0.0,0.0,0.0,0.0,0.0,0.0
1,28.0,1,1434.0,0,1,1,0,0,0,0,1,0,0,0,0,0,0,1,0.0,0.0,0.0,0.0,0.0,0.0
0,36.0,0,285.0,0,1,1,0,0,1,0,0,1,1,0,0,0,0,0,0.0,0.0,0.0,0.0,0.0,0.0
1,20.0,1,1825.0,0,4,0,0,0,0,1,0,1,0,0,0,0,1,0,0.0,0.0,0.0,0.0,0.0,0.0
1,7.0,1,1825.0,0,4,0,0,1,0,1,0,1,0,0,0,0,1,0,0.0,0.0,0.0,0.0,0.0,0.0
1,21.0,1,1825.0,0,4,0,0,0,0,1,0,1,0,0,0,0,1,0,0.0,0.0,0.0,0.0,0.0,0.0
0,33.0,0,567.0,0,4,0,1,0,0,1,0,1,0,0,0,1,0,0,6.961296045910167,0.0,5.407171771460119,3.1354942159291497,0.0,7.1693500166706
0,32.0,1,291.0,0,1,1,1,0,1,0,0,1,0,1,0,0,0,0,0.0,7.857093864902493,1.3862943611198906,6.2166061010848646,4.867534450455582,8.075893630298857
0,34.0,1,329.0,1,5,0,1,0,1,0,0,0,0,1,0,0,0,0,0.0,8.047829357457841,0.0,4.727387818712341,2.772588722239781,8.087640287778983
0,38.0,0,329.0,1,5,0,1,0,1,0,1,0,0,1,0,0,0,0,0.0,7.692569648067906,6.761572768804055,5.337538079701318,8.742414582525413,9.161570207606754
1,27.0,1,329.0,1,5,0,0,0,1,0,0,1,0,1,0,0,0,0,0.0,0.0,0.0,0.0,0.0,0.0
1,28.0,1,329.0,1,5,0,0,0,1,0,0,0,0,1,0,0,0,0,0.0,0.0,0.0,0.0,0.0,0.0
1,25.0,1,329.0,1,5,0,0,0,1,0,0,1,0,1,0,0,0,0,0.0,0.0,0.0,0.0,0.0,0.0
0,24.0,1,582.0,1,1,1,1,0,0,0,0,0,0,0,0,1,0,0,0.0,6.665683717782408,1.791759469228055,0.0,0.6931471805599453,6.673297967767654
1,18.0,1,1717.0,1,1,1,0,0,0,1,0,1,0,0,0,0,1,0,0.0,0.0,0.0,0.0,0.0,0.0
0,24.0,0,1826.0,0,1,1,1,0,0,0,0,1,0,0,0,0,1,0,4.804021044733257,2.3978952727983707,5.834810737062605,5.730099782973575,3.8712010109078907,6.717804695023691
1,30.0,1,286.0,0,2,0,0,0,1,0,0,0,1,0,0,0,0,0,0.0,0.0,0.0,0.0,0.0,0.0
1,38.0,1,286.0,0,2,0,0,0,1,0,0,0,1,0,0,0,0,0,0.0,0.0,0.0,0.0,0.0,0.0
0,39.0,1,1430.0,1,1,1,1,0,0,0,0,1,0,0,0,0,0,1,0.0,6.683360945766275,0.0,4.04305126783455,0.0,6.75110146893676
1,31.0,1,1431.0,1,1,1,0,0,0,0,0,1,0,0,0,0,0,1,0.0,0.0,0.0,0.0,0.0,0.0
0,33.0,1,1432.0,1,2,0,1,0,0,0,0,1,0,0,0,0,0,1,0.0,4.762173934797756,6.023447592961033,5.940171252720432,0.0,6.811244378601294
1,15.0,1,1432.0,1,2,0,0,0,0,0,1,0,0,0,0,0,0,1,0.0,0.0,0.0,0.0,0.0,0.0
1,23.0,1,1828.0,0,1,1,0,0,0,1,0,1,0,0,0,0,1,0,0.0,0.0,0.0,0.0,0.0,0.0
1,24.0,0,1436.0,0,1,1,0,0,0,0,0,1,0,0,0,0,0,1,0.0,0.0,0.0,0.0,0.0,0.0
0,44.0,1,287.0,0,1,1,1,0,1,0,0,0,1,0,0,0,0,0,0.0,4.276666119016055,8.874727765766853,6.059123195581797,5.978885764901122,8.99230873254815
0,22.0,0,568.0,0,1,1,1,0,0,0,0,1,0,0,0,1,0,0,0.0,0.0,0.0,0.0,6.810142450115136,6.810142450115136
1,28.0,1,1829.0,0,1,1,0,0,0,1,0,1,0,0,0,0,1,0,0.0,0.0,0.0,0.0,0.0,0.0
0,34.0,1,1719.0,1,1,1,1,0,0,0,0,0,0,0,0,0,1,0,0.0,0.0,6.576469569048224,0.0,0.0,6.576469569048224
0,8.0,0,1438.0,0,1,1,0,1,0,0,0,1,0,0,0,0,0,1,0.0,0.0,0.0,0.0,0.0,0.0
0,26.0,1,1830.0,0,1,1,1,0,0,0,0,1,0,0,0,0,1,0,7.294377299288821,0.0,2.0794415416798357,1.791759469228055,0.0,7.302496423727326
0,29.0,0,269.0,1,1,1,1,0,0,1,0,1,0,0,1,0,0,0,6.776506992372183,0.6931471805599453,4.007333185232471,4.836281906951478,0.0,6.963189985870238
0,58.0,0,1433.0,1,3,0,1,0,0,0,0,0,0,0,0,0,0,1,0.0,0.0,6.431331081933479,0.0,0.0,6.431331081933479
1,4.0,0,1433.0,1,3,0,0,1,0,0,0,1,0,0,0,0,0,1,0.0,0.0,0.0,0.0,0.0,0.0
0,1.0,1,1433.0,1,3,0,0,1,0,0,1,0,0,0,0,0,0,1,0.0,0.0,0.0,0.0,0.0,0.0
0,17.0,0,1439.0,0,1,1,1,0,0,0,0,0,0,0,0,0,0,1,0.0,0.0,6.423246963533519,0.0,0.0,6.423246963533519
0,27.0,0,1434.0,1,1,1,1,0,0,0,1,0,0,0,0,0,0,1,0.0,0.0,0.0,7.382124365737512,8.209580483475577,8.572060092857077
0,24.0,1,1831.0,0,2,0,1,0,0,0,0,1,0,0,0,0,1,0,7.079184394609668,0.0,5.945420608606575,1.3862943611198906,5.159055299214529,7.463936604468925
0,16.0,1,1831.0,0,2,0,1,0,0,0,0,1,0,0,0,0,1,0,0.0,7.195187320178709,0.0,0.0,0.0,7.195187320178709
0,28.0,0,1832.0,0,1,1,1,0,0,0,0,1,0,0,0,0,1,0,0.0,2.833213344056216,6.208590026096629,5.765191102784844,0.0,6.7226297948554485
1,23.0,1,1721.0,1,1,1,0,0,0,1,0,1,0,0,0,0,1,0,0.0,0.0,0.0,0.0,0.0,0.0
1,33.0,1,1722.0,1,1,1,0,0,0,1,0,0,0,0,0,0,1,0,0.0,0.0,0.0,0.0,0.0,0.0
1,24.0,1,1440.0,0,1,1,0,0,0,0,1,0,0,0,0,0,0,1,0.0,0.0,0.0,0.0,0.0,0.0
0,6.0,1,1435.0,1,1,1,0,1,0,0,0,1,0,0,0,0,0,1,0.0,0.0,0.0,0.0,0.0,0.0
0,19.0,0,1441.0,0,1,1,1,0,0,0,0,1,0,0,0,0,0,1,3.1780538303479458,6.492239835020471,0.0,2.772588722239781,4.736198448394496,6.698268054115413
1,31.0,1,341.0,1,1,1,0,0,1,0,0,1,1,0,0,0,0,0,0.0,0.0,0.0,0.0,0.0,0.0
0,19.0,1,1436.0,1,1,1,1,0,0,0,0,1,0,0,0,0,0,1,2.833213344056216,7.461640392208575,2.302585092994046,1.791759469228055,2.1972245773362196,7.48324441607385
0,18.0,0,1437.0,1,1,1,1,0,0,0,0,1,0,0,0,0,0,1,0.0,0.0,0.0,0.0,6.698268054115413,6.698268054115413
0,35.0,0,1442.0,0,1,1,1,0,0,0,0,1,0,0,0,0,0,1,6.259581464064923,0.0,0.6931471805599453,5.783825182329737,4.110873864173311,6.811244378601294
0,32.0,1,570.0,0,1,1,0,0,0,1,0,1,0,0,0,1,0,0,0.0,0.0,0.0,0.0,0.0,0.0
0,19.0,0,1723.0,1,1,1,1,0,0,0,0,0,0,0,0,0,1,0,6.580639137284949,1.0986122886681096,0.0,0.0,0.0,6.583409222158765
1,24.0,1,1438.0,1,1,1,0,0,0,0,1,0,0,0,0,0,0,1,0.0,0.0,0.0,0.0,0.0,0.0
0,33.0,0,585.0,1,1,1,1,0,0,0,0,1,0,0,0,1,0,0,0.0,1.3862943611198906,0.0,6.663132695990803,2.0794415416798357,6.675823221634848
0,20.0,0,1448.0,0,1,1,1,0,0,0,0,1,0,0,0,0,0,1,0.0,0.6931471805599453,3.4965075614664802,6.628041376179533,3.091042453358316,6.697034247666484
0,27.0,0,331.0,1,1,1,1,0,1,0,0,1,0,1,0,0,0,0,0.0,7.8168199657645525,0.0,8.204671828950811,4.543294782270004,8.737452587550584
0,26.0,0,280.0,0,1,1,1,0,1,0,0,1,0,0,1,0,0,0,0.0,4.2626798770413155,0.0,3.7376696182833684,0.0,4.718498871295094
1,28.0,1,1449.0,0,1,1,0,0,0,0,0,1,0,0,0,0,0,1,0.0,0.0,0.0,0.0,0.0,0.0
0,19.0,1,1450.0,0,1,1,0,0,0,0,0,1,0,0,0,0,0,1,0.0,0.0,0.0,0.0,0.0,0.0
0,24.0,1,571.0,0,1,1,1,0,0,0,0,1,0,0,0,1,0,0,0.0,0.0,1.3862943611198906,4.394449154672439,0.0,4.430816798843313
1,52.0,1,333.0,1,1,1,0,0,1,0,0,0,0,1,0,0,0,0,0.0,0.0,0.0,0.0,0.0,0.0
0,23.0,1,1725.0,1,1,1,1,0,0,0,1,0,0,0,0,0,1,0,0.0,6.156978985585555,4.795790545596741,2.639057329615259,1.9459101490553132,6.415096959171596
0,23.0,0,1727.0,1,1,1,1,0,0,0,0,1,0,0,0,0,1,0,0.0,0.0,0.0,6.816735880594968,3.7376696182833684,6.860663671448287
1,25.0,1,574.0,0,1,1,0,0,1,0,0,1,0,0,0,1,0,0,0.0,0.0,0.0,0.0,0.0,0.0
1,22.0,1,1729.0,1,2,0,0,0,0,1,0,1,0,0,0,0,1,0,0.0,0.0,0.0,0.0,0.0,0.0
1,35.0,1,1729.0,1,2,0,0,0,0,1,0,1,0,0,0,0,1,0,0.0,0.0,0.0,0.0,0.0,0.0
1,24.0,1,1441.0,1,1,1,0,0,0,0,1,0,0,0,0,0,0,1,0.0,0.0,0.0,0.0,0.0,0.0
0,24.0,0,587.0,1,1,1,1,0,0,0,0,1,0,0,0,1,0,0,6.648984550024776,0.0,3.1354942159291497,0.0,0.0,6.677083461247136
0,26.0,0,575.0,0,3,0,1,0,0,1,0,1,0,0,0,1,0,0,0.6931471805599453,6.100318952020064,5.14166355650266,6.421622267806518,4.23410650459726,7.1693500166706
0,37.0,1,1834.0,0,3,0,1,0,0,1,0,1,0,0,0,0,1,0,6.270988431858299,0.0,7.377133712833954,4.143134726391533,0.0,7.691200097522863
0,14.0,0,575.0,0,3,0,1,1,0,1,0,1,0,0,0,1,0,0,7.460490305825338,0.0,5.820082930352362,0.0,0.0,7.637234388789473
0,36.0,1,297.0,0,1,1,1,0,1,0,0,1,0,1,0,0,0,0,0.0,8.138564737261632,0.0,6.1463292576688975,5.857933154483459,8.352082671352637
1,0.0,1,1442.0,1,3,0,0,1,0,0,1,0,0,0,0,0,0,1,0.0,0.0,0.0,0.0,0.0,0.0
0,17.0,1,1442.0,1,3,0,0,0,0,0,1,0,0,0,0,0,0,1,0.0,0.0,0.0,0.0,0.0,0.0
0,18.0,0,1442.0,1,3,0,1,0,0,0,0,1,0,0,0,0,0,1,5.793013608384144,5.14166355650266,0.0,0.0,4.875197323201151,6.4425401664681985
0,43.0,0,270.0,1,2,0,1,0,1,0,0,1,0,0,1,0,0,0,0.0,7.398174092970465,5.849324779946859,6.86484777797086,4.859812404361672,8.027476530860483
0,21.0,0,270.0,1,2,0,1,0,1,0,0,1,0,0,1,0,0,0,8.01862546504575,3.4965075614664802,0.0,1.0986122886681096,6.0330862217988015,8.156797046675651
1,34.0,1,1731.0,1,1,1,0,0,0,1,0,1,0,0,0,0,1,0,0.0,0.0,0.0,0.0,0.0,0.0
0,57.0,0,342.0,1,2,0,1,0,1,0,0,1,1,0,0,0,0,0,0.0,2.639057329615259,0.0,3.970291913552122,9.33485624667375,9.340578848899913
0,18.0,1,342.0,1,2,0,1,0,1,0,0,0,1,0,0,0,0,0,0.0,8.458716261657262,0.0,3.6109179126442243,6.903747257584598,8.656433258507741
0,73.0,0,1452.0,0,1,1,1,0,0,0,1,0,0,0,0,0,0,1,7.499423290592229,0.0,3.8712010109078907,0.0,0.0,7.5251007461258
0,31.0,0,1837.0,0,1,1,1,0,0,0,0,1,0,0,0,0,1,0,0.0,7.329749689041512,0.0,0.0,0.0,7.329749689041512
0,25.0,0,1838.0,0,8,0,1,0,0,0,0,1,0,0,0,0,1,0,0.0,0.0,0.0,1.9459101490553132,7.595889917718538,7.59890045687141
1,20.0,1,1453.0,0,8,0,0,0,0,0,0,1,0,0,0,0,0,1,0.0,0.0,0.0,0.0,0.0,0.0
0,24.0,0,1453.0,0,8,0,1,0,0,0,1,0,0,0,0,0,0,1,0.0,0.0,3.713572066704308,0.0,6.3561076606958915,6.423246963533519
0,27.0,0,1453.0,0,8,0,1,0,0,0,0,1,0,0,0,0,0,1,5.272999558563747,0.6931471805599453,2.3978952727983707,6.4457198193855785,0.0,6.727431724850855
1,21.0,0,1453.0,0,8,0,0,0,0,0,0,1,0,0,0,0,0,1,0.0,0.0,0.0,0.0,0.0,0.0
0,22.0,0,1838.0,0,8,0,1,0,0,0,1,0,0,0,0,0,1,0,0.0,3.4011973816621555,5.111987788356544,6.003887067106539,0.0,6.395261598115449
0,39.0,0,1838.0,0,8,0,1,0,0,0,0,0,0,0,0,0,1,0,0.0,0.0,7.163946684342547,5.41610040220442,0.0,7.323830566202317
0,26.0,0,1838.0,0,8,0,1,0,0,0,0,1,0,0,0,0,1,0,0.0,0.0,0.0,0.0,6.60934924316738,6.60934924316738
1,32.0,1,298.0,0,1,1,0,0,1,0,0,1,0,1,0,0,0,0,0.0,0.0,0.0,0.0,0.0,0.0
1,1.0,1,1455.0,0,5,0,0,1,0,0,0,1,0,0,0,0,0,1,0.0,0.0,0.0,0.0,0.0,0.0
0,7.0,0,1455.0,0,5,0,0,1,0,0,0,1,0,0,0,0,0,1,0.0,0.0,0.0,0.0,0.0,0.0
0,4.0,0,1455.0,0,5,0,0,1,0,0,0,1,0,0,0,0,0,1,0.0,0.0,0.0,0.0,0.0,0.0
0,21.0,0,1839.0,0,5,0,1,0,0,0,0,1,0,0,0,0,1,0,0.0,1.9459101490553132,0.0,6.386879319362645,0.0,6.396929655216146
1,12.0,0,1455.0,0,5,0,0,1,0,0,0,1,0,0,0,0,0,1,0.0,0.0,0.0,0.0,0.0,0.0
0,28.0,0,1734.0,1,3,0,1,0,0,1,0,1,0,0,0,0,1,0,7.443663683115591,0.0,4.189654742026425,0.6931471805599453,0.0,7.4815557019095165
0,0.0,1,1734.0,1,3,0,0,1,0,1,0,1,0,0,0,0,1,0,0.0,0.0,0.0,0.0,0.0,0.0
1,18.0,1,1734.0,1,3,0,0,0,0,1,0,1,0,0,0,0,1,0,0.0,0.0,0.0,0.0,0.0,0.0
0,52.0,0,1735.0,1,1,1,1,0,0,1,0,1,0,0,0,0,1,0,7.116394144093465,1.0986122886681096,2.1972245773362196,0.0,0.0,7.124478262493424
0,18.0,0,1445.0,1,1,1,1,0,0,0,0,1,0,0,0,0,0,1,2.639057329615259,6.71295620067707,3.332204510175204,0.0,3.8501476017100584,6.812345094177479
1,51.0,1,588.0,1,1,1,0,0,1,0,0,1,0,0,0,1,0,0,0.0,0.0,0.0,0.0,0.0,0.0
0,21.0,1,299.0,0,1,1,1,0,1,0,0,0,0,1,0,0,0,0,0.0,6.741700694652055,8.391176350832751,0.0,7.820840879907344,8.954802752850968
0,28.0,0,300.0,0,1,1,1,0,1,0,0,0,0,1,0,0,0,0,0.0,8.230044310126114,0.0,8.522379718103538,9.37092743662413,9.929057828647657
1,34.0,1,1736.0,1,1,1,0,0,0,1,0,1,0,0,0,0,1,0,0.0,0.0,0.0,0.0,0.0,0.0
1,13.0,1,1446.0,1,1,1,0,1,0,0,0,1,0,0,0,0,0,1,0.0,0.0,0.0,0.0,0.0,0.0
0,35.0,0,1456.0,0,2,0,1,0,0,0,0,1,0,0,0,0,0,1,6.222576268071369,5.4680601411351315,1.0986122886681096,0.0,4.23410650459726,6.697034247666484
0,27.0,0,1840.0,0,2,0,1,0,0,0,0,1,0,0,0,0,1,0,0.6931471805599453,0.0,0.0,3.044522437723423,6.855408798609928,6.877296071497429
0,35.0,0,1737.0,1,1,1,1,0,0,0,0,1,0,0,0,0,1,0,0.6931471805599453,0.0,0.0,0.0,6.6895992691789665,6.690842277418564
0,51.0,0,272.0,1,1,1,1,0,0,1,0,0,0,0,1,0,0,0,5.783825182329737,0.0,6.335054251498059,4.787491742782046,0.0,6.914730892718563
0,53.0,0,1841.0,0,1,1,1,0,0,1,0,1,0,0,0,0,1,0,3.2188758248682006,0.0,7.00850518208228,0.0,0.0,7.029972911706386
0,29.0,0,589.0,1,1,1,1,0,0,0,0,1,0,0,0,1,0,0,5.7430031878094825,2.0794415416798357,6.501289670540389,0.0,0.0,6.891625897052253
0,41.0,0,1739.0,1,1,1,1,0,0,0,0,1,0,0,0,0,1,0,0.0,6.829793737512425,0.0,0.0,0.0,6.829793737512425
0,47.0,0,576.0,0,1,1,1,0,0,0,0,1,0,0,0,1,0,0,3.7612001156935624,6.234410725718371,0.0,0.0,6.964135612418245,7.3833681469923835
0,22.0,0,1842.0,0,1,1,1,0,0,0,0,0,0,0,0,0,1,0,0.0,0.0,6.440946540632921,0.0,2.70805020110221,6.46302945692067
0,19.0,0,590.0,1,2,0,1,0,0,0,0,1,0,0,0,1,0,0,0.0,6.698268054115413,3.091042453358316,6.670766320845874,0.0,7.3901814282264295
0,22.0,0,1740.0,1,2,0,1,0,0,0,1,0,0,0,0,0,1,0,0.0,2.8903717578961645,0.0,6.431331081933479,0.0,6.45833828334479
1,25.0,1,282.0,0,1,1,0,0,1,0,0,0,0,0,1,0,0,0,0.0,0.0,0.0,0.0,0.0,0.0
1,27.0,1,1448.0,1,8,0,0,0,0,0,0,1,0,0,0,0,0,1,0.0,0.0,0.0,0.0,0.0,0.0
1,17.0,1,1448.0,1,8,0,0,0,0,0,0,0,0,0,0,0,0,1,0.0,0.0,0.0,0.0,0.0,0.0
1,0.0,1,1448.0,1,8,0,0,1,0,0,0,0,0,0,0,0,0,1,0.0,0.0,0.0,0.0,0.0,0.0
1,5.0,0,1448.0,1,8,0,0,1,0,0,0,1,0,0,0,0,0,1,0.0,0.0,0.0,0.0,0.0,0.0
0,30.0,0,1741.0,1,8,0,1,0,0,0,0,1,0,0,0,0,1,0,0.0,6.9363427358340495,0.0,4.394449154672439,0.0,7.011213987350367
1,17.0,1,1448.0,1,8,0,0,0,0,0,0,1,0,0,0,0,0,1,0.0,0.0,0.0,0.0,0.0,0.0
0,53.0,0,1741.0,1,8,0,1,0,0,0,0,1,0,0,0,0,1,0,0.0,7.305188215393037,0.0,4.219507705176107,0.0,7.349230824613334
1,9.0,0,1448.0,1,8,0,0,1,0,0,0,1,0,0,0,0,0,1,0.0,0.0,0.0,0.0,0.0,0.0
0,17.0,1,291.0,0,4,0,1,0,1,0,0,1,1,0,0,0,0,0,0.0,5.905361848054571,10.064457783419048,5.877735781779639,1.3862943611198906,10.094851437314311
1,16.0,1,291.0,0,4,0,0,0,1,0,0,0,1,0,0,0,0,0,0.0,0.0,0.0,0.0,0.0,0.0
1,29.0,1,291.0,0,4,0,0,0,1,0,0,1,1,0,0,0,0,0,0.0,0.0,0.0,0.0,0.0,0.0
0,29.0,0,291.0,0,4,0,1,0,1,0,0,0,1,0,0,0,0,0,4.394449154672439,8.218247926685745,0.0,7.290292882446597,7.186144304522325,8.790725628263576
0,46.0,0,283.0,0,1,1,1,0,0,1,0,1,0,0,1,0,0,0,6.173786103901937,1.6094379124341003,6.551080335043404,0.0,0.0,7.075808863978387
0,27.0,0,1844.0,0,1,1,1,0,0,0,1,0,0,0,0,0,1,0,3.4965075614664802,2.1972245773362196,1.791759469228055,6.3784261836515865,2.9444389791664403,6.480044561926653
0,39.0,0,285.0,0,1,1,1,0,1,0,0,1,0,0,1,0,0,0,7.650644551436897,3.7376696182833684,0.0,6.26530121273771,2.995732273553991,7.8961806086154915
1,15.0,1,1742.0,1,2,0,0,0,0,0,0,0,0,0,0,0,1,0,0.0,0.0,0.0,0.0,0.0,0.0
0,30.0,0,1742.0,1,2,0,1,0,0,0,0,1,0,0,0,0,1,0,6.405228458030842,0.0,3.9318256327243257,4.997212273764115,1.0986122886681096,6.6895992691789665
1,41.0,0,1449.0,1,2,0,0,0,0,0,0,1,0,0,0,0,0,1,0.0,0.0,0.0,0.0,0.0,0.0
0,47.0,0,591.0,1,2,0,1,0,0,0,0,1,0,0,0,1,0,0,0.0,0.6931471805599453,0.0,6.875232087276577,1.791759469228055,6.881411303642535
0,32.0,0,274.0,1,1,1,1,0,0,1,0,0,0,0,1,0,0,0,7.846198815497425,0.0,6.124683390894205,1.0986122886681096,0.0,8.01102337918644
0,15.0,0,1743.0,1,1,1,1,0,0,0,0,0,0,0,0,0,1,0,0.0,3.044522437723423,6.705639094860003,3.6888794541139363,0.6931471805599453,6.776506992372183
0,23.0,1,1744.0,1,1,1,1,0,0,0,0,1,0,0,0,0,1,0,1.0986122886681096,5.123963979403259,0.0,0.0,6.320768294250582,6.586171654854675
1,20.0,1,292.0,0,1,1,0,0,1,0,0,0,1,0,0,0,0,0,0.0,0.0,0.0,0.0,0.0,0.0
1,33.0,1,343.0,1,1,1,0,0,1,0,0,1,1,0,0,0,0,0,0.0,0.0,0.0,0.0,0.0,0.0
1,18.0,0,1458.0,0,1,1,0,0,0,0,0,1,0,0,0,0,0,1,0.0,0.0,0.0,0.0,0.0,0.0
0,31.0,0,1745.0,1,2,0,1,0,0,0,0,1,0,0,0,0,1,0,0.0,5.159055299214529,6.016157159698354,4.634728988229636,3.784189633918261,6.590301048196686
1,25.0,0,1745.0,1,2,0,0,0,0,0,0,1,0,0,0,0,1,0,0.0,0.0,0.0,0.0,0.0,0.0
1,19.0,1,1459.0,0,1,1,0,0,0,0,1,0,0,0,0,0,0,1,0.0,0.0,0.0,0.0,0.0,0.0
1,32.0,1,1846.0,0,1,1,0,0,0,1,0,0,0,0,0,0,1,0,0.0,0.0,0.0,0.0,0.0,0.0
0,45.0,0,1746.0,1,1,1,1,0,0,0,0,1,0,0,0,0,1,0,1.0986122886681096,5.82600010738045,5.730099782973575,4.174387269895637,0.0,6.568077911411976
0,43.0,0,1460.0,0,1,1,1,0,0,0,0,1,0,0,0,0,0,1,5.41610040220442,0.0,6.436150368369428,0.0,4.143134726391533,6.813444599510896
0,21.0,0,1461.0,0,3,0,1,0,0,0,0,1,0,0,0,0,0,1,4.859812404361672,4.6913478822291435,2.1972245773362196,1.3862943611198906,6.259581464064923,6.646390514847729
0,48.0,0,1461.0,0,3,0,1,0,0,0,0,1,0,0,0,0,0,1,3.6635616461296463,0.0,3.1780538303479458,6.583409222158765,0.6931471805599453,6.665683717782408
0,0.0,1,1461.0,0,3,0,0,1,0,0,0,0,0,0,0,0,0,1,0.0,0.0,0.0,0.0,0.0,0.0
1,29.0,1,293.0,0,1,1,0,0,1,0,0,1,1,0,0,0,0,0,0.0,0.0,0.0,0.0,0.0,0.0
0,41.0,0,344.0,1,1,1,1,0,1,0,0,0,1,0,0,0,0,0,1.3862943611198906,7.186144304522325,0.0,0.0,9.424887076064874,9.526318313582811
0,23.0,0,1462.0,0,1,1,1,0,0,0,0,1,0,0,0,0,0,1,0.0,6.318968113746434,0.0,5.703782474656201,0.0,6.74993119378857
0,48.0,0,592.0,1,1,1,1,0,0,0,0,0,0,0,0,1,0,0,5.720311776607412,0.0,5.10594547390058,5.771441123130016,0.0,6.670766320845874
0,18.0,1,1747.0,1,1,1,1,0,0,0,1,0,0,0,0,0,1,0,0.0,0.0,0.0,5.971261839790462,5.648974238161206,6.51471269087253
0,30.0,1,577.0,0,2,0,1,0,0,1,0,1,0,0,0,1,0,0,6.259581464064923,0.0,0.0,0.0,3.332204510175204,6.309918278226516
0,26.0,0,286.0,0,2,0,1,0,0,1,0,1,0,0,1,0,0,0,7.168579897264035,0.0,4.143134726391533,0.0,5.8998973535824915,7.452402451223638
0,18.0,1,593.0,1,1,1,1,0,0,0,0,1,0,0,0,1,0,0,0.0,0.6931471805599453,0.0,6.428105272684596,3.091042453358316,6.46302945692067
0,27.0,1,1749.0,1,1,1,1,0,0,1,0,0,0,0,0,0,1,0,4.1588830833596715,0.0,7.58629630715272,0.0,0.0,7.617759576608505
1,58.0,1,1463.0,0,1,1,0,0,0,0,0,1,0,0,0,0,0,1,0.0,0.0,0.0,0.0,0.0,0.0
0,22.0,0,1464.0,0,1,1,1,0,0,0,0,1,0,0,0,0,0,1,0.6931471805599453,6.517671272912275,2.639057329615259,5.384495062789089,0.6931471805599453,6.812345094177479
0,17.0,0,287.0,0,1,1,1,0,0,1,0,1,0,0,1,0,0,0,8.054204897064407,0.0,4.477336814478207,4.912654885736052,0.0,8.122371243406553
0,28.0,0,1847.0,0,2,0,1,0,0,0,0,1,0,0,0,0,1,0,7.578145472419466,3.784189633918261,0.0,0.0,2.0794415416798357,7.60339933974067
0,27.0,0,1465.0,0,2,0,1,0,0,0,0,1,0,0,0,0,0,1,0.0,0.0,0.0,5.700443573390686,6.238324625039508,6.697034247666484
0,51.0,0,1455.0,1,1,1,1,0,0,0,0,1,0,0,0,0,0,1,0.0,0.0,6.536691597591305,0.0,3.4965075614664802,6.582025138892826
1,37.0,0,578.0,0,1,1,0,0,0,1,0,1,0,0,0,1,0,0,0.0,0.0,0.0,0.0,0.0,0.0
1,14.0,1,288.0,0,5,0,0,1,1,0,0,1,0,0,1,0,0,0,0.0,0.0,0.0,0.0,0.0,0.0
1,43.0,1,288.0,0,5,0,0,0,1,0,0,1,0,0,1,0,0,0,0.0,0.0,0.0,0.0,0.0,0.0
0,27.0,0,288.0,0,5,0,1,0,1,0,0,0,0,0,1,0,0,0,0.0,6.892641641172089,0.0,9.54652685348758,5.746203190540153,9.635085094816304
0,60.0,1,288.0,0,5,0,1,0,1,0,0,1,0,0,1,0,0,0,0.0,0.0,6.854354502255021,6.505784060128229,0.6931471805599453,7.388327859577107
0,33.0,0,288.0,0,5,0,1,0,1,0,0,1,0,0,1,0,0,0,0.0,7.537430036586509,0.0,7.267525427828172,2.70805020110221,8.108623268354595
0,39.0,0,1466.0,0,1,1,1,0,0,0,0,1,0,0,0,0,0,1,5.58724865840025,1.6094379124341003,0.6931471805599453,0.0,6.115892125483034,6.584791392385716
1,21.0,1,1467.0,0,1,1,0,0,0,0,1,0,0,0,0,0,0,1,0.0,0.0,0.0,0.0,0.0,0.0
0,21.0,0,1751.0,1,1,1,1,0,0,1,0,0,0,0,0,0,1,0,7.2520539518528135,1.3862943611198906,3.912023005428146,0.0,0.0,7.288244401020124
1,28.0,1,106.0,1,1,1,0,0,1,0,0,0,0,0,0,0,0,0,0.0,0.0,0.0,0.0,0.0,0.0
1,30.0,1,1470.0,0,1,1,0,0,0,0,1,0,0,0,0,0,0,1,0.0,0.0,0.0,0.0,0.0,0.0
0,42.0,1,294.0,0,1,1,1,0,1,0,0,0,1,0,0,0,0,0,0.0,8.600982717145921,0.0,6.156978985585555,4.700480365792417,8.702344075220351
1,25.0,1,1848.0,0,1,1,0,0,0,0,0,1,0,0,0,0,1,0,0.0,0.0,0.0,0.0,0.0,0.0
1,25.0,1,335.0,1,2,0,0,0,1,0,0,0,0,1,0,0,0,0,0.0,0.0,0.0,0.0,0.0,0.0
0,25.0,0,335.0,1,2,0,1,0,1,0,0,1,0,1,0,0,0,0,8.83927669058535,5.583496308781699,0.0,7.711996507047669,7.645397699428633,9.349145334853365
1,54.0,0,1471.0,0,1,1,0,0,0,0,0,1,0,0,0,0,0,1,0.0,0.0,0.0,0.0,0.0,0.0
1,41.0,1,336.0,1,1,1,0,0,1,0,0,1,0,1,0,0,0,0,0.0,0.0,0.0,0.0,0.0,0.0
0,36.0,0,1457.0,1,2,0,1,0,0,0,0,1,0,0,0,0,0,1,0.0,2.8903717578961645,5.3230099791384085,6.327936783729195,1.3862943611198906,6.664409020350408
0,33.0,0,1752.0,1,2,0,1,0,0,0,0,0,0,0,0,0,1,0,6.914730892718563,0.0,7.213768308118642,3.828641396489095,1.9459101490553132,7.789454566086673
0,36.0,0,933.5,1,2,0,1,0,1,0,0,0,0,0,0,0,1,0,4.890349128221754,8.15478757276852,0.0,8.239329427901795,0.0,8.908964972392399
1,55.0,1,296.0,0,2,0,0,0,1,0,0,1,1,0,0,0,0,0,0.0,0.0,0.0,0.0,0.0,0.0
0,16.0,0,1753.0,1,1,1,1,0,0,0,0,1,0,0,0,0,1,0,6.7650389767805414,0.0,0.0,5.220355825078325,0.0,6.957497370876951
0,28.0,0,1853.0,0,1,1,1,0,0,0,0,1,0,0,0,0,1,0,0.0,2.1972245773362196,5.82600010738045,4.912654885736052,5.968707559985366,6.77078942390898
0,26.0,0,276.0,1,1,1,1,0,0,1,0,1,0,0,1,0,0,0,6.78897174299217,1.9459101490553132,2.772588722239781,5.003946305945459,0.0,6.963189985870238
0,42.0,0,1754.0,1,1,1,1,0,0,0,0,1,0,0,0,0,1,0,6.704414354964107,2.995732273553991,1.0986122886681096,2.4849066497880004,2.8903717578961645,6.762729506931879
0,30.0,0,1756.0,1,1,1,1,0,0,0,1,0,0,0,0,0,1,0,7.146772179452637,2.302585092994046,0.0,0.0,0.0,7.153833801578843
0,31.0,0,337.0,1,1,1,1,0,1,0,0,1,0,1,0,0,0,0,6.968850378341948,7.381501894506707,0.0,7.908019444632471,7.423568444259167,8.862200330487287
1,22.0,1,297.0,0,5,0,0,0,1,0,0,1,1,0,0,0,0,0,0.0,0.0,0.0,0.0,0.0,0.0
1,26.0,1,297.0,0,5,0,0,0,1,0,0,0,1,0,0,0,0,0,0.0,0.0,0.0,0.0,0.0,0.0
1,25.0,1,933.5,1,5,0,0,0,1,0,0,0,0,0,0,0,1,0,0.0,0.0,0.0,0.0,0.0,0.0
0,44.0,1,297.0,0,5,0,1,0,1,0,0,1,1,0,0,0,0,0,0.0,8.369620826949102,0.0,6.343880434126331,2.0794415416798357,8.494743062578646
0,29.0,0,297.0,0,5,0,1,0,1,0,0,0,1,0,0,0,0,0,0.0,9.438590860658538,0.0,1.3862943611198906,8.52872642722991,9.777016888482178
0,22.0,0,1855.0,0,1,1,1,0,0,0,0,0,0,0,0,0,1,0,0.0,0.0,6.9782137426306985,3.8501476017100584,1.3862943611198906,7.022868086082641
1,23.0,1,1758.0,1,3,0,0,0,0,1,0,1,0,0,0,0,1,0,0.0,0.0,0.0,0.0,0.0,0.0
0,30.0,0,1758.0,1,3,0,1,0,0,1,0,1,0,0,0,0,1,0,5.081404364984463,0.0,6.579251212010101,5.093750200806762,0.0,6.948897222313312
0,23.0,0,1758.0,1,3,0,1,0,0,1,0,1,0,0,0,0,1,0,6.1224928095143865,2.3978952727983707,6.3835066348840055,5.4510384535657,0.0,7.161622002939187
0,13.0,0,107.0,1,2,0,1,1,1,0,0,1,0,0,0,0,0,0,3.2188758248682006,6.732210706467206,6.975413927455952,7.227662498728655,5.204006687076795,8.157370441186774
1,53.0,1,347.0,1,2,0,0,0,1,0,0,0,1,0,0,0,0,0,0.0,0.0,0.0,0.0,0.0,0.0
1,0.0,1,1460.0,1,6,0,0,1,0,0,0,1,0,0,0,0,0,1,0.0,0.0,0.0,0.0,0.0,0.0
0,27.0,0,1460.0,1,6,0,1,0,0,0,1,0,0,0,0,0,0,1,0.0,6.150602768446279,0.0,4.0943445622221,5.736572297479192,6.729824070489475
1,27.0,0,1460.0,1,6,0,0,0,0,0,0,1,0,0,0,0,0,1,0.0,0.0,0.0,0.0,0.0,0.0
1,10.0,1,1460.0,1,6,0,0,1,0,0,0,0,0,0,0,0,0,1,0.0,0.0,0.0,0.0,0.0,0.0
1,2.0,1,1460.0,1,6,0,0,1,0,0,0,1,0,0,0,0,0,1,0.0,0.0,0.0,0.0,0.0,0.0
0,5.0,1,1460.0,1,6,0,0,1,0,0,0,0,0,0,0,0,0,1,0.0,0.0,0.0,0.0,0.0,0.0
0,24.0,0,580.0,0,1,1,1,0,0,0,0,1,0,0,0,1,0,0,0.0,2.3978952727983707,6.6320017773956295,0.0,3.044522437723423,6.670766320845874
0,32.0,0,1461.0,1,1,1,0,0,0,0,0,1,0,0,0,0,0,1,0.0,0.0,0.0,0.0,0.0,0.0
0,22.0,1,1856.0,0,2,0,1,0,0,0,0,0,0,0,0,0,1,0,3.1780538303479458,4.61512051684126,7.21081845347222,0.0,0.0,7.29776828253138
1,22.0,0,1475.0,0,2,0,0,0,0,0,1,0,0,0,0,0,0,1,0.0,0.0,0.0,0.0,0.0,0.0
0,44.0,0,594.0,1,1,1,1,0,0,0,1,0,0,0,0,1,0,0,0.0,1.0986122886681096,0.0,0.0,7.350516171833998,7.351799869057777
0,55.0,1,595.0,1,1,1,1,0,0,0,0,1,0,0,0,1,0,0,0.6931471805599453,0.0,4.07753744390572,0.0,6.688354713946762,6.759255270663693
0,22.0,0,1857.0,0,1,1,1,0,0,0,0,1,0,0,0,0,1,0,3.5553480614894135,0.0,0.0,6.568077911411976,0.0,6.61472560020376
0,8.0,0,1476.0,0,8,0,0,1,0,0,0,1,0,0,0,0,0,1,0.0,0.0,0.0,0.0,0.0,0.0
0,15.0,0,1858.0,0,8,0,1,0,0,0,0,0,0,0,0,0,1,0,0.0,0.0,0.0,5.342334251964811,6.626717749249025,6.870053411798126
1,1.0,0,933.5,1,8,0,0,1,0,0,0,1,0,0,0,0,1,0,0.0,0.0,0.0,0.0,0.0,0.0
0,9.0,1,1476.0,0,8,0,0,1,0,0,0,1,0,0,0,0,0,1,0.0,0.0,0.0,0.0,0.0,0.0
0,48.0,1,1858.0,0,8,0,1,0,0,0,0,1,0,0,0,0,1,0,0.0,6.375024819828097,6.665683717782408,1.6094379124341003,3.091042453358316,7.241366283322318
0,16.0,0,1858.0,0,8,0,1,0,0,0,1,0,0,0,0,0,1,0,0.0,0.0,6.635946555686647,0.0,0.0,6.635946555686647
1,27.0,1,1476.0,0,8,0,0,0,0,0,0,1,0,0,0,0,0,1,0.0,0.0,0.0,0.0,0.0,0.0
1,3.0,1,1476.0,0,8,0,0,1,0,0,1,0,0,0,0,0,0,1,0.0,0.0,0.0,0.0,0.0,0.0
0,25.0,0,582.0,0,1,1,1,0,0,0,0,1,0,0,0,1,0,0,7.138073034044347,0.0,3.1354942159291497,2.995732273553991,0.0,7.170119543449628
0,70.0,0,95.0,0,3,0,1,0,1,0,0,0,0,0,0,0,0,0,0.0,7.656337166430183,0.0,7.587310506022615,3.9512437185814275,8.327726166461412
0,30.0,0,95.0,0,3,0,1,0,1,0,0,0,0,0,0,0,0,0,2.4849066497880004,6.206575926724928,0.0,7.6255950721324535,7.632885505395133,8.438149984075785
1,57.0,1,95.0,0,3,0,0,0,1,0,0,1,0,0,0,0,0,0,0.0,0.0,0.0,0.0,0.0,0.0
0,42.0,0,1463.0,1,1,1,1,0,0,0,0,1,0,0,0,0,0,1,6.7650389767805414,0.0,2.833213344056216,0.0,0.0,6.78332520060396
1,14.0,0,1465.0,1,2,0,0,1,0,0,1,0,0,0,0,0,0,1,0.0,0.0,0.0,0.0,0.0,0.0
0,43.0,1,1465.0,1,2,0,1,0,0,0,0,1,0,0,0,0,0,1,0.0,6.558197802812269,0.0,1.0986122886681096,0.0,6.561030665896573
1,34.0,1,1863.0,0,1,1,0,0,0,1,0,1,0,0,0,0,1,0,0.0,0.0,0.0,0.0,0.0,0.0
0,21.0,1,1864.0,0,1,1,1,0,0,0,0,1,0,0,0,0,1,0,2.1972245773362196,6.680854678790215,0.0,0.0,0.0,6.690842277418564
0,32.0,0,597.0,1,1,1,1,0,0,0,0,1,0,0,0,1,0,0,0.0,6.16541785423142,3.9512437185814275,6.089044875446846,6.466144724237619,7.3833681469923835
0,21.0,0,1865.0,0,1,1,1,0,0,0,0,1,0,0,0,0,1,0,0.0,0.0,6.208590026096629,6.066108090103747,0.0,6.831953565565855
0,25.0,0,1479.0,0,1,1,1,0,0,0,0,1,0,0,0,0,0,1,8.132412674500905,7.803843303538772,3.367295829986474,5.560681631015528,5.288267030694535,8.754002933494261
1,25.0,1,302.0,0,1,1,0,0,1,0,0,0,0,1,0,0,0,0,0.0,0.0,0.0,0.0,0.0,0.0
0,38.0,0,1761.0,1,1,1,1,0,0,0,0,1,0,0,0,0,1,0,7.459914766241105,0.0,4.820281565605037,1.791759469228055,4.7535901911063645,7.590852123688581
1,36.0,0,1467.0,1,1,1,0,0,0,0,0,1,0,0,0,0,0,1,0.0,0.0,0.0,0.0,0.0,0.0
1,44.0,1,1468.0,1,2,0,0,0,0,0,0,1,0,0,0,0,0,1,0.0,0.0,0.0,0.0,0.0,0.0
0,37.0,0,1468.0,1,2,0,1,0,0,0,0,1,0,0,0,0,0,1,2.772588722239781,2.0794415416798357,0.0,6.668228248417403,0.0,6.695798917058491
0,47.0,0,1866.0,0,1,1,1,0,0,0,0,1,0,0,0,0,1,0,0.0,0.0,2.833213344056216,1.3862943611198906,6.75110146893676,6.773080375655535
0,38.0,0,598.0,1,1,1,1,0,0,1,0,1,0,0,0,1,0,0,7.2991214627108,0.0,6.448889394146858,0.0,0.0,7.6544432264701125
0,28.0,0,290.0,0,1,1,0,0,0,1,0,1,0,0,1,0,0,0,0.0,0.0,0.0,0.0,0.0,0.0
1,38.0,1,348.0,1,1,1,0,0,1,0,0,0,1,0,0,0,0,0,0.0,0.0,0.0,0.0,0.0,0.0
0,53.0,0,1867.0,0,1,1,1,0,0,0,1,0,0,0,0,0,1,0,7.103322062526113,0.0,0.0,0.0,0.0,7.103322062526113
0,26.0,1,1868.0,0,1,1,1,0,0,0,0,1,0,0,0,0,1,0,0.0,0.0,0.0,0.6931471805599453,3.8918202981106265,3.912023005428146
0,13.0,1,585.0,0,2,0,1,1,0,0,0,0,0,0,0,1,0,0,0.0,7.31455283232408,3.1780538303479458,1.791759469228055,5.099866427824199,7.4342573821331355
0,64.0,1,1482.0,0,2,0,1,0,0,0,0,1,0,0,0,0,0,1,3.6375861597263857,7.368970402194793,5.459585514144159,0.0,2.9444389791664403,7.536363938404511
1,16.0,0,1483.0,0,1,1,0,0,0,0,0,1,0,0,0,0,0,1,0.0,0.0,0.0,0.0,0.0,0.0
0,13.0,0,1763.0,1,1,1,1,1,0,0,0,1,0,0,0,0,1,0,4.624972813284271,2.5649493574615367,5.220355825078325,6.660575149839686,0.0,6.982862751468942
1,55.0,0,1469.0,1,1,1,0,0,0,0,0,0,0,0,0,0,0,1,0.0,0.0,0.0,0.0,0.0,0.0
0,26.0,0,599.0,1,1,1,1,0,0,1,0,1,0,0,0,1,0,0,6.598509028614515,0.0,7.167809184316444,4.394449154672439,0.0,7.6544432264701125
1,23.0,1,586.0,0,2,0,0,0,0,1,0,1,0,0,0,1,0,0,0.0,0.0,0.0,0.0,0.0,0.0
1,55.0,1,586.0,0,2,0,0,0,0,1,0,1,0,0,0,1,0,0,0.0,0.0,0.0,0.0,0.0,0.0
1,50.0,1,600.0,1,1,1,0,0,0,1,0,1,0,0,0,1,0,0,0.0,0.0,0.0,0.0,0.0,0.0
0,26.0,0,1470.0,1,1,1,1,0,0,0,1,0,0,0,0,0,0,1,0.0,6.620073206530356,3.044522437723423,0.0,0.0,6.646390514847729
0,36.0,0,1870.0,0,2,0,1,0,0,0,0,1,0,0,0,0,1,0,6.678342114654332,5.918893854273146,0.0,5.43372200355424,0.6931471805599453,7.240649694255466
1,33.0,0,1484.0,0,2,0,0,0,0,0,1,0,0,0,0,0,0,1,0.0,0.0,0.0,0.0,0.0,0.0
0,21.0,0,1485.0,0,1,1,1,0,0,0,0,1,0,0,0,0,0,1,0.0,0.6931471805599453,0.0,6.695798917058491,0.0,6.697034247666484
1,41.0,1,1765.0,1,1,1,0,0,0,1,0,1,0,0,0,0,1,0,0.0,0.0,0.0,0.0,0.0,0.0
0,33.0,0,303.0,0,2,0,1,0,1,0,0,0,0,1,0,0,0,0,0.0,7.581719640125308,0.0,5.424950017481403,6.982862751468942,8.09101504171053
1,23.0,1,303.0,0,2,0,0,0,1,0,0,1,0,1,0,0,0,0,0.0,0.0,0.0,0.0,0.0,0.0
0,31.0,0,291.0,0,2,0,1,0,0,1,0,1,0,0,1,0,0,0,7.853993087224244,0.6931471805599453,1.0986122886681096,0.0,0.0,7.8551570058813445
0,28.0,0,1871.0,0,2,0,1,0,0,1,0,1,0,0,0,0,1,0,7.489970898834801,2.833213344056216,1.3862943611198906,2.3978952727983707,0.6931471805599453,7.506591780070841
0,13.0,0,601.0,1,1,1,1,1,0,0,0,1,0,0,0,1,0,0,6.3818160174060985,0.0,3.4965075614664802,5.8971538676367405,0.0,6.893656354602635
0,27.0,0,1471.0,1,1,1,1,0,0,0,0,1,0,0,0,0,0,1,1.9459101490553132,0.0,0.0,6.68586094706836,1.3862943611198906,6.697034247666484
0,35.0,0,1872.0,0,1,1,1,0,0,1,0,1,0,0,0,0,1,0,1.3862943611198906,7.227662498728655,2.4849066497880004,0.0,5.8888779583328805,7.467942332285852
0,25.0,0,1766.0,1,1,1,1,0,0,1,0,1,0,0,0,0,1,0,6.018593214496234,3.4965075614664802,2.70805020110221,7.122866658599083,2.3978952727983707,7.441906728051625
1,19.0,1,1488.0,0,1,1,0,0,0,0,1,0,0,0,0,0,0,1,0.0,0.0,0.0,0.0,0.0,0.0
1,56.0,1,349.0,1,1,1,0,0,1,0,0,1,1,0,0,0,0,0,0.0,0.0,0.0,0.0,0.0,0.0
0,18.0,0,1873.0,0,1,1,1,0,0,0,0,1,0,0,0,0,1,0,4.430816798843313,5.111987788356544,0.6931471805599453,0.0,7.602401335665818,7.719573989259581
0,22.0,0,1768.0,1,1,1,1,0,0,0,0,1,0,0,0,0,1,0,0.6931471805599453,6.555356891810665,0.0,0.0,0.0,6.556778356158042
1,34.0,0,1489.0,0,1,1,0,0,0,0,0,1,0,0,0,0,0,1,0.0,0.0,0.0,0.0,0.0,0.0
0,11.0,0,1473.0,1,1,1,0,1,0,0,0,1,0,0,0,0,0,1,0.0,0.0,0.0,0.0,0.0,0.0
1,37.0,1,350.0,1,2,0,0,0,1,0,0,0,1,0,0,0,0,0,0.0,0.0,0.0,0.0,0.0,0.0
0,22.0,0,350.0,1,2,0,1,0,1,0,0,0,1,0,0,0,0,0,0.0,3.6109179126442243,0.6931471805599453,8.232706009860976,8.416709652837914,9.026417533815254
0,45.0,0,1474.0,1,1,1,1,0,0,0,0,1,0,0,0,0,0,1,0.6931471805599453,0.0,6.459904454377535,2.302585092994046,5.087596335232384,6.697034247666484
1,19.0,1,1769.0,1,1,1,0,0,0,1,0,1,0,0,0,0,1,0,0.0,0.0,0.0,0.0,0.0,0.0
1,39.0,1,1491.0,0,1,1,0,0,0,0,0,1,0,0,0,0,0,1,0.0,0.0,0.0,0.0,0.0,0.0
1,28.0,1,351.0,1,1,1,0,0,1,0,0,1,1,0,0,0,0,0,0.0,0.0,0.0,0.0,0.0,0.0
0,36.0,0,1476.0,1,7,0,1,0,0,0,0,1,0,0,0,0,0,1,0.0,5.641907070938114,0.0,0.0,6.450470422144176,6.81783057145415
1,1.0,1,1476.0,1,7,0,0,1,0,0,1,0,0,0,0,0,0,1,0.0,0.0,0.0,0.0,0.0,0.0
0,10.0,1,1476.0,1,7,0,0,1,0,0,1,0,0,0,0,0,0,1,0.0,0.0,0.0,0.0,0.0,0.0
0,12.0,1,1476.0,1,7,0,0,1,0,0,0,0,0,0,0,0,0,1,0.0,0.0,0.0,0.0,0.0,0.0
0,31.0,0,1476.0,1,7,0,1,0,0,0,0,1,0,0,0,0,0,1,0.0,6.259581464064923,0.0,4.007333185232471,5.808142489980444,6.812345094177479
0,12.0,0,1476.0,1,7,0,0,1,0,0,0,1,0,0,0,0,0,1,0.0,0.0,0.0,0.0,0.0,0.0
1,3.0,1,1476.0,1,7,0,0,1,0,0,0,1,0,0,0,0,0,1,0.0,0.0,0.0,0.0,0.0,0.0
1,30.0,1,298.0,0,1,1,0,0,1,0,0,0,1,0,0,0,0,0,0.0,0.0,0.0,0.0,0.0,0.0
0,41.0,1,1875.0,0,1,1,1,0,0,0,0,1,0,0,0,0,1,0,5.135798437050262,0.0,6.248042874508429,0.0,3.970291913552122,6.6039438246004725
0,19.0,0,1770.0,1,1,1,1,0,0,0,0,1,0,0,0,0,1,0,6.46302945692067,0.0,0.0,3.6635616461296463,2.5649493574615367,6.53813982376767
1,38.0,0,1493.0,0,2,0,0,0,0,0,0,0,0,0,0,0,0,1,0.0,0.0,0.0,0.0,0.0,0.0
1,36.0,1,1493.0,0,2,0,0,0,0,0,0,1,0,0,0,0,0,1,0.0,0.0,0.0,0.0,0.0,0.0
1,0.0,1,1477.0,1,1,1,0,1,0,0,0,1,0,0,0,0,0,1,0.0,0.0,0.0,0.0,0.0,0.0
0,20.0,0,602.0,1,1,1,1,0,0,1,0,1,0,0,0,1,0,0,6.354370040797351,0.6931471805599453,6.675823221634848,2.4849066497880004,0.0,7.229113877793302
0,23.0,0,1771.0,1,1,1,1,0,0,0,0,1,0,0,0,0,1,0,2.302585092994046,1.0986122886681096,0.6931471805599453,0.0,6.590301048196686,6.606650186198215
0,35.0,0,1772.0,1,1,1,1,0,0,0,0,1,0,0,0,0,1,0,0.0,0.0,0.0,6.529418838262226,0.0,6.529418838262226
0,36.0,0,338.0,1,2,0,1,0,1,0,0,0,0,1,0,0,0,0,3.1780538303479458,9.600624158088683,0.0,7.05617528410041,8.964439833539357,10.07638988741359
1,41.0,1,338.0,1,2,0,0,0,1,0,0,1,0,1,0,0,0,0,0.0,0.0,0.0,0.0,0.0,0.0
0,38.0,1,295.0,0,1,1,1,0,0,1,0,1,0,0,1,0,0,0,3.8918202981106265,7.7488913372555315,1.791759469228055,2.4849066497880004,0.0,7.776115477098742
0,33.0,0,587.0,0,1,1,1,0,0,0,0,1,0,0,0,1,0,0,6.966967138613983,6.0014148779611505,0.6931471805599453,0.0,4.983606621708336,7.383989457978509
0,54.0,0,1478.0,1,1,1,1,0,0,0,0,1,0,0,0,0,0,1,6.586171654854675,3.258096538021482,4.276666119016055,0.0,6.961296045910167,7.536363938404511
0,33.0,0,1876.0,0,1,1,1,0,0,0,1,0,0,0,0,0,1,0,0.0,6.535241271013659,1.0986122886681096,0.0,6.056784013228625,7.018401799069201
0,54.0,1,1479.0,1,1,1,1,0,0,0,1,0,0,0,0,0,0,1,4.189654742026425,6.508769136971682,0.0,5.181783550292085,0.0,6.816735880594968
0,32.0,1,299.0,0,1,1,1,0,1,0,0,0,1,0,0,0,0,0,0.0,9.217713126305595,0.0,5.1298987149230735,5.823045895483019,9.266626182986775
0,24.0,1,1773.0,1,1,1,1,0,0,0,0,1,0,0,0,0,1,0,0.0,6.2878585601617845,0.0,1.791759469228055,5.288267030694535,6.606650186198215
0,53.0,0,1877.0,0,1,1,1,0,0,0,0,1,0,0,0,0,1,0,3.912023005428146,6.371611847231857,0.0,0.0,4.2626798770413155,6.556778356158042
1,26.0,1,1494.0,0,4,0,0,0,0,0,0,1,0,0,0,0,0,1,0.0,0.0,0.0,0.0,0.0,0.0
0,31.0,0,1494.0,0,4,0,1,0,0,0,0,1,0,0,0,0,0,1,6.131226489483141,5.272999558563747,0.0,1.791759469228055,4.836281906951478,6.664409020350408
1,18.0,0,1494.0,0,4,0,0,0,0,0,1,0,0,0,0,0,0,1,0.0,0.0,0.0,0.0,0.0,0.0
1,39.0,1,1494.0,0,4,0,0,0,0,0,0,1,0,0,0,0,0,1,0.0,0.0,0.0,0.0,0.0,0.0
0,37.0,0,1774.0,1,1,1,1,0,0,1,0,1,0,0,0,0,1,0,5.003946305945459,0.0,6.529418838262226,7.277247726631484,4.48863636973214,7.769378609513984
0,35.0,1,1775.0,1,1,1,1,0,0,0,0,1,0,0,0,0,1,0,5.602118820879701,1.6094379124341003,6.118097198041348,2.0794415416798357,0.0,6.5998704992128365
0,34.0,0,307.0,0,1,1,1,0,1,0,0,0,0,1,0,0,0,0,0.0,1.791759469228055,2.4849066497880004,4.143134726391533,8.666474894131992,8.679822114864455
0,28.0,0,1480.0,1,1,1,1,0,0,0,0,1,0,0,0,0,0,1,0.0,2.0794415416798357,1.9459101490553132,0.0,6.180016653652572,6.206575926724928
0,43.0,1,588.0,0,1,1,1,0,0,0,0,1,0,0,0,1,0,0,6.54965074223381,4.553876891600541,0.0,0.0,0.0,6.675823221634848
1,2.0,1,1878.0,0,1,1,0,1,0,1,0,1,0,0,0,0,1,0,0.0,0.0,0.0,0.0,0.0,0.0
0,24.0,0,1481.0,1,1,1,1,0,0,0,0,1,0,0,0,0,0,1,0.0,0.0,6.694562058521095,0.0,1.0986122886681096,6.697034247666484
0,18.0,0,1777.0,1,1,1,1,0,0,0,1,0,0,0,0,0,1,0,4.477336814478207,3.7376696182833684,6.182084906716632,0.0,0.0,6.416732282512326
0,21.0,1,1778.0,1,1,1,1,0,0,0,0,1,0,0,0,0,1,0,6.688354713946762,0.0,0.6931471805599453,0.6931471805599453,0.0,6.690842277418564
0,24.0,1,1880.0,0,1,1,1,0,0,0,1,0,0,0,0,0,1,0,0.0,6.396929655216146,0.0,0.0,0.0,6.396929655216146
0,35.0,0,1483.0,1,1,1,0,0,0,0,1,0,0,0,0,0,0,1,0.0,0.0,0.0,0.0,0.0,0.0
0,53.0,0,603.0,1,2,0,1,0,1,0,0,0,0,0,0,1,0,0,0.0,8.29853954537488,0.0,2.639057329615259,8.054522609537294,8.878776071707552
0,32.0,0,603.0,1,2,0,1,0,1,0,0,1,0,0,0,1,0,0,6.911747300251674,6.813444599510896,0.0,0.0,2.772588722239781,7.564238475170491
1,44.0,1,1779.0,1,2,0,0,0,0,1,0,1,0,0,0,0,1,0,0.0,0.0,0.0,0.0,0.0,0.0
1,33.0,1,1779.0,1,2,0,0,0,0,1,0,1,0,0,0,0,1,0,0.0,0.0,0.0,0.0,0.0,0.0
0,40.0,1,339.0,1,3,0,1,0,1,0,0,1,0,1,0,0,0,0,0.0,7.423568444259167,0.0,5.598421958998375,1.6094379124341003,7.5745584842024805
0,31.0,1,339.0,1,3,0,1,0,1,0,0,1,0,1,0,0,0,0,0.6931471805599453,4.653960350157523,7.199678345691172,6.54965074223381,4.844187086458591,7.7266536648476425
0,23.0,0,339.0,1,3,0,1,0,1,0,0,1,0,1,0,0,0,0,5.945420608606575,6.678342114654332,3.970291913552122,6.484635235635252,7.183870715062453,8.070593539949519
0,44.0,1,308.0,0,4,0,0,0,1,0,0,0,0,1,0,0,0,0,0.0,0.0,0.0,0.0,0.0,0.0
0,41.0,0,308.0,0,4,0,1,0,1,0,0,1,0,1,0,0,0,0,0.0,8.98281222234415,0.0,8.08301991917133,8.672486075822272,9.743436164387901
0,31.0,1,308.0,0,4,0,1,0,1,0,0,1,0,1,0,0,0,0,0.0,8.441391477999955,2.1972245773362196,6.424869023905388,0.0,8.567696173589344
0,30.0,0,308.0,0,4,0,1,0,1,0,0,0,0,1,0,0,0,0,7.358830898342354,0.0,0.0,0.0,7.720017940432244,8.248529124800218
1,33.0,1,590.0,0,1,1,0,0,1,0,0,0,0,0,0,1,0,0,0.0,0.0,0.0,0.0,0.0,0.0
0,30.0,1,1484.0,1,1,1,1,0,0,0,1,0,0,0,0,0,0,1,0.0,6.705639094860003,0.0,0.0,0.0,6.705639094860003
0,26.0,0,309.0,0,1,1,1,0,1,0,0,1,0,1,0,0,0,0,9.058004710672485,4.356708826689592,4.74493212836325,3.4011973816621555,1.6094379124341003,9.08375621986673
1,22.0,1,1780.0,1,1,1,0,0,0,1,0,0,0,0,0,0,1,0,0.0,0.0,0.0,0.0,0.0,0.0
1,37.0,1,300.0,0,3,0,0,0,1,0,0,0,1,0,0,0,0,0,0.0,0.0,0.0,0.0,0.0,0.0
1,15.0,1,300.0,0,3,0,0,0,1,0,0,1,1,0,0,0,0,0,0.0,0.0,0.0,0.0,0.0,0.0
1,52.0,1,300.0,0,3,0,0,0,1,0,0,1,1,0,0,0,0,0,0.0,0.0,0.0,0.0,0.0,0.0
1,35.0,1,1485.0,1,2,0,0,0,0,0,0,1,0,0,0,0,0,1,0.0,0.0,0.0,0.0,0.0,0.0
0,40.0,0,1782.0,1,2,0,1,0,0,0,0,1,0,0,0,0,1,0,6.630683385642372,3.713572066704308,1.6094379124341003,1.0986122886681096,0.0,6.6895992691789665
0,60.0,0,1486.0,1,1,1,1,0,0,0,0,1,0,0,0,0,0,1,0.0,2.1972245773362196,0.0,5.8888779583328805,4.31748811353631,6.093569770045136
0,24.0,1,1884.0,0,1,1,1,0,0,0,0,1,0,0,0,0,1,0,0.0,4.51085950651685,0.0,6.679599185844383,0.0,6.786716950605081
0,31.0,1,604.0,1,1,1,1,0,0,0,0,0,0,0,0,1,0,0,2.772588722239781,6.522092798170152,4.499809670330265,1.9459101490553132,0.0,6.672032945461067
1,43.0,1,353.0,1,1,1,0,0,1,0,0,0,1,0,0,0,0,0,0.0,0.0,0.0,0.0,0.0,0.0
0,9.0,0,1487.0,1,2,0,0,1,0,0,0,0,0,0,0,0,0,1,0.0,0.0,0.0,0.0,0.0,0.0
0,51.0,1,1783.0,1,2,0,1,0,0,0,0,1,0,0,0,0,1,0,1.9459101490553132,0.0,0.0,0.0,7.060476365999801,7.065613363597717
0,25.0,0,1496.0,0,3,0,1,0,0,0,0,1,0,0,0,0,0,1,1.0986122886681096,3.828641396489095,3.828641396489095,0.0,6.704414354964107,6.811244378601294
1,20.0,1,1496.0,0,3,0,0,0,0,0,0,1,0,0,0,0,0,1,0.0,0.0,0.0,0.0,0.0,0.0
0,22.0,1,1886.0,0,3,0,1,0,0,0,1,0,0,0,0,0,1,0,6.436150368369428,0.0,0.0,0.0,3.9889840465642745,6.517671272912275
1,21.0,0,1497.0,0,1,1,0,0,0,0,0,1,0,0,0,0,0,1,0.0,0.0,0.0,0.0,0.0,0.0
1,50.0,1,1784.0,1,1,1,0,0,0,1,0,1,0,0,0,0,1,0,0.0,0.0,0.0,0.0,0.0,0.0
0,24.0,0,1786.0,1,1,1,1,0,0,1,0,1,0,0,0,0,1,0,6.61472560020376,6.461468176353717,6.885509670034818,1.6094379124341003,0.0,7.768956044538332
0,45.0,0,1787.0,1,1,1,1,0,0,0,0,1,0,0,0,0,1,0,0.6931471805599453,5.288267030694535,0.0,6.493753839851687,2.772588722239781,6.773080375655535
0,22.0,0,1788.0,1,1,1,1,0,0,0,0,1,0,0,0,0,1,0,6.517671272912275,0.0,2.639057329615259,0.0,2.5649493574615367,6.553933404025811
1,7.0,0,1498.0,0,5,0,0,1,0,0,0,1,0,0,0,0,0,1,0.0,0.0,0.0,0.0,0.0,0.0
1,11.0,1,1498.0,0,5,0,0,1,0,0,1,0,0,0,0,0,0,1,0.0,0.0,0.0,0.0,0.0,0.0
1,1.0,1,1498.0,0,5,0,0,1,0,0,1,0,0,0,0,0,0,1,0.0,0.0,0.0,0.0,0.0,0.0
1,0.0,1,1498.0,0,5,0,0,1,0,0,0,1,0,0,0,0,0,1,0.0,0.0,0.0,0.0,0.0,0.0
0,8.0,0,1498.0,0,5,0,0,1,0,0,0,1,0,0,0,0,0,1,0.0,0.0,0.0,0.0,0.0,0.0
0,36.0,1,342.0,1,1,1,1,0,1,0,0,1,0,1,0,0,0,0,0.0,8.630700432209832,6.573680166960646,7.9617188159813645,6.879355804460439,9.225721474014485
1,2.0,1,1888.0,0,3,0,0,1,0,1,0,0,0,0,0,0,1,0,0.0,0.0,0.0,0.0,0.0,0.0
0,0.0,1,1888.0,0,3,0,0,1,0,1,0,1,0,0,0,0,1,0,0.0,0.0,0.0,0.0,0.0,0.0
0,22.0,0,592.0,0,3,0,0,0,0,1,0,1,0,0,0,1,0,0,0.0,0.0,0.0,0.0,0.0,0.0
0,41.0,1,933.5,1,1,1,1,0,0,0,0,1,0,0,0,0,1,0,1.3862943611198906,0.0,6.505784060128229,0.0,0.0,6.51025834052315
0,49.0,0,1500.0,0,1,1,1,0,0,0,0,1,0,0,0,0,0,1,1.9459101490553132,0.6931471805599453,6.459904454377535,7.010311867307229,3.1780538303479458,7.4821189235521155
0,30.0,1,1789.0,1,1,1,1,0,0,0,0,1,0,0,0,0,1,0,2.1972245773362196,6.6240652277998935,0.0,0.0,6.5337888379333435,7.277938572945661
1,37.0,0,1488.0,1,1,1,0,0,0,0,0,1,0,0,0,0,0,1,0.0,0.0,0.0,0.0,0.0,0.0
0,14.0,0,593.0,0,1,1,1,1,0,1,0,1,0,0,0,1,0,0,1.0986122886681096,0.0,6.823286122355687,4.859812404361672,0.0,6.955592608396297
0,30.0,0,595.0,0,1,1,1,0,0,1,0,1,0,0,0,1,0,0,6.551080335043404,0.0,6.398594934535208,0.0,0.0,7.170119543449628
0,62.0,1,1891.0,0,1,1,1,0,0,0,0,1,0,0,0,0,1,0,4.634728988229636,6.546785410760524,0.0,0.0,0.0,6.683360945766275
1,13.0,1,1489.0,1,1,1,0,1,0,0,1,0,0,0,0,0,0,1,0.0,0.0,0.0,0.0,0.0,0.0
0,32.0,1,1490.0,1,1,1,0,0,0,0,0,1,0,0,0,0,0,1,0.0,0.0,0.0,0.0,0.0,0.0
1,33.0,0,1491.0,1,1,1,0,0,0,0,0,1,0,0,0,0,0,1,0.0,0.0,0.0,0.0,0.0,0.0
0,38.0,1,1792.0,1,1,1,1,0,0,0,0,0,0,0,0,0,1,0,3.367295829986474,7.097548850614793,6.881411303642535,5.337538079701318,0.0,7.790282380703483
0,29.0,1,597.0,0,1,1,1,0,1,0,0,1,0,0,0,1,0,0,0.0,7.997326822998097,0.0,3.367295829986474,5.241747015059643,8.067462667010057
1,25.0,1,1793.0,1,1,1,0,0,0,1,0,1,0,0,0,0,1,0,0.0,0.0,0.0,0.0,0.0,0.0
0,26.0,1,301.0,0,2,0,1,0,1,0,0,0,1,0,0,0,0,0,0.0,9.007121989469242,5.327876168789581,0.0,6.0844994130751715,9.082961442646353
1,19.0,1,301.0,0,2,0,0,0,1,0,0,0,1,0,0,0,0,0,0.0,0.0,0.0,0.0,0.0,0.0
1,16.0,1,1493.0,1,1,1,0,0,0,0,1,0,0,0,0,0,0,1,0.0,0.0,0.0,0.0,0.0,0.0
1,61.0,0,1502.0,0,1,1,0,0,0,0,1,0,0,0,0,0,0,1,0.0,0.0,0.0,0.0,0.0,0.0
1,28.0,1,1494.0,1,1,1,0,0,0,0,0,1,0,0,0,0,0,1,0.0,0.0,0.0,0.0,0.0,0.0
0,13.0,0,1892.0,0,1,1,1,1,0,0,0,1,0,0,0,0,1,0,3.6888794541139363,0.0,6.990256500493881,3.2188758248682006,0.0,7.046647277848756
0,44.0,1,1893.0,0,1,1,1,0,0,0,0,1,0,0,0,0,1,0,6.93828448401696,6.923628628138427,0.0,2.4849066497880004,0.0,7.6290038896529575
1,22.0,0,1504.0,0,1,1,0,0,0,0,1,0,0,0,0,0,0,1,0.0,0.0,0.0,0.0,0.0,0.0
1,30.0,1,606.0,1,1,1,0,0,1,0,0,0,0,0,0,1,0,0,0.0,0.0,0.0,0.0,0.0,0.0
1,21.0,1,607.0,1,2,0,0,0,1,0,0,1,0,0,0,1,0,0,0.0,0.0,0.0,0.0,0.0,0.0
1,20.0,1,607.0,1,2,0,0,0,1,0,0,1,0,0,0,1,0,0,0.0,0.0,0.0,0.0,0.0,0.0
1,31.0,1,1505.0,0,1,1,0,0,0,0,0,1,0,0,0,0,0,1,0.0,0.0,0.0,0.0,0.0,0.0
1,33.0,1,1497.0,1,1,1,0,0,0,0,0,0,0,0,0,0,0,1,0.0,0.0,0.0,0.0,0.0,0.0
0,26.0,1,1507.0,0,2,0,1,0,0,0,0,1,0,0,0,0,0,1,5.484796933490655,5.493061443340548,6.236369590203704,0.0,0.0,6.900730664045173
0,21.0,0,1894.0,0,2,0,1,0,0,0,0,1,0,0,0,0,1,0,4.465908118654584,1.3862943611198906,5.0106352940962555,5.342334251964811,5.799092654460526,6.654152520183219
1,23.0,1,1508.0,0,1,1,0,0,0,0,0,1,0,0,0,0,0,1,0.0,0.0,0.0,0.0,0.0,0.0
0,0.0,1,97.0,0,3,0,0,1,1,0,0,1,0,0,0,0,0,0,0.0,0.0,0.0,0.0,0.0,0.0
0,32.0,0,97.0,0,3,0,1,0,1,0,0,1,0,0,0,0,0,0,0.6931471805599453,7.044905117129371,0.0,3.9318256327243257,3.5553480614894135,7.116394144093465
0,30.0,1,97.0,0,3,0,1,0,1,0,0,1,0,0,0,0,0,0,0.0,8.073714641109857,0.0,1.0986122886681096,5.802118375377063,8.172164452111904
0,41.0,0,98.0,0,1,1,1,0,1,0,0,0,0,0,0,0,0,0,0.0,8.827614750837508,0.0,7.404887575616125,4.31748811353631,9.052164937010307
1,18.0,0,1499.0,1,1,1,0,0,0,0,1,0,0,0,0,0,0,1,0.0,0.0,0.0,0.0,0.0,0.0
0,26.0,1,1500.0,1,1,1,1,0,0,0,0,1,0,0,0,0,0,1,0.0,0.0,7.5352967024440884,0.6931471805599453,0.0,7.535830462798367
0,32.0,0,608.0,1,2,0,1,0,1,0,0,0,0,0,0,1,0,0,0.0,6.956545443151569,0.0,5.869296913133774,8.082093278178382,8.442038517815478
0,44.0,1,608.0,1,2,0,1,0,1,0,0,1,0,0,0,1,0,0,4.844187086458591,8.452974619089586,0.0,0.0,2.5649493574615367,8.481980435660493
